ticket_id,category,priority,status,department,assigned_agent,created_date,resolved_date,resolution_hours,sla_breached,is_weekend
TKT-00001,Printer,Low,Closed,Finance,Priya Singh,2024-09-18 04:28:13,2024-09-19 07:28:13,27.0,No,No
TKT-00002,Hardware,Medium,Resolved,HR,Priya Singh,2024-04-24 20:11:52,2024-04-26 09:11:52,37.0,No,No
TKT-00003,Email,Low,Closed,Operations,Neha Gupta,2024-11-04 16:51:50,2024-11-06 06:51:50,38.0,No,No
TKT-00004,Hardware,High,Resolved,IT,Rohit Verma,2023-04-22 02:24:50,2023-04-22 10:24:50,8.0,No,Yes
TKT-00005,Hardware,Low,Resolved,Legal,Rohit Verma,2024-04-22 03:21:40,2024-04-25 18:21:40,87.0,Yes,No
TKT-00006,Printer,Medium,Resolved,IT,Amit Sharma,2023-06-03 07:50:45,2023-06-04 06:50:45,23.0,No,Yes
TKT-00007,Network,Medium,Closed,HR,Anjali Mehta,2024-11-24 09:41:42,2024-11-26 15:41:42,54.0,Yes,Yes
TKT-00008,Software,High,Resolved,IT,Anjali Mehta,2024-10-31 19:05:03,2024-11-01 08:05:03,13.0,No,No
TKT-00009,Software,Medium,Closed,Marketing,Anjali Mehta,2024-10-07 21:41:54,2024-10-09 16:41:54,43.0,No,No
TKT-00010,Email,High,Resolved,IT,Rohit Verma,2023-03-12 16:15:25,2023-03-13 15:15:25,23.0,No,Yes
TKT-00011,Hardware,Low,Resolved,Sales,Neha Gupta,2024-05-03 13:53:01,2024-05-05 09:53:01,44.0,No,No
TKT-00012,Printer,Medium,Closed,IT,Anjali Mehta,2023-06-06 04:49:21,2023-06-06 18:49:21,14.0,No,No
TKT-00013,Software,High,Closed,Marketing,Suresh Kumar,2023-06-04 21:06:45,2023-06-05 11:06:45,14.0,No,Yes
TKT-00014,Software,Critical,Resolved,IT,Amit Sharma,2024-06-07 21:45:01,2024-06-08 00:45:01,3.0,No,No
TKT-00015,Printer,Low,Closed,Operations,Amit Sharma,2024-10-28 04:22:19,2024-10-30 15:22:19,59.0,No,No
TKT-00016,Email,Low,Closed,HR,Anjali Mehta,2023-01-07 08:39:28,2023-01-08 08:39:28,24.0,No,Yes
TKT-00017,Network,High,Resolved,Sales,Neha Gupta,2023-02-13 12:56:16,2023-02-13 14:56:16,2.0,No,No
TKT-00018,Email,High,Closed,HR,Vikram Joshi,2024-07-27 13:05:12,2024-07-28 17:05:12,28.0,Yes,Yes
TKT-00019,Email,Low,Resolved,Finance,Suresh Kumar,2023-04-24 16:20:46,2023-04-27 21:20:46,77.0,Yes,No
TKT-00020,Access/Login,Low,In Progress,Legal,Vikram Joshi,2023-02-06 23:43:04,,,,No
TKT-00021,Email,Critical,Resolved,IT,Vikram Joshi,2023-02-23 20:20:18,2023-02-23 23:20:18,3.0,No,No
TKT-00022,Software,Medium,In Progress,Finance,Rohit Verma,2023-09-14 10:35:12,,,,No
TKT-00023,Software,Critical,Closed,Marketing,Priya Singh,2024-07-20 01:50:34,2024-07-20 07:50:34,6.0,Yes,Yes
TKT-00024,Access/Login,High,Resolved,Finance,Priya Singh,2024-10-08 17:31:54,2024-10-08 19:31:54,2.0,No,No
TKT-00025,Email,Low,Resolved,HR,Anjali Mehta,2024-12-25 05:13:58,2024-12-28 23:13:58,90.0,Yes,No
TKT-00026,Hardware,High,Resolved,Finance,Rohit Verma,2023-03-01 04:02:28,2023-03-01 23:02:28,19.0,No,No
TKT-00027,Printer,Critical,Closed,IT,Priya Singh,2023-12-06 07:40:00,2023-12-06 11:40:00,4.0,No,No
TKT-00028,Hardware,Low,Resolved,IT,Neha Gupta,2024-09-03 02:24:32,2024-09-05 23:24:32,69.0,No,No
TKT-00029,Printer,Medium,Closed,HR,Neha Gupta,2023-05-24 03:46:09,2023-05-26 11:46:09,56.0,Yes,No
TKT-00030,Software,Low,Closed,Finance,Neha Gupta,2024-01-26 01:33:12,2024-01-27 10:33:12,33.0,No,No
TKT-00031,Hardware,Medium,Open,Operations,Amit Sharma,2023-08-21 16:40:44,,,,No
TKT-00032,Hardware,Critical,Open,Finance,Neha Gupta,2024-01-15 07:33:52,,,,No
TKT-00033,Hardware,Low,Resolved,IT,Rohit Verma,2023-02-07 08:53:41,2023-02-10 04:53:41,68.0,No,No
TKT-00034,Printer,High,Resolved,Sales,Priya Singh,2023-05-18 02:27:16,2023-05-19 03:27:16,25.0,Yes,No
TKT-00035,Hardware,High,Resolved,Operations,Neha Gupta,2024-08-17 10:39:49,2024-08-18 04:39:49,18.0,No,Yes
TKT-00036,Hardware,Critical,Resolved,Finance,Amit Sharma,2024-01-06 01:42:35,2024-01-06 05:42:35,4.0,No,Yes
TKT-00037,Access/Login,Low,Open,Finance,Suresh Kumar,2023-04-02 08:15:06,,,,Yes
TKT-00038,Access/Login,Medium,Closed,Sales,Rohit Verma,2024-02-05 17:35:46,2024-02-07 16:35:46,47.0,No,No
TKT-00039,Software,Low,Resolved,Marketing,Rohit Verma,2024-04-08 05:27:19,2024-04-11 01:27:19,68.0,No,No
TKT-00040,Hardware,Medium,In Progress,HR,Amit Sharma,2023-07-15 17:11:20,,,,Yes
TKT-00041,Software,Critical,Open,Finance,Rohit Verma,2023-04-08 16:07:13,,,,Yes
TKT-00042,Printer,Medium,In Progress,Legal,Anjali Mehta,2024-08-12 05:00:33,,,,No
TKT-00043,Network,Critical,Resolved,Finance,Rohit Verma,2023-02-02 22:15:39,2023-02-03 07:15:39,9.0,Yes,No
TKT-00044,Software,Low,Closed,Marketing,Rohit Verma,2023-05-20 02:29:08,2023-05-21 14:29:08,36.0,No,Yes
TKT-00045,Email,Medium,In Progress,Legal,Amit Sharma,2023-12-31 05:42:19,,,,Yes
TKT-00046,Hardware,Low,Closed,Marketing,Rohit Verma,2023-12-30 10:58:47,2023-12-31 16:58:47,30.0,No,Yes
TKT-00047,Printer,Medium,Resolved,HR,Anjali Mehta,2023-03-26 01:48:09,2023-03-27 16:48:09,39.0,No,Yes
TKT-00048,Email,Medium,Resolved,HR,Rohit Verma,2024-04-17 14:31:21,2024-04-19 21:31:21,55.0,Yes,No
TKT-00049,Network,Low,Resolved,HR,Rohit Verma,2024-06-14 10:17:05,2024-06-17 19:17:05,81.0,Yes,No
TKT-00050,Printer,Low,In Progress,Legal,Priya Singh,2024-11-01 09:42:23,,,,No
TKT-00051,Printer,Critical,Closed,IT,Vikram Joshi,2024-08-14 21:17:44,2024-08-14 23:17:44,2.0,No,No
TKT-00052,Access/Login,High,Open,Finance,Priya Singh,2023-04-06 06:50:30,,,,No
TKT-00053,Software,Low,Resolved,Sales,Rohit Verma,2023-01-11 15:26:05,2023-01-12 09:26:05,18.0,No,No
TKT-00054,Printer,Medium,Closed,Legal,Suresh Kumar,2024-11-20 16:27:19,2024-11-20 22:27:19,6.0,No,No
TKT-00055,Software,Medium,In Progress,HR,Amit Sharma,2023-09-03 23:13:39,,,,Yes
TKT-00056,Access/Login,Medium,Closed,IT,Suresh Kumar,2023-06-04 11:48:02,2023-06-05 08:48:02,21.0,No,Yes
TKT-00057,Hardware,Medium,Open,Marketing,Anjali Mehta,2024-10-07 20:02:44,,,,No
TKT-00058,Printer,Critical,Closed,Marketing,Vikram Joshi,2024-10-22 19:32:12,2024-10-23 00:32:12,5.0,Yes,No
TKT-00059,Email,Medium,Resolved,IT,Anjali Mehta,2024-12-22 06:02:53,2024-12-23 22:02:53,40.0,No,Yes
TKT-00060,Access/Login,Medium,Resolved,Marketing,Priya Singh,2024-11-24 19:38:44,2024-11-26 12:38:44,41.0,No,Yes
TKT-00061,Email,High,Resolved,Finance,Neha Gupta,2024-04-19 23:34:46,2024-04-20 21:34:46,22.0,No,No
TKT-00062,Access/Login,Medium,Closed,Operations,Neha Gupta,2023-09-13 10:44:19,2023-09-15 09:44:19,47.0,No,No
TKT-00063,Email,Medium,Closed,HR,Vikram Joshi,2023-10-23 19:48:24,2023-10-25 19:48:24,48.0,No,No
TKT-00064,Software,Low,Resolved,IT,Suresh Kumar,2024-11-11 08:23:40,2024-11-12 03:23:40,19.0,No,No
TKT-00065,Software,High,Resolved,IT,Priya Singh,2024-06-04 14:14:03,2024-06-05 14:14:03,24.0,No,No
TKT-00066,Hardware,High,Resolved,Legal,Anjali Mehta,2024-07-02 20:30:57,2024-07-02 23:30:57,3.0,No,No
TKT-00067,Software,Critical,Resolved,Finance,Vikram Joshi,2024-06-13 03:34:28,2024-06-13 12:34:28,9.0,Yes,No
TKT-00068,Email,Medium,Closed,IT,Suresh Kumar,2023-08-27 07:36:26,2023-08-28 15:36:26,32.0,No,Yes
TKT-00069,Access/Login,High,Closed,IT,Neha Gupta,2024-05-23 08:07:53,2024-05-23 17:07:53,9.0,No,No
TKT-00070,Email,Medium,Resolved,IT,Amit Sharma,2024-12-02 02:23:20,2024-12-02 22:23:20,20.0,No,No
TKT-00071,Network,High,Resolved,Finance,Priya Singh,2023-03-18 08:28:44,2023-03-18 14:28:44,6.0,No,Yes
TKT-00072,Hardware,Medium,Resolved,IT,Neha Gupta,2024-12-29 12:35:31,2024-12-30 06:35:31,18.0,No,Yes
TKT-00073,Access/Login,Critical,Closed,Marketing,Amit Sharma,2024-01-24 03:41:47,2024-01-24 04:41:47,1.0,No,No
TKT-00074,Network,Low,Resolved,Legal,Neha Gupta,2023-06-28 16:28:43,2023-07-01 22:28:43,78.0,Yes,No
TKT-00075,Email,High,Resolved,Sales,Neha Gupta,2024-05-09 12:08:13,2024-05-10 02:08:13,14.0,No,No
TKT-00076,Printer,Medium,Resolved,Finance,Vikram Joshi,2024-06-30 01:42:25,2024-06-30 14:42:25,13.0,No,Yes
TKT-00077,Hardware,Critical,Closed,Marketing,Amit Sharma,2024-04-28 05:54:49,2024-04-28 08:54:49,3.0,No,Yes
TKT-00078,Access/Login,Low,Resolved,Sales,Priya Singh,2024-07-06 21:17:57,2024-07-09 17:17:57,68.0,No,Yes
TKT-00079,Network,High,Open,Sales,Vikram Joshi,2024-05-12 16:34:17,,,,Yes
TKT-00080,Hardware,Critical,Resolved,Marketing,Amit Sharma,2023-02-20 17:26:58,2023-02-20 21:26:58,4.0,No,No
TKT-00081,Software,High,Closed,Finance,Priya Singh,2023-04-23 19:07:01,2023-04-24 00:07:01,5.0,No,Yes
TKT-00082,Software,Medium,Resolved,Sales,Priya Singh,2024-04-29 11:23:23,2024-05-01 06:23:23,43.0,No,No
TKT-00083,Software,Critical,Resolved,HR,Rohit Verma,2024-04-22 05:45:28,2024-04-22 12:45:28,7.0,Yes,No
TKT-00084,Printer,Low,Closed,Legal,Anjali Mehta,2023-04-13 15:17:19,2023-04-15 08:17:19,41.0,No,No
TKT-00085,Printer,Medium,Resolved,Operations,Vikram Joshi,2024-05-10 19:52:04,2024-05-11 22:52:04,27.0,No,No
TKT-00086,Printer,Medium,Closed,Sales,Amit Sharma,2023-07-17 02:47:16,2023-07-19 11:47:16,57.0,Yes,No
TKT-00087,Access/Login,Critical,Closed,Legal,Neha Gupta,2023-06-01 12:13:56,2023-06-01 21:13:56,9.0,Yes,No
TKT-00088,Printer,Low,Open,Operations,Vikram Joshi,2023-09-25 17:01:16,,,,No
TKT-00089,Network,Medium,Resolved,HR,Rohit Verma,2024-11-08 11:34:23,2024-11-09 07:34:23,20.0,No,No
TKT-00090,Email,Medium,Resolved,HR,Neha Gupta,2023-08-31 12:08:03,2023-09-01 04:08:03,16.0,No,No
TKT-00091,Network,High,Resolved,Operations,Anjali Mehta,2023-09-09 22:52:08,2023-09-10 00:52:08,2.0,No,Yes
TKT-00092,Software,Low,Closed,IT,Suresh Kumar,2024-08-16 22:55:10,2024-08-18 14:55:10,40.0,No,No
TKT-00093,Access/Login,High,Resolved,Finance,Neha Gupta,2024-05-05 15:55:54,2024-05-06 14:55:54,23.0,No,Yes
TKT-00094,Network,Medium,Closed,IT,Anjali Mehta,2023-06-17 03:49:45,2023-06-18 05:49:45,26.0,No,Yes
TKT-00095,Network,Medium,Resolved,Marketing,Priya Singh,2024-01-21 02:08:28,2024-01-21 14:08:28,12.0,No,Yes
TKT-00096,Printer,Low,Resolved,IT,Rohit Verma,2024-08-03 02:51:38,2024-08-06 15:51:38,85.0,Yes,Yes
TKT-00097,Network,Critical,Open,Sales,Priya Singh,2023-11-07 11:08:05,,,,No
TKT-00098,Printer,Medium,Resolved,HR,Suresh Kumar,2024-08-29 19:01:25,2024-08-31 20:01:25,49.0,Yes,No
TKT-00099,Hardware,High,Closed,IT,Neha Gupta,2023-03-03 05:57:13,2023-03-03 12:57:13,7.0,No,No
TKT-00100,Network,Critical,Resolved,Legal,Amit Sharma,2024-01-07 12:00:32,2024-01-07 22:00:32,10.0,Yes,Yes
TKT-00101,Printer,Medium,Resolved,Legal,Suresh Kumar,2024-11-26 16:48:46,2024-11-27 02:48:46,10.0,No,No
TKT-00102,Email,High,Closed,Legal,Suresh Kumar,2023-12-27 16:08:42,2023-12-28 10:08:42,18.0,No,No
TKT-00103,Access/Login,Critical,Resolved,Operations,Neha Gupta,2024-09-06 09:59:08,2024-09-06 10:59:08,1.0,No,No
TKT-00104,Email,Critical,Resolved,Legal,Priya Singh,2024-05-04 23:16:04,2024-05-05 01:16:04,2.0,No,Yes
TKT-00105,Software,Low,Closed,Finance,Amit Sharma,2023-01-22 18:10:21,2023-01-25 08:10:21,62.0,No,Yes
TKT-00106,Access/Login,Low,Resolved,Marketing,Rohit Verma,2024-02-27 01:19:53,2024-02-29 21:19:53,68.0,No,No
TKT-00107,Network,High,Closed,Marketing,Vikram Joshi,2024-07-11 00:30:00,2024-07-11 05:30:00,5.0,No,No
TKT-00108,Software,Medium,In Progress,Legal,Priya Singh,2024-03-07 22:59:37,,,,No
TKT-00109,Email,High,Closed,Sales,Neha Gupta,2023-09-24 05:06:35,2023-09-25 05:06:35,24.0,No,Yes
TKT-00110,Printer,Medium,Resolved,Operations,Neha Gupta,2023-10-03 21:59:42,2023-10-04 07:59:42,10.0,No,No
TKT-00111,Access/Login,High,Closed,HR,Amit Sharma,2024-03-15 19:43:24,2024-03-16 23:43:24,28.0,Yes,No
TKT-00112,Email,Critical,In Progress,Marketing,Vikram Joshi,2024-03-29 18:41:11,,,,No
TKT-00113,Access/Login,Medium,Resolved,Sales,Priya Singh,2023-04-11 04:27:13,2023-04-12 12:27:13,32.0,No,No
TKT-00114,Hardware,Medium,Resolved,Sales,Anjali Mehta,2023-09-13 20:07:13,2023-09-16 07:07:13,59.0,Yes,No
TKT-00115,Access/Login,Medium,Resolved,IT,Vikram Joshi,2023-02-15 02:03:44,2023-02-15 09:03:44,7.0,No,No
TKT-00116,Network,Low,Resolved,Legal,Neha Gupta,2024-12-10 07:20:40,2024-12-13 10:20:40,75.0,Yes,No
TKT-00117,Access/Login,Medium,Resolved,Sales,Suresh Kumar,2023-10-04 21:21:35,2023-10-06 18:21:35,45.0,No,No
TKT-00118,Software,Low,Resolved,Sales,Neha Gupta,2023-06-11 13:46:29,2023-06-14 13:46:29,72.0,No,Yes
TKT-00119,Software,High,Resolved,HR,Suresh Kumar,2023-07-26 06:54:50,2023-07-26 15:54:50,9.0,No,No
TKT-00120,Access/Login,Critical,Closed,Finance,Neha Gupta,2024-01-06 06:35:50,2024-01-06 11:35:50,5.0,Yes,Yes
TKT-00121,Access/Login,High,In Progress,Finance,Neha Gupta,2024-11-24 21:10:18,,,,Yes
TKT-00122,Email,Medium,Open,Legal,Amit Sharma,2024-12-06 09:31:57,,,,No
TKT-00123,Network,Critical,Closed,Legal,Amit Sharma,2024-08-19 16:20:11,2024-08-20 02:20:11,10.0,Yes,No
TKT-00124,Email,Critical,Resolved,Finance,Neha Gupta,2024-11-23 08:48:21,2024-11-23 14:48:21,6.0,Yes,Yes
TKT-00125,Email,High,Resolved,Sales,Vikram Joshi,2024-07-18 21:44:04,2024-07-19 06:44:04,9.0,No,No
TKT-00126,Access/Login,Low,Closed,HR,Rohit Verma,2024-10-06 05:48:57,2024-10-09 03:48:57,70.0,No,Yes
TKT-00127,Access/Login,Critical,Closed,Marketing,Priya Singh,2024-01-30 01:24:28,2024-01-30 10:24:28,9.0,Yes,No
TKT-00128,Email,Medium,Resolved,Legal,Neha Gupta,2024-06-16 18:14:15,2024-06-18 08:14:15,38.0,No,Yes
TKT-00129,Printer,Low,Open,Finance,Amit Sharma,2024-05-08 18:51:43,,,,No
TKT-00130,Email,Medium,Closed,Legal,Rohit Verma,2023-08-22 15:17:23,2023-08-23 20:17:23,29.0,No,No
TKT-00131,Email,Low,Resolved,Marketing,Anjali Mehta,2024-05-11 16:56:14,2024-05-13 14:56:14,46.0,No,Yes
TKT-00132,Access/Login,Critical,Closed,Marketing,Vikram Joshi,2023-03-17 02:29:48,2023-03-17 07:29:48,5.0,Yes,No
TKT-00133,Hardware,Low,Closed,Sales,Rohit Verma,2024-04-18 13:55:24,2024-04-20 22:55:24,57.0,No,No
TKT-00134,Email,Medium,Closed,Finance,Priya Singh,2024-01-27 09:24:20,2024-01-27 19:24:20,10.0,No,Yes
TKT-00135,Email,Medium,Resolved,Operations,Priya Singh,2024-02-02 04:30:15,2024-02-03 14:30:15,34.0,No,No
TKT-00136,Access/Login,Low,Resolved,Legal,Neha Gupta,2023-04-27 16:16:10,2023-04-29 14:16:10,46.0,No,No
TKT-00137,Hardware,Medium,Resolved,Operations,Rohit Verma,2023-04-05 05:29:58,2023-04-07 06:29:58,49.0,Yes,No
TKT-00138,Network,Low,Resolved,IT,Amit Sharma,2024-07-01 05:58:06,2024-07-02 21:58:06,40.0,No,No
TKT-00139,Email,Low,Closed,HR,Vikram Joshi,2024-12-16 09:18:23,2024-12-18 21:18:23,60.0,No,No
TKT-00140,Printer,High,In Progress,Operations,Anjali Mehta,2024-10-27 15:33:02,,,,Yes
TKT-00141,Software,Medium,Resolved,Marketing,Priya Singh,2024-08-28 22:55:11,2024-08-29 19:55:11,21.0,No,No
TKT-00142,Printer,Low,Closed,HR,Rohit Verma,2023-10-10 17:10:21,2023-10-13 11:10:21,66.0,No,No
TKT-00143,Printer,Low,In Progress,Sales,Anjali Mehta,2023-08-31 08:21:49,,,,No
TKT-00144,Email,High,Resolved,Operations,Rohit Verma,2023-02-10 05:55:22,2023-02-11 09:55:22,28.0,Yes,No
TKT-00145,Network,High,Resolved,HR,Neha Gupta,2024-09-04 06:03:16,2024-09-05 08:03:16,26.0,Yes,No
TKT-00146,Printer,High,In Progress,Legal,Vikram Joshi,2023-04-16 11:54:22,,,,Yes
TKT-00147,Hardware,Low,Resolved,Sales,Anjali Mehta,2024-04-02 02:48:53,2024-04-03 21:48:53,43.0,No,No
TKT-00148,Hardware,Medium,Resolved,Operations,Suresh Kumar,2023-09-21 23:44:34,2023-09-23 19:44:34,44.0,No,No
TKT-00149,Printer,High,In Progress,Sales,Anjali Mehta,2023-08-10 11:13:34,,,,No
TKT-00150,Hardware,Medium,Resolved,HR,Priya Singh,2024-02-27 15:28:34,2024-02-28 04:28:34,13.0,No,No
TKT-00151,Network,Medium,Closed,Operations,Neha Gupta,2024-07-07 11:24:11,2024-07-09 15:24:11,52.0,Yes,Yes
TKT-00152,Access/Login,Medium,Open,Operations,Neha Gupta,2024-01-06 02:50:52,,,,Yes
TKT-00153,Software,Medium,In Progress,Legal,Rohit Verma,2023-07-01 18:41:19,,,,Yes
TKT-00154,Printer,Medium,Resolved,Finance,Amit Sharma,2023-08-23 06:05:54,2023-08-23 16:05:54,10.0,No,No
TKT-00155,Printer,Medium,In Progress,HR,Vikram Joshi,2024-08-18 20:22:51,,,,Yes
TKT-00156,Software,Low,Closed,Finance,Suresh Kumar,2023-07-20 03:28:09,2023-07-21 16:28:09,37.0,No,No
TKT-00157,Network,High,Closed,Operations,Amit Sharma,2024-01-15 23:14:18,2024-01-16 05:14:18,6.0,No,No
TKT-00158,Email,Low,Resolved,Marketing,Vikram Joshi,2023-05-09 18:10:39,2023-05-10 07:10:39,13.0,No,No
TKT-00159,Software,Medium,Resolved,Sales,Amit Sharma,2023-02-28 20:53:15,2023-03-03 00:53:15,52.0,Yes,No
TKT-00160,Hardware,High,Resolved,Legal,Rohit Verma,2023-01-24 12:50:17,2023-01-24 17:50:17,5.0,No,No
TKT-00161,Email,Low,Closed,Marketing,Vikram Joshi,2023-03-22 02:53:28,2023-03-25 06:53:28,76.0,Yes,No
TKT-00162,Hardware,Critical,Open,IT,Anjali Mehta,2023-11-14 10:46:35,,,,No
TKT-00163,Hardware,High,Resolved,Finance,Amit Sharma,2024-06-04 13:32:21,2024-06-05 10:32:21,21.0,No,No
TKT-00164,Email,High,Resolved,Operations,Suresh Kumar,2024-08-13 12:24:05,2024-08-14 06:24:05,18.0,No,No
TKT-00165,Access/Login,Low,Closed,Legal,Anjali Mehta,2023-04-08 12:05:33,2023-04-11 20:05:33,80.0,Yes,Yes
TKT-00166,Access/Login,Medium,Resolved,Sales,Vikram Joshi,2024-08-30 08:29:54,2024-08-31 14:29:54,30.0,No,No
TKT-00167,Network,Medium,Closed,Sales,Priya Singh,2023-05-31 07:40:54,2023-05-31 16:40:54,9.0,No,No
TKT-00168,Hardware,Medium,Closed,Sales,Vikram Joshi,2024-01-07 10:34:45,2024-01-09 02:34:45,40.0,No,Yes
TKT-00169,Email,Medium,Closed,IT,Rohit Verma,2023-05-18 00:02:35,2023-05-20 12:02:35,60.0,Yes,No
TKT-00170,Network,Medium,Resolved,Operations,Suresh Kumar,2024-04-16 18:50:42,2024-04-17 08:50:42,14.0,No,No
TKT-00171,Software,High,Resolved,Operations,Rohit Verma,2023-10-06 10:03:12,2023-10-06 20:03:12,10.0,No,No
TKT-00172,Software,High,Open,Legal,Vikram Joshi,2023-05-24 14:49:51,,,,No
TKT-00173,Hardware,Medium,Closed,Marketing,Rohit Verma,2024-04-16 13:05:16,2024-04-17 05:05:16,16.0,No,No
TKT-00174,Network,Medium,Resolved,Finance,Suresh Kumar,2023-02-16 22:05:17,2023-02-17 07:05:17,9.0,No,No
TKT-00175,Hardware,High,Resolved,IT,Neha Gupta,2024-01-23 20:55:07,2024-01-24 09:55:07,13.0,No,No
TKT-00176,Printer,Medium,In Progress,Operations,Amit Sharma,2024-03-12 18:04:31,,,,No
TKT-00177,Hardware,Medium,Resolved,Marketing,Neha Gupta,2024-03-13 22:43:41,2024-03-15 17:43:41,43.0,No,No
TKT-00178,Network,Low,Closed,Sales,Neha Gupta,2023-08-24 07:25:36,2023-08-25 07:25:36,24.0,No,No
TKT-00179,Access/Login,Medium,Resolved,Finance,Neha Gupta,2024-12-28 21:37:34,2024-12-29 05:37:34,8.0,No,Yes
TKT-00180,Network,Critical,Closed,Legal,Rohit Verma,2023-03-04 23:20:49,2023-03-05 00:20:49,1.0,No,Yes
TKT-00181,Access/Login,High,Resolved,IT,Suresh Kumar,2023-02-05 04:47:36,2023-02-05 23:47:36,19.0,No,Yes
TKT-00182,Hardware,Medium,Closed,IT,Amit Sharma,2023-05-18 15:32:59,2023-05-19 00:32:59,9.0,No,No
TKT-00183,Email,Medium,Resolved,Marketing,Neha Gupta,2024-09-02 06:24:12,2024-09-02 18:24:12,12.0,No,No
TKT-00184,Network,Low,In Progress,IT,Vikram Joshi,2023-08-04 03:22:12,,,,No
TKT-00185,Software,Medium,Resolved,HR,Neha Gupta,2024-01-25 05:54:16,2024-01-27 09:54:16,52.0,Yes,No
TKT-00186,Network,High,Resolved,Marketing,Amit Sharma,2024-11-22 13:58:41,2024-11-22 21:58:41,8.0,No,No
TKT-00187,Network,High,Open,Legal,Priya Singh,2024-05-27 17:28:06,,,,No
TKT-00188,Software,Low,Resolved,Legal,Anjali Mehta,2024-11-25 19:24:11,2024-11-26 14:24:11,19.0,No,No
TKT-00189,Access/Login,High,Closed,IT,Anjali Mehta,2023-01-27 23:47:30,2023-01-28 21:47:30,22.0,No,No
TKT-00190,Network,High,Closed,Finance,Neha Gupta,2024-02-29 20:27:33,2024-03-01 12:27:33,16.0,No,No
TKT-00191,Network,Medium,Resolved,HR,Rohit Verma,2023-02-08 09:20:29,2023-02-09 18:20:29,33.0,No,No
TKT-00192,Network,High,Resolved,Legal,Vikram Joshi,2023-09-10 02:10:20,2023-09-10 23:10:20,21.0,No,Yes
TKT-00193,Access/Login,Medium,Closed,Legal,Anjali Mehta,2023-06-15 01:38:11,2023-06-16 10:38:11,33.0,No,No
TKT-00194,Printer,Low,Closed,Operations,Priya Singh,2023-05-14 05:11:49,2023-05-14 22:11:49,17.0,No,Yes
TKT-00195,Printer,Low,Closed,HR,Priya Singh,2024-09-19 14:59:23,2024-09-22 08:59:23,66.0,No,No
TKT-00196,Email,Low,Resolved,Sales,Neha Gupta,2023-12-16 15:59:37,2023-12-19 05:59:37,62.0,No,Yes
TKT-00197,Hardware,High,Closed,HR,Rohit Verma,2024-01-16 23:52:57,2024-01-17 22:52:57,23.0,No,No
TKT-00198,Network,Low,Open,Operations,Vikram Joshi,2023-09-03 02:18:12,,,,Yes
TKT-00199,Printer,Low,Resolved,Marketing,Anjali Mehta,2024-08-20 16:21:59,2024-08-23 04:21:59,60.0,No,No
TKT-00200,Network,Medium,Closed,Sales,Vikram Joshi,2024-09-23 04:39:36,2024-09-25 03:39:36,47.0,No,No
TKT-00201,Hardware,Medium,Resolved,Sales,Amit Sharma,2023-09-18 21:28:55,2023-09-19 21:28:55,24.0,No,No
TKT-00202,Network,Critical,Resolved,Finance,Priya Singh,2024-08-09 18:42:10,2024-08-09 20:42:10,2.0,No,No
TKT-00203,Email,High,Open,Operations,Amit Sharma,2024-07-12 19:13:47,,,,No
TKT-00204,Email,Medium,Resolved,Legal,Anjali Mehta,2024-04-10 21:47:28,2024-04-13 05:47:28,56.0,Yes,No
TKT-00205,Printer,Medium,Resolved,Marketing,Anjali Mehta,2024-07-08 23:05:24,2024-07-10 08:05:24,33.0,No,No
TKT-00206,Printer,High,Resolved,Finance,Rohit Verma,2024-06-05 17:56:17,2024-06-06 01:56:17,8.0,No,No
TKT-00207,Printer,Critical,In Progress,IT,Vikram Joshi,2024-07-20 22:53:29,,,,Yes
TKT-00208,Email,Medium,Resolved,Finance,Vikram Joshi,2024-04-27 23:41:38,2024-04-28 12:41:38,13.0,No,Yes
TKT-00209,Hardware,Medium,Open,Operations,Amit Sharma,2023-02-04 01:07:33,,,,Yes
TKT-00210,Hardware,High,Resolved,Operations,Priya Singh,2023-08-05 01:02:39,2023-08-05 10:02:39,9.0,No,Yes
TKT-00211,Network,Critical,Resolved,IT,Suresh Kumar,2024-04-15 14:40:21,2024-04-15 16:40:21,2.0,No,No
TKT-00212,Network,Low,Resolved,HR,Vikram Joshi,2023-03-04 10:23:26,2023-03-06 14:23:26,52.0,No,Yes
TKT-00213,Hardware,Low,Open,Marketing,Vikram Joshi,2024-11-11 07:28:29,,,,No
TKT-00214,Access/Login,Medium,In Progress,HR,Rohit Verma,2024-12-18 01:02:25,,,,No
TKT-00215,Printer,Medium,Resolved,Legal,Rohit Verma,2023-01-06 05:12:45,2023-01-07 05:12:45,24.0,No,No
TKT-00216,Software,Medium,Closed,IT,Amit Sharma,2023-09-22 11:53:17,2023-09-24 21:53:17,58.0,Yes,No
TKT-00217,Email,Medium,Closed,Operations,Priya Singh,2024-12-16 06:35:41,2024-12-17 05:35:41,23.0,No,No
TKT-00218,Email,Medium,Closed,Finance,Anjali Mehta,2024-11-12 23:53:41,2024-11-14 13:53:41,38.0,No,No
TKT-00219,Email,Medium,Closed,Operations,Suresh Kumar,2024-10-03 01:26:25,2024-10-04 06:26:25,29.0,No,No
TKT-00220,Hardware,Medium,In Progress,Sales,Anjali Mehta,2024-06-02 05:38:35,,,,Yes
TKT-00221,Network,Low,Closed,HR,Vikram Joshi,2024-08-15 03:35:56,2024-08-18 15:35:56,84.0,Yes,No
TKT-00222,Software,Low,Closed,Legal,Anjali Mehta,2023-03-04 21:21:37,2023-03-06 05:21:37,32.0,No,Yes
TKT-00223,Printer,Medium,Resolved,Finance,Amit Sharma,2024-09-05 03:18:42,2024-09-05 10:18:42,7.0,No,No
TKT-00224,Hardware,High,Open,Sales,Rohit Verma,2024-04-12 03:04:29,,,,No
TKT-00225,Access/Login,Low,Closed,Finance,Rohit Verma,2023-08-11 20:11:51,2023-08-14 03:11:51,55.0,No,No
TKT-00226,Printer,Medium,Resolved,Sales,Neha Gupta,2023-05-22 19:29:07,2023-05-24 23:29:07,52.0,Yes,No
TKT-00227,Network,Critical,Resolved,IT,Rohit Verma,2023-09-07 22:37:05,2023-09-08 00:37:05,2.0,No,No
TKT-00228,Printer,Medium,Resolved,Legal,Priya Singh,2023-07-17 03:26:10,2023-07-18 02:26:10,23.0,No,No
TKT-00229,Hardware,Medium,Resolved,IT,Suresh Kumar,2024-05-03 04:56:21,2024-05-03 19:56:21,15.0,No,No
TKT-00230,Network,Medium,Closed,Sales,Suresh Kumar,2024-12-16 17:57:11,2024-12-17 15:57:11,22.0,No,No
TKT-00231,Hardware,Medium,Resolved,Operations,Vikram Joshi,2023-03-04 04:57:32,2023-03-04 10:57:32,6.0,No,Yes
TKT-00232,Printer,High,Resolved,HR,Priya Singh,2024-09-02 11:43:33,2024-09-03 01:43:33,14.0,No,No
TKT-00233,Hardware,Medium,Closed,Sales,Rohit Verma,2023-03-03 08:32:10,2023-03-05 13:32:10,53.0,Yes,No
TKT-00234,Software,Medium,Resolved,Marketing,Rohit Verma,2024-10-15 20:41:21,2024-10-16 08:41:21,12.0,No,No
TKT-00235,Access/Login,Medium,In Progress,HR,Rohit Verma,2024-10-12 01:32:22,,,,Yes
TKT-00236,Email,Low,In Progress,IT,Priya Singh,2024-12-20 07:19:20,,,,No
TKT-00237,Access/Login,Low,Closed,HR,Vikram Joshi,2024-09-11 23:51:20,2024-09-14 01:51:20,50.0,No,No
TKT-00238,Email,Medium,Open,Legal,Priya Singh,2024-04-05 22:48:30,,,,No
TKT-00239,Software,Low,Resolved,Finance,Priya Singh,2024-02-29 12:26:59,2024-03-03 13:26:59,73.0,Yes,No
TKT-00240,Email,Medium,Open,Operations,Priya Singh,2023-02-11 20:33:45,,,,Yes
TKT-00241,Access/Login,Critical,Closed,Operations,Neha Gupta,2024-10-19 06:35:44,2024-10-19 08:35:44,2.0,No,Yes
TKT-00242,Software,Critical,Closed,IT,Neha Gupta,2023-11-30 22:38:29,2023-12-01 07:38:29,9.0,Yes,No
TKT-00243,Printer,Medium,Closed,Finance,Neha Gupta,2023-08-26 18:50:38,2023-08-29 06:50:38,60.0,Yes,Yes
TKT-00244,Email,Low,Resolved,Sales,Anjali Mehta,2024-03-16 08:26:42,2024-03-17 22:26:42,38.0,No,Yes
TKT-00245,Hardware,Low,Closed,Operations,Rohit Verma,2024-09-16 17:49:35,2024-09-17 19:49:35,26.0,No,No
TKT-00246,Email,Low,Closed,Operations,Suresh Kumar,2024-05-12 10:03:09,2024-05-13 15:03:09,29.0,No,Yes
TKT-00247,Printer,Critical,Resolved,Operations,Amit Sharma,2023-04-26 04:50:46,2023-04-26 14:50:46,10.0,Yes,No
TKT-00248,Network,Medium,Closed,IT,Suresh Kumar,2023-07-10 14:46:56,2023-07-12 02:46:56,36.0,No,No
TKT-00249,Network,Medium,Resolved,Finance,Vikram Joshi,2023-10-04 19:26:57,2023-10-05 19:26:57,24.0,No,No
TKT-00250,Printer,Low,Resolved,IT,Neha Gupta,2023-03-08 02:07:30,2023-03-09 14:07:30,36.0,No,No
TKT-00251,Network,High,Resolved,Legal,Rohit Verma,2024-08-17 12:01:16,2024-08-18 14:01:16,26.0,Yes,Yes
TKT-00252,Email,Medium,Resolved,IT,Amit Sharma,2023-09-08 06:37:39,2023-09-09 15:37:39,33.0,No,No
TKT-00253,Hardware,Low,In Progress,Legal,Suresh Kumar,2023-01-24 01:02:53,,,,No
TKT-00254,Network,Critical,Closed,Finance,Vikram Joshi,2024-07-14 19:05:43,2024-07-15 03:05:43,8.0,Yes,Yes
TKT-00255,Access/Login,High,Resolved,HR,Neha Gupta,2023-06-27 03:26:56,2023-06-27 12:26:56,9.0,No,No
TKT-00256,Email,Medium,Resolved,IT,Suresh Kumar,2023-01-31 13:32:40,2023-02-01 12:32:40,23.0,No,No
TKT-00257,Hardware,Medium,Open,Marketing,Rohit Verma,2023-02-15 13:04:52,,,,No
TKT-00258,Hardware,Medium,Resolved,Operations,Rohit Verma,2024-01-22 16:16:10,2024-01-23 21:16:10,29.0,No,No
TKT-00259,Email,Low,In Progress,Marketing,Suresh Kumar,2024-03-08 18:14:22,,,,No
TKT-00260,Network,High,Resolved,Sales,Vikram Joshi,2024-02-26 03:46:04,2024-02-27 00:46:04,21.0,No,No
TKT-00261,Access/Login,Medium,Resolved,Finance,Anjali Mehta,2024-06-09 06:33:40,2024-06-11 14:33:40,56.0,Yes,Yes
TKT-00262,Access/Login,Low,Open,Finance,Rohit Verma,2023-11-27 21:49:49,,,,No
TKT-00263,Email,High,Resolved,Sales,Suresh Kumar,2024-01-13 11:05:35,2024-01-14 04:05:35,17.0,No,Yes
TKT-00264,Network,Medium,Resolved,Sales,Anjali Mehta,2023-01-11 16:30:04,2023-01-12 23:30:04,31.0,No,No
TKT-00265,Printer,High,Closed,Operations,Neha Gupta,2023-07-11 01:26:48,2023-07-12 04:26:48,27.0,Yes,No
TKT-00266,Email,Low,Resolved,IT,Priya Singh,2024-03-12 22:50:21,2024-03-16 03:50:21,77.0,Yes,No
TKT-00267,Access/Login,Low,Closed,HR,Suresh Kumar,2023-08-19 02:51:33,2023-08-20 02:51:33,24.0,No,Yes
TKT-00268,Network,Medium,Resolved,Finance,Neha Gupta,2023-07-23 16:23:08,2023-07-25 22:23:08,54.0,Yes,Yes
TKT-00269,Printer,High,Closed,Operations,Priya Singh,2023-06-19 14:58:52,2023-06-20 13:58:52,23.0,No,No
TKT-00270,Email,Medium,In Progress,IT,Suresh Kumar,2023-01-24 07:43:41,,,,No
TKT-00271,Email,Medium,In Progress,Sales,Suresh Kumar,2024-10-10 08:16:58,,,,No
TKT-00272,Printer,Low,Closed,Sales,Neha Gupta,2024-07-06 00:06:28,2024-07-08 06:06:28,54.0,No,Yes
TKT-00273,Network,Low,Closed,IT,Neha Gupta,2024-12-11 00:47:38,2024-12-13 06:47:38,54.0,No,No
TKT-00274,Network,Low,In Progress,HR,Rohit Verma,2024-08-23 18:15:04,,,,No
TKT-00275,Software,Low,Closed,Operations,Anjali Mehta,2023-03-27 15:53:50,2023-03-29 11:53:50,44.0,No,No
TKT-00276,Printer,Medium,Resolved,Marketing,Suresh Kumar,2024-04-02 23:38:38,2024-04-04 20:38:38,45.0,No,No
TKT-00277,Hardware,Medium,Closed,HR,Anjali Mehta,2023-09-03 04:54:16,2023-09-03 09:54:16,5.0,No,Yes
TKT-00278,Access/Login,Medium,Open,IT,Neha Gupta,2024-10-15 16:52:40,,,,No
TKT-00279,Network,Medium,In Progress,HR,Anjali Mehta,2023-12-16 01:35:55,,,,Yes
TKT-00280,Software,Medium,Open,HR,Vikram Joshi,2024-06-01 13:05:22,,,,Yes
TKT-00281,Printer,Critical,In Progress,HR,Amit Sharma,2023-12-05 01:14:44,,,,No
TKT-00282,Network,Low,In Progress,Operations,Suresh Kumar,2024-04-24 18:02:24,,,,No
TKT-00283,Access/Login,Low,Open,Sales,Priya Singh,2023-11-01 15:37:07,,,,No
TKT-00284,Hardware,High,Closed,Operations,Anjali Mehta,2023-10-08 07:00:01,2023-10-09 04:00:01,21.0,No,Yes
TKT-00285,Access/Login,Medium,Resolved,Marketing,Amit Sharma,2024-01-21 20:19:12,2024-01-22 09:19:12,13.0,No,Yes
TKT-00286,Software,Low,Resolved,IT,Vikram Joshi,2024-08-16 00:35:53,2024-08-17 20:35:53,44.0,No,No
TKT-00287,Printer,Medium,Resolved,Sales,Anjali Mehta,2024-01-30 14:44:03,2024-01-30 22:44:03,8.0,No,No
TKT-00288,Access/Login,Medium,Resolved,Operations,Anjali Mehta,2024-10-04 13:29:12,2024-10-06 14:29:12,49.0,Yes,No
TKT-00289,Network,Medium,Resolved,Finance,Neha Gupta,2023-07-12 08:36:10,2023-07-13 18:36:10,34.0,No,No
TKT-00290,Network,Medium,Closed,IT,Vikram Joshi,2024-08-13 22:02:27,2024-08-16 06:02:27,56.0,Yes,No
TKT-00291,Software,Medium,Closed,Legal,Amit Sharma,2023-11-01 23:53:44,2023-11-03 08:53:44,33.0,No,No
TKT-00292,Hardware,Critical,Resolved,Legal,Suresh Kumar,2024-01-22 04:37:21,2024-01-22 13:37:21,9.0,Yes,No
TKT-00293,Software,Low,Open,IT,Amit Sharma,2024-03-04 07:02:31,,,,No
TKT-00294,Hardware,High,Resolved,HR,Neha Gupta,2023-05-28 17:01:24,2023-05-29 08:01:24,15.0,No,Yes
TKT-00295,Email,Low,Resolved,Legal,Rohit Verma,2023-04-09 05:33:31,2023-04-09 17:33:31,12.0,No,Yes
TKT-00296,Printer,Low,Resolved,IT,Rohit Verma,2023-06-06 20:11:38,2023-06-07 14:11:38,18.0,No,No
TKT-00297,Access/Login,Low,Resolved,Legal,Priya Singh,2023-05-25 13:06:53,2023-05-28 04:06:53,63.0,No,No
TKT-00298,Access/Login,High,In Progress,IT,Amit Sharma,2024-09-07 11:04:04,,,,Yes
TKT-00299,Hardware,Low,Closed,Operations,Priya Singh,2023-10-11 13:58:47,2023-10-13 03:58:47,38.0,No,No
TKT-00300,Network,Medium,Closed,IT,Suresh Kumar,2023-04-12 19:42:25,2023-04-15 04:42:25,57.0,Yes,No
TKT-00301,Access/Login,Medium,Resolved,Marketing,Vikram Joshi,2024-12-18 10:46:41,2024-12-18 17:46:41,7.0,No,No
TKT-00302,Email,High,Open,HR,Priya Singh,2024-10-14 16:28:34,,,,No
TKT-00303,Hardware,Medium,Closed,Legal,Amit Sharma,2023-08-29 09:53:18,2023-08-31 13:53:18,52.0,Yes,No
TKT-00304,Access/Login,Low,Resolved,Legal,Vikram Joshi,2023-11-02 06:00:17,2023-11-02 23:00:17,17.0,No,No
TKT-00305,Software,High,Closed,Sales,Suresh Kumar,2023-04-12 13:36:00,2023-04-13 12:36:00,23.0,No,No
TKT-00306,Software,Medium,Resolved,Marketing,Suresh Kumar,2023-05-10 01:26:35,2023-05-11 08:26:35,31.0,No,No
TKT-00307,Hardware,Medium,Closed,Marketing,Priya Singh,2024-02-23 15:41:07,2024-02-25 15:41:07,48.0,No,No
TKT-00308,Access/Login,Low,Resolved,Marketing,Anjali Mehta,2023-12-05 00:39:18,2023-12-07 10:39:18,58.0,No,No
TKT-00309,Printer,Medium,Resolved,IT,Priya Singh,2023-12-23 02:38:22,2023-12-24 13:38:22,35.0,No,Yes
TKT-00310,Network,High,Resolved,IT,Amit Sharma,2024-03-09 01:39:15,2024-03-09 16:39:15,15.0,No,Yes
TKT-00311,Email,Low,Resolved,Finance,Rohit Verma,2023-05-19 02:09:14,2023-05-19 22:09:14,20.0,No,No
TKT-00312,Hardware,Medium,Open,HR,Rohit Verma,2023-01-12 08:32:10,,,,No
TKT-00313,Hardware,High,Resolved,Legal,Suresh Kumar,2024-08-01 09:19:02,2024-08-02 02:19:02,17.0,No,No
TKT-00314,Network,Medium,In Progress,Finance,Priya Singh,2024-03-13 23:17:25,,,,No
TKT-00315,Software,Medium,Closed,IT,Priya Singh,2023-11-02 14:25:31,2023-11-03 15:25:31,25.0,No,No
TKT-00316,Access/Login,Medium,Closed,Sales,Rohit Verma,2023-05-20 03:35:09,2023-05-21 16:35:09,37.0,No,Yes
TKT-00317,Access/Login,Low,In Progress,IT,Vikram Joshi,2024-06-28 05:48:23,,,,No
TKT-00318,Access/Login,Low,Open,Marketing,Priya Singh,2024-01-07 21:52:24,,,,Yes
TKT-00319,Email,High,Resolved,Finance,Rohit Verma,2024-10-02 02:16:22,2024-10-02 22:16:22,20.0,No,No
TKT-00320,Access/Login,Medium,In Progress,Sales,Rohit Verma,2023-06-29 22:36:33,,,,No
TKT-00321,Access/Login,Low,Closed,Finance,Priya Singh,2023-02-10 09:46:01,2023-02-13 16:46:01,79.0,Yes,No
TKT-00322,Printer,Critical,Closed,Legal,Vikram Joshi,2024-02-20 21:13:03,2024-02-20 22:13:03,1.0,No,No
TKT-00323,Hardware,Medium,Open,Finance,Amit Sharma,2024-04-26 00:29:44,,,,No
TKT-00324,Access/Login,Medium,Closed,Marketing,Suresh Kumar,2024-11-18 02:11:28,2024-11-20 01:11:28,47.0,No,No
TKT-00325,Hardware,Medium,Resolved,HR,Suresh Kumar,2023-10-01 19:29:36,2023-10-03 10:29:36,39.0,No,Yes
TKT-00326,Email,High,Closed,Legal,Priya Singh,2023-11-19 02:52:13,2023-11-19 20:52:13,18.0,No,Yes
TKT-00327,Software,Low,Closed,Legal,Rohit Verma,2024-11-02 11:50:05,2024-11-04 07:50:05,44.0,No,Yes
TKT-00328,Network,Critical,Resolved,Finance,Anjali Mehta,2024-03-16 13:51:26,2024-03-16 15:51:26,2.0,No,Yes
TKT-00329,Printer,Critical,Closed,HR,Amit Sharma,2023-03-08 20:54:57,2023-03-09 05:54:57,9.0,Yes,No
TKT-00330,Access/Login,Low,Resolved,Finance,Amit Sharma,2024-03-03 00:54:45,2024-03-06 01:54:45,73.0,Yes,Yes
TKT-00331,Email,Critical,In Progress,Operations,Amit Sharma,2023-05-30 00:02:16,,,,No
TKT-00332,Access/Login,Low,In Progress,Marketing,Rohit Verma,2023-06-04 07:24:26,,,,Yes
TKT-00333,Software,Critical,Resolved,Finance,Suresh Kumar,2024-05-09 23:50:19,2024-05-10 06:50:19,7.0,Yes,No
TKT-00334,Hardware,Low,Closed,Operations,Vikram Joshi,2024-01-16 03:47:37,2024-01-18 14:47:37,59.0,No,No
TKT-00335,Network,Medium,Closed,Legal,Anjali Mehta,2023-10-16 06:41:12,2023-10-17 19:41:12,37.0,No,No
TKT-00336,Hardware,Low,Resolved,HR,Rohit Verma,2024-08-05 21:05:11,2024-08-09 12:05:11,87.0,Yes,No
TKT-00337,Access/Login,Critical,Resolved,Marketing,Rohit Verma,2023-03-25 00:17:33,2023-03-25 06:17:33,6.0,Yes,Yes
TKT-00338,Email,Critical,Resolved,Marketing,Suresh Kumar,2023-09-16 01:02:32,2023-09-16 11:02:32,10.0,Yes,Yes
TKT-00339,Network,High,Closed,HR,Rohit Verma,2023-02-07 23:13:11,2023-02-08 23:13:11,24.0,No,No
TKT-00340,Printer,Medium,Resolved,HR,Amit Sharma,2024-07-30 16:56:07,2024-08-01 01:56:07,33.0,No,No
TKT-00341,Hardware,Low,Resolved,IT,Suresh Kumar,2023-10-02 13:55:37,2023-10-05 22:55:37,81.0,Yes,No
TKT-00342,Hardware,Low,Closed,Operations,Suresh Kumar,2023-12-22 02:22:13,2023-12-24 05:22:13,51.0,No,No
TKT-00343,Network,Medium,Closed,Marketing,Suresh Kumar,2024-05-24 15:06:00,2024-05-26 08:06:00,41.0,No,No
TKT-00344,Printer,Medium,Resolved,Sales,Rohit Verma,2024-10-23 06:44:21,2024-10-23 20:44:21,14.0,No,No
TKT-00345,Access/Login,Low,Resolved,Legal,Amit Sharma,2023-08-05 13:26:25,2023-08-07 21:26:25,56.0,No,Yes
TKT-00346,Email,Medium,Resolved,Finance,Rohit Verma,2023-10-24 17:39:40,2023-10-25 23:39:40,30.0,No,No
TKT-00347,Access/Login,High,Resolved,Sales,Neha Gupta,2024-12-10 20:19:35,2024-12-11 07:19:35,11.0,No,No
TKT-00348,Email,Critical,Resolved,Sales,Priya Singh,2023-05-06 13:40:48,2023-05-06 21:40:48,8.0,Yes,Yes
TKT-00349,Email,High,Resolved,Sales,Vikram Joshi,2024-06-28 12:56:00,2024-06-28 17:56:00,5.0,No,No
TKT-00350,Software,Medium,Closed,Marketing,Vikram Joshi,2023-12-24 00:53:19,2023-12-24 06:53:19,6.0,No,Yes
TKT-00351,Printer,Low,Closed,Legal,Anjali Mehta,2024-01-03 20:41:27,2024-01-04 14:41:27,18.0,No,No
TKT-00352,Printer,Medium,Closed,Finance,Rohit Verma,2023-01-30 16:58:59,2023-02-01 18:58:59,50.0,Yes,No
TKT-00353,Hardware,Medium,Closed,Operations,Neha Gupta,2023-05-09 20:07:33,2023-05-11 09:07:33,37.0,No,No
TKT-00354,Email,Low,In Progress,Marketing,Vikram Joshi,2023-09-16 02:41:56,,,,Yes
TKT-00355,Hardware,High,Closed,Sales,Priya Singh,2023-08-01 15:44:29,2023-08-02 11:44:29,20.0,No,No
TKT-00356,Network,Critical,Resolved,HR,Amit Sharma,2023-12-23 12:37:43,2023-12-23 21:37:43,9.0,Yes,Yes
TKT-00357,Email,Medium,Closed,IT,Rohit Verma,2024-12-12 01:28:24,2024-12-13 11:28:24,34.0,No,No
TKT-00358,Printer,Medium,Resolved,HR,Neha Gupta,2023-01-11 22:11:22,2023-01-12 21:11:22,23.0,No,No
TKT-00359,Hardware,High,Closed,Sales,Rohit Verma,2023-11-17 02:21:59,2023-11-18 05:21:59,27.0,Yes,No
TKT-00360,Email,Medium,Resolved,IT,Anjali Mehta,2023-08-03 11:59:37,2023-08-04 12:59:37,25.0,No,No
TKT-00361,Hardware,High,Resolved,Legal,Rohit Verma,2024-10-16 19:44:39,2024-10-17 22:44:39,27.0,Yes,No
TKT-00362,Printer,Low,Resolved,Finance,Rohit Verma,2023-10-18 09:43:04,2023-10-21 18:43:04,81.0,Yes,No
TKT-00363,Access/Login,Medium,Resolved,Marketing,Neha Gupta,2023-09-08 13:38:29,2023-09-08 19:38:29,6.0,No,No
TKT-00364,Software,Medium,Resolved,HR,Anjali Mehta,2023-05-17 19:37:28,2023-05-18 13:37:28,18.0,No,No
TKT-00365,Email,Low,Open,Finance,Rohit Verma,2024-07-16 18:08:21,,,,No
TKT-00366,Network,Medium,Resolved,Marketing,Rohit Verma,2024-05-03 07:09:13,2024-05-04 12:09:13,29.0,No,No
TKT-00367,Email,Low,Resolved,IT,Suresh Kumar,2024-12-19 01:32:41,2024-12-20 09:32:41,32.0,No,No
TKT-00368,Email,Medium,Closed,Sales,Amit Sharma,2023-10-31 00:23:36,2023-11-01 00:23:36,24.0,No,No
TKT-00369,Network,Medium,Closed,IT,Suresh Kumar,2024-08-07 12:02:01,2024-08-09 05:02:01,41.0,No,No
TKT-00370,Software,Medium,Closed,Marketing,Priya Singh,2023-06-23 06:27:41,2023-06-23 21:27:41,15.0,No,No
TKT-00371,Software,Low,Open,Operations,Amit Sharma,2024-04-08 09:24:08,,,,No
TKT-00372,Software,High,In Progress,Operations,Anjali Mehta,2023-01-22 12:07:59,,,,Yes
TKT-00373,Access/Login,High,Resolved,Finance,Amit Sharma,2024-10-05 11:57:26,2024-10-06 14:57:26,27.0,Yes,Yes
TKT-00374,Network,Low,Resolved,Sales,Priya Singh,2024-07-06 09:18:36,2024-07-09 05:18:36,68.0,No,Yes
TKT-00375,Email,Medium,Closed,Sales,Vikram Joshi,2024-07-16 05:19:05,2024-07-18 14:19:05,57.0,Yes,No
TKT-00376,Hardware,High,Resolved,Finance,Neha Gupta,2024-07-28 14:57:44,2024-07-29 18:57:44,28.0,Yes,Yes
TKT-00377,Network,High,Resolved,Sales,Rohit Verma,2023-05-23 05:17:36,2023-05-24 10:17:36,29.0,Yes,No
TKT-00378,Software,Low,Closed,Marketing,Rohit Verma,2023-07-11 06:10:54,2023-07-14 22:10:54,88.0,Yes,No
TKT-00379,Email,Low,Resolved,Finance,Vikram Joshi,2023-11-22 03:24:04,2023-11-22 20:24:04,17.0,No,No
TKT-00380,Network,Medium,Resolved,Marketing,Rohit Verma,2023-08-20 06:56:08,2023-08-21 23:56:08,41.0,No,Yes
TKT-00381,Printer,High,Resolved,Legal,Vikram Joshi,2024-09-07 00:21:25,2024-09-07 10:21:25,10.0,No,Yes
TKT-00382,Printer,High,Resolved,Marketing,Rohit Verma,2023-12-08 19:45:20,2023-12-09 23:45:20,28.0,Yes,No
TKT-00383,Access/Login,Low,Closed,Marketing,Neha Gupta,2024-02-11 20:38:45,2024-02-14 06:38:45,58.0,No,Yes
TKT-00384,Access/Login,Medium,Resolved,Sales,Neha Gupta,2023-03-19 21:16:35,2023-03-20 22:16:35,25.0,No,Yes
TKT-00385,Printer,Low,In Progress,Marketing,Anjali Mehta,2023-10-03 14:10:09,,,,No
TKT-00386,Access/Login,Low,Resolved,Finance,Neha Gupta,2023-07-16 09:54:34,2023-07-18 05:54:34,44.0,No,Yes
TKT-00387,Network,Medium,Resolved,Legal,Neha Gupta,2023-08-30 10:00:36,2023-09-01 10:00:36,48.0,No,No
TKT-00388,Hardware,Low,Closed,IT,Amit Sharma,2023-09-09 22:59:10,2023-09-10 23:59:10,25.0,No,Yes
TKT-00389,Access/Login,Low,In Progress,Finance,Anjali Mehta,2023-01-20 04:24:12,,,,No
TKT-00390,Network,Low,Resolved,HR,Rohit Verma,2023-10-04 19:20:59,2023-10-06 02:20:59,31.0,No,No
TKT-00391,Printer,Medium,Resolved,Marketing,Amit Sharma,2024-12-12 16:27:46,2024-12-12 21:27:46,5.0,No,No
TKT-00392,Hardware,Low,Resolved,Marketing,Neha Gupta,2023-03-01 12:23:33,2023-03-01 23:23:33,11.0,No,No
TKT-00393,Hardware,Critical,Resolved,Finance,Neha Gupta,2023-11-27 19:09:17,2023-11-27 21:09:17,2.0,No,No
TKT-00394,Printer,High,Resolved,Sales,Rohit Verma,2024-11-09 18:11:28,2024-11-10 20:11:28,26.0,Yes,Yes
TKT-00395,Printer,Critical,Resolved,Operations,Suresh Kumar,2023-11-24 08:50:57,2023-11-24 11:50:57,3.0,No,No
TKT-00396,Access/Login,Medium,Resolved,Marketing,Priya Singh,2023-12-06 12:15:06,2023-12-08 08:15:06,44.0,No,No
TKT-00397,Software,Low,Resolved,Legal,Amit Sharma,2023-03-30 08:57:37,2023-04-02 21:57:37,85.0,Yes,No
TKT-00398,Access/Login,Medium,Resolved,Sales,Anjali Mehta,2024-07-30 21:41:03,2024-07-31 17:41:03,20.0,No,No
TKT-00399,Email,High,Resolved,Marketing,Amit Sharma,2023-09-22 02:06:41,2023-09-22 20:06:41,18.0,No,No
TKT-00400,Email,Low,Resolved,Marketing,Amit Sharma,2023-06-04 04:53:22,2023-06-05 20:53:22,40.0,No,Yes
TKT-00401,Software,Medium,Closed,Operations,Amit Sharma,2023-11-28 22:10:13,2023-11-29 23:10:13,25.0,No,No
TKT-00402,Email,Medium,Closed,Finance,Vikram Joshi,2023-03-02 19:52:37,2023-03-05 01:52:37,54.0,Yes,No
TKT-00403,Email,Low,Resolved,HR,Amit Sharma,2023-08-11 00:55:12,2023-08-13 12:55:12,60.0,No,No
TKT-00404,Access/Login,Medium,Resolved,Marketing,Suresh Kumar,2024-06-29 21:43:54,2024-07-01 17:43:54,44.0,No,Yes
TKT-00405,Hardware,Medium,Closed,Finance,Vikram Joshi,2023-10-15 06:01:23,2023-10-16 21:01:23,39.0,No,Yes
TKT-00406,Email,Medium,Open,Marketing,Anjali Mehta,2023-11-24 03:13:48,,,,No
TKT-00407,Printer,Critical,Resolved,Finance,Amit Sharma,2023-07-26 20:09:46,2023-07-27 06:09:46,10.0,Yes,No
TKT-00408,Email,Low,Closed,Marketing,Anjali Mehta,2024-07-27 16:27:17,2024-07-29 00:27:17,32.0,No,Yes
TKT-00409,Printer,Low,Resolved,Sales,Suresh Kumar,2024-04-07 16:29:03,2024-04-10 20:29:03,76.0,Yes,Yes
TKT-00410,Software,Medium,Closed,Legal,Rohit Verma,2023-04-09 12:39:30,2023-04-11 18:39:30,54.0,Yes,Yes
TKT-00411,Network,High,Resolved,HR,Rohit Verma,2024-09-13 22:49:01,2024-09-14 02:49:01,4.0,No,No
TKT-00412,Access/Login,Medium,Resolved,Legal,Suresh Kumar,2024-08-01 08:18:12,2024-08-02 12:18:12,28.0,No,No
TKT-00413,Hardware,High,Closed,HR,Priya Singh,2024-06-05 13:31:27,2024-06-05 16:31:27,3.0,No,No
TKT-00414,Software,Low,Resolved,Finance,Priya Singh,2023-04-02 03:03:31,2023-04-02 17:03:31,14.0,No,Yes
TKT-00415,Software,Medium,Resolved,Marketing,Rohit Verma,2024-03-10 06:51:57,2024-03-12 15:51:57,57.0,Yes,Yes
TKT-00416,Network,Low,Closed,HR,Priya Singh,2024-03-26 02:08:17,2024-03-27 16:08:17,38.0,No,No
TKT-00417,Access/Login,Low,Resolved,Sales,Vikram Joshi,2023-03-05 23:59:43,2023-03-08 00:59:43,49.0,No,Yes
TKT-00418,Access/Login,Low,Resolved,Operations,Vikram Joshi,2024-06-13 06:55:28,2024-06-15 06:55:28,48.0,No,No
TKT-00419,Access/Login,Medium,In Progress,Legal,Vikram Joshi,2024-08-03 23:10:22,,,,Yes
TKT-00420,Software,Low,In Progress,HR,Priya Singh,2024-11-20 03:23:22,,,,No
TKT-00421,Network,Low,Closed,Legal,Anjali Mehta,2023-09-17 14:32:56,2023-09-19 15:32:56,49.0,No,Yes
TKT-00422,Software,Medium,In Progress,Finance,Anjali Mehta,2024-07-04 16:51:59,,,,No
TKT-00423,Email,Medium,Open,IT,Anjali Mehta,2024-04-01 08:59:57,,,,No
TKT-00424,Software,Medium,Resolved,Operations,Suresh Kumar,2023-09-12 20:52:27,2023-09-14 04:52:27,32.0,No,No
TKT-00425,Software,Low,Open,Legal,Neha Gupta,2024-08-21 04:22:02,,,,No
TKT-00426,Software,Low,Resolved,Legal,Vikram Joshi,2023-10-04 08:03:38,2023-10-07 20:03:38,84.0,Yes,No
TKT-00427,Software,Medium,Resolved,HR,Suresh Kumar,2023-03-01 14:30:30,2023-03-03 20:30:30,54.0,Yes,No
TKT-00428,Network,Medium,Open,HR,Priya Singh,2023-07-25 07:21:17,,,,No
TKT-00429,Hardware,Low,Open,Finance,Amit Sharma,2024-08-09 19:40:28,,,,No
TKT-00430,Hardware,Medium,Resolved,Finance,Amit Sharma,2023-09-13 17:14:07,2023-09-16 04:14:07,59.0,Yes,No
TKT-00431,Printer,Medium,Resolved,HR,Vikram Joshi,2023-03-23 01:55:26,2023-03-23 13:55:26,12.0,No,No
TKT-00432,Software,Low,Open,Sales,Anjali Mehta,2023-04-14 12:31:22,,,,No
TKT-00433,Email,Low,Open,HR,Amit Sharma,2023-05-22 03:11:52,,,,No
TKT-00434,Hardware,Critical,Open,Sales,Amit Sharma,2023-06-15 17:16:33,,,,No
TKT-00435,Email,Medium,Closed,IT,Amit Sharma,2024-03-01 17:02:11,2024-03-03 17:02:11,48.0,No,No
TKT-00436,Network,Low,Resolved,Sales,Neha Gupta,2023-06-25 12:28:55,2023-06-26 17:28:55,29.0,No,Yes
TKT-00437,Email,Low,Resolved,IT,Suresh Kumar,2024-06-12 09:08:28,2024-06-15 08:08:28,71.0,No,No
TKT-00438,Access/Login,Low,Resolved,Legal,Suresh Kumar,2023-12-01 11:25:09,2023-12-03 04:25:09,41.0,No,No
TKT-00439,Hardware,Critical,Closed,Sales,Neha Gupta,2024-12-30 05:18:35,2024-12-30 11:18:35,6.0,Yes,No
TKT-00440,Email,Medium,Resolved,Finance,Amit Sharma,2023-06-06 23:55:26,2023-06-08 18:55:26,43.0,No,No
TKT-00441,Network,Low,In Progress,Operations,Rohit Verma,2024-06-22 06:01:40,,,,Yes
TKT-00442,Software,Medium,Resolved,Legal,Vikram Joshi,2023-07-14 17:11:05,2023-07-16 22:11:05,53.0,Yes,No
TKT-00443,Access/Login,Medium,Open,Legal,Priya Singh,2023-03-05 17:15:48,,,,Yes
TKT-00444,Printer,Medium,In Progress,HR,Anjali Mehta,2023-08-11 02:51:09,,,,No
TKT-00445,Email,Critical,Open,Legal,Neha Gupta,2024-07-28 19:18:04,,,,Yes
TKT-00446,Hardware,Low,Resolved,Finance,Amit Sharma,2024-02-05 20:54:40,2024-02-09 01:54:40,77.0,Yes,No
TKT-00447,Email,Low,Resolved,Marketing,Priya Singh,2023-03-16 15:44:53,2023-03-18 18:44:53,51.0,No,No
TKT-00448,Email,High,Resolved,HR,Vikram Joshi,2023-01-09 12:13:48,2023-01-10 01:13:48,13.0,No,No
TKT-00449,Network,High,Closed,Operations,Amit Sharma,2024-10-14 05:40:33,2024-10-14 17:40:33,12.0,No,No
TKT-00450,Software,High,Resolved,Marketing,Neha Gupta,2023-09-28 00:18:18,2023-09-29 00:18:18,24.0,No,No
TKT-00451,Printer,High,Closed,Sales,Priya Singh,2024-08-15 19:59:07,2024-08-16 02:59:07,7.0,No,No
TKT-00452,Network,High,Resolved,Finance,Anjali Mehta,2024-05-14 14:51:26,2024-05-15 10:51:26,20.0,No,No
TKT-00453,Email,Low,Closed,Legal,Suresh Kumar,2024-09-11 06:25:22,2024-09-12 20:25:22,38.0,No,No
TKT-00454,Access/Login,Low,Closed,Finance,Rohit Verma,2024-09-16 08:59:48,2024-09-18 10:59:48,50.0,No,No
TKT-00455,Printer,Medium,Closed,Sales,Neha Gupta,2023-07-07 17:37:07,2023-07-08 14:37:07,21.0,No,No
TKT-00456,Printer,Low,Resolved,HR,Anjali Mehta,2024-03-31 23:52:42,2024-04-01 09:52:42,10.0,No,Yes
TKT-00457,Printer,Medium,Resolved,IT,Neha Gupta,2024-11-22 16:46:43,2024-11-23 19:46:43,27.0,No,No
TKT-00458,Hardware,High,Closed,Operations,Anjali Mehta,2024-03-20 21:18:58,2024-03-21 13:18:58,16.0,No,No
TKT-00459,Hardware,Low,Resolved,HR,Amit Sharma,2024-01-17 15:50:50,2024-01-19 20:50:50,53.0,No,No
TKT-00460,Software,High,Closed,HR,Rohit Verma,2024-06-24 18:36:38,2024-06-26 00:36:38,30.0,Yes,No
TKT-00461,Printer,Low,In Progress,Finance,Suresh Kumar,2024-02-18 20:25:25,,,,Yes
TKT-00462,Network,Low,Resolved,Marketing,Suresh Kumar,2024-12-11 14:11:16,2024-12-14 21:11:16,79.0,Yes,No
TKT-00463,Network,Low,Resolved,Operations,Suresh Kumar,2024-06-10 02:23:24,2024-06-13 02:23:24,72.0,No,No
TKT-00464,Hardware,Medium,Resolved,Marketing,Anjali Mehta,2023-12-05 14:20:46,2023-12-07 01:20:46,35.0,No,No
TKT-00465,Hardware,Low,Closed,HR,Neha Gupta,2024-04-01 10:47:23,2024-04-02 10:47:23,24.0,No,No
TKT-00466,Access/Login,Medium,Closed,HR,Anjali Mehta,2024-04-06 07:05:15,2024-04-07 12:05:15,29.0,No,Yes
TKT-00467,Access/Login,Medium,Resolved,Sales,Neha Gupta,2023-03-09 19:22:28,2023-03-10 16:22:28,21.0,No,No
TKT-00468,Email,Low,Closed,Marketing,Amit Sharma,2024-03-11 09:42:34,2024-03-12 05:42:34,20.0,No,No
TKT-00469,Access/Login,Critical,Closed,Operations,Amit Sharma,2023-01-11 02:50:11,2023-01-11 09:50:11,7.0,Yes,No
TKT-00470,Email,Medium,In Progress,Operations,Priya Singh,2023-10-16 19:49:29,,,,No
TKT-00471,Printer,Low,Closed,Operations,Vikram Joshi,2024-01-26 22:47:00,2024-01-30 09:47:00,83.0,Yes,No
TKT-00472,Hardware,Critical,Resolved,Finance,Priya Singh,2023-10-10 17:16:26,2023-10-11 00:16:26,7.0,Yes,No
TKT-00473,Hardware,Critical,Resolved,Legal,Anjali Mehta,2024-03-16 18:52:52,2024-03-16 23:52:52,5.0,Yes,Yes
TKT-00474,Network,Critical,In Progress,HR,Amit Sharma,2023-05-21 19:54:20,,,,Yes
TKT-00475,Network,High,Closed,Legal,Amit Sharma,2024-08-25 16:08:19,2024-08-26 10:08:19,18.0,No,Yes
TKT-00476,Hardware,Medium,Resolved,Operations,Suresh Kumar,2024-12-29 10:55:43,2024-12-29 21:55:43,11.0,No,Yes
TKT-00477,Network,High,Open,IT,Rohit Verma,2023-05-26 16:53:37,,,,No
TKT-00478,Email,Medium,Resolved,IT,Priya Singh,2023-04-20 14:15:09,2023-04-22 09:15:09,43.0,No,No
TKT-00479,Hardware,Medium,Open,Marketing,Priya Singh,2023-10-28 18:27:49,,,,Yes
TKT-00480,Network,Low,Open,Sales,Rohit Verma,2023-07-22 19:52:55,,,,Yes
TKT-00481,Software,Low,In Progress,IT,Vikram Joshi,2024-12-03 16:00:35,,,,No
TKT-00482,Email,Medium,Resolved,Finance,Vikram Joshi,2023-11-07 17:53:40,2023-11-09 21:53:40,52.0,Yes,No
TKT-00483,Network,High,Closed,Finance,Amit Sharma,2023-12-10 08:09:52,2023-12-11 02:09:52,18.0,No,Yes
TKT-00484,Software,High,Closed,Operations,Amit Sharma,2023-03-03 14:46:06,2023-03-04 20:46:06,30.0,Yes,No
TKT-00485,Hardware,Low,Resolved,Sales,Anjali Mehta,2024-11-12 06:38:54,2024-11-13 17:38:54,35.0,No,No
TKT-00486,Email,Medium,In Progress,Marketing,Amit Sharma,2023-06-12 19:46:53,,,,No
TKT-00487,Access/Login,Low,Open,Operations,Suresh Kumar,2023-11-25 23:01:27,,,,Yes
TKT-00488,Printer,High,Resolved,HR,Neha Gupta,2023-10-03 16:01:30,2023-10-04 21:01:30,29.0,Yes,No
TKT-00489,Software,High,Closed,Marketing,Priya Singh,2024-12-15 14:49:17,2024-12-16 05:49:17,15.0,No,Yes
TKT-00490,Hardware,High,In Progress,Marketing,Amit Sharma,2023-04-16 05:39:41,,,,Yes
TKT-00491,Email,High,Resolved,Operations,Vikram Joshi,2023-08-07 23:02:04,2023-08-08 23:02:04,24.0,No,No
TKT-00492,Access/Login,High,Open,IT,Rohit Verma,2023-07-08 13:56:32,,,,Yes
TKT-00493,Email,Medium,Resolved,Operations,Anjali Mehta,2024-09-03 10:01:15,2024-09-05 02:01:15,40.0,No,No
TKT-00494,Email,Low,Closed,IT,Amit Sharma,2023-03-29 11:23:54,2023-03-31 16:23:54,53.0,No,No
TKT-00495,Network,Low,Closed,Marketing,Rohit Verma,2024-07-27 10:23:38,2024-07-28 20:23:38,34.0,No,Yes
TKT-00496,Hardware,High,Open,Operations,Neha Gupta,2023-01-02 11:30:31,,,,No
TKT-00497,Printer,Medium,Resolved,IT,Neha Gupta,2024-05-08 09:04:25,2024-05-10 13:04:25,52.0,Yes,No
TKT-00498,Printer,Critical,Open,Sales,Anjali Mehta,2023-09-24 04:25:35,,,,Yes
TKT-00499,Printer,Medium,Resolved,Finance,Vikram Joshi,2024-02-11 09:51:29,2024-02-12 01:51:29,16.0,No,Yes
TKT-00500,Access/Login,Low,Resolved,Legal,Suresh Kumar,2024-10-26 18:58:40,2024-10-28 03:58:40,33.0,No,Yes
TKT-00501,Printer,Low,Resolved,Marketing,Vikram Joshi,2023-11-30 06:23:26,2023-12-02 07:23:26,49.0,No,No
TKT-00502,Network,Low,Resolved,Legal,Amit Sharma,2024-04-28 19:32:31,2024-05-01 17:32:31,70.0,No,Yes
TKT-00503,Email,Critical,Resolved,Finance,Suresh Kumar,2023-06-05 03:22:29,2023-06-05 10:22:29,7.0,Yes,No
TKT-00504,Email,Low,Resolved,Legal,Priya Singh,2023-11-10 11:02:18,2023-11-11 14:02:18,27.0,No,No
TKT-00505,Email,High,In Progress,Finance,Rohit Verma,2024-01-12 04:58:17,,,,No
TKT-00506,Network,Medium,Resolved,Marketing,Amit Sharma,2023-11-27 14:13:11,2023-11-28 23:13:11,33.0,No,No
TKT-00507,Software,Medium,Resolved,Legal,Vikram Joshi,2023-10-27 10:01:01,2023-10-27 23:01:01,13.0,No,No
TKT-00508,Printer,Medium,Resolved,IT,Neha Gupta,2023-02-26 03:18:36,2023-02-26 10:18:36,7.0,No,Yes
TKT-00509,Printer,Medium,Resolved,Sales,Vikram Joshi,2023-07-09 09:53:47,2023-07-10 02:53:47,17.0,No,Yes
TKT-00510,Printer,High,Resolved,Sales,Rohit Verma,2024-05-09 10:16:57,2024-05-10 00:16:57,14.0,No,No
TKT-00511,Email,Medium,Resolved,HR,Rohit Verma,2024-08-14 10:49:51,2024-08-15 20:49:51,34.0,No,No
TKT-00512,Email,Medium,Resolved,Marketing,Priya Singh,2024-04-26 18:09:16,2024-04-28 06:09:16,36.0,No,No
TKT-00513,Software,Critical,In Progress,IT,Amit Sharma,2023-12-02 12:05:54,,,,Yes
TKT-00514,Software,High,Closed,Finance,Amit Sharma,2024-07-04 11:42:18,2024-07-05 09:42:18,22.0,No,No
TKT-00515,Access/Login,High,Resolved,Operations,Suresh Kumar,2024-07-08 15:44:13,2024-07-08 18:44:13,3.0,No,No
TKT-00516,Printer,High,Resolved,HR,Neha Gupta,2023-05-31 03:34:26,2023-05-31 08:34:26,5.0,No,No
TKT-00517,Network,Medium,Resolved,Marketing,Anjali Mehta,2024-09-14 10:06:11,2024-09-14 15:06:11,5.0,No,Yes
TKT-00518,Printer,Low,Closed,Operations,Suresh Kumar,2024-02-29 14:21:34,2024-03-01 17:21:34,27.0,No,No
TKT-00519,Email,High,Resolved,HR,Vikram Joshi,2023-04-21 03:20:57,2023-04-21 11:20:57,8.0,No,No
TKT-00520,Software,High,Open,Finance,Rohit Verma,2024-08-12 19:58:55,,,,No
TKT-00521,Email,Medium,Resolved,IT,Rohit Verma,2024-09-26 18:20:49,2024-09-26 23:20:49,5.0,No,No
TKT-00522,Hardware,High,Closed,Finance,Amit Sharma,2023-07-01 14:23:11,2023-07-02 15:23:11,25.0,Yes,Yes
TKT-00523,Network,Medium,Resolved,Sales,Rohit Verma,2023-10-03 00:19:05,2023-10-03 08:19:05,8.0,No,No
TKT-00524,Hardware,High,Resolved,Marketing,Rohit Verma,2023-06-30 00:13:02,2023-06-30 05:13:02,5.0,No,No
TKT-00525,Hardware,Low,Resolved,Marketing,Priya Singh,2024-04-11 08:17:21,2024-04-13 12:17:21,52.0,No,No
TKT-00526,Email,Low,Closed,Sales,Vikram Joshi,2023-06-13 04:34:56,2023-06-15 09:34:56,53.0,No,No
TKT-00527,Access/Login,Critical,Resolved,IT,Anjali Mehta,2024-05-07 18:41:53,2024-05-07 21:41:53,3.0,No,No
TKT-00528,Hardware,Low,Closed,Legal,Priya Singh,2024-05-07 19:25:29,2024-05-08 18:25:29,23.0,No,No
TKT-00529,Email,Medium,Resolved,IT,Vikram Joshi,2024-10-25 09:55:11,2024-10-27 05:55:11,44.0,No,No
TKT-00530,Access/Login,Critical,Resolved,IT,Neha Gupta,2024-05-28 18:47:54,2024-05-29 00:47:54,6.0,Yes,No
TKT-00531,Hardware,High,Closed,Legal,Anjali Mehta,2023-11-28 21:33:34,2023-11-29 17:33:34,20.0,No,No
TKT-00532,Printer,High,Closed,Marketing,Anjali Mehta,2024-07-27 11:15:06,2024-07-28 02:15:06,15.0,No,Yes
TKT-00533,Access/Login,Medium,Closed,IT,Priya Singh,2024-01-30 01:47:43,2024-01-31 21:47:43,44.0,No,No
TKT-00534,Printer,Critical,Closed,IT,Vikram Joshi,2023-09-16 05:32:21,2023-09-16 07:32:21,2.0,No,Yes
TKT-00535,Access/Login,Medium,Resolved,Sales,Amit Sharma,2023-05-06 04:03:15,2023-05-06 23:03:15,19.0,No,Yes
TKT-00536,Access/Login,High,Resolved,IT,Vikram Joshi,2024-10-08 05:53:20,2024-10-08 09:53:20,4.0,No,No
TKT-00537,Access/Login,Medium,In Progress,Marketing,Anjali Mehta,2023-12-27 10:52:15,,,,No
TKT-00538,Hardware,Medium,Resolved,HR,Vikram Joshi,2023-08-23 05:02:48,2023-08-25 01:02:48,44.0,No,No
TKT-00539,Email,Medium,Closed,IT,Rohit Verma,2023-11-25 20:00:11,2023-11-28 05:00:11,57.0,Yes,Yes
TKT-00540,Access/Login,Medium,Closed,Operations,Neha Gupta,2024-07-05 23:17:39,2024-07-08 01:17:39,50.0,Yes,No
TKT-00541,Hardware,High,Resolved,Sales,Rohit Verma,2024-03-31 21:03:17,2024-04-01 15:03:17,18.0,No,Yes
TKT-00542,Printer,Low,Open,IT,Priya Singh,2024-03-09 00:50:47,,,,Yes
TKT-00543,Software,Low,In Progress,IT,Priya Singh,2023-11-07 14:05:11,,,,No
TKT-00544,Printer,Medium,Closed,HR,Anjali Mehta,2024-05-30 09:57:36,2024-05-30 21:57:36,12.0,No,No
TKT-00545,Access/Login,Medium,In Progress,Finance,Neha Gupta,2023-04-04 15:38:39,,,,No
TKT-00546,Email,Critical,Open,IT,Suresh Kumar,2023-06-25 17:47:46,,,,Yes
TKT-00547,Printer,High,Resolved,Marketing,Suresh Kumar,2024-07-29 23:13:55,2024-07-30 17:13:55,18.0,No,No
TKT-00548,Access/Login,Critical,In Progress,Legal,Priya Singh,2023-08-25 14:58:13,,,,No
TKT-00549,Access/Login,High,Resolved,Operations,Anjali Mehta,2023-01-06 23:42:08,2023-01-08 03:42:08,28.0,Yes,No
TKT-00550,Network,High,In Progress,Marketing,Priya Singh,2024-02-20 09:21:41,,,,No
TKT-00551,Printer,Medium,Closed,Marketing,Anjali Mehta,2024-11-05 23:23:22,2024-11-07 12:23:22,37.0,No,No
TKT-00552,Printer,Low,Resolved,IT,Suresh Kumar,2024-12-19 16:49:13,2024-12-23 03:49:13,83.0,Yes,No
TKT-00553,Printer,High,Open,Sales,Vikram Joshi,2024-03-22 04:42:38,,,,No
TKT-00554,Hardware,Low,Resolved,Marketing,Amit Sharma,2023-08-27 16:42:49,2023-08-29 03:42:49,35.0,No,Yes
TKT-00555,Network,Medium,Resolved,HR,Anjali Mehta,2023-04-08 09:48:58,2023-04-09 03:48:58,18.0,No,Yes
TKT-00556,Hardware,Medium,Resolved,Operations,Vikram Joshi,2023-06-05 00:04:20,2023-06-07 12:04:20,60.0,Yes,No
TKT-00557,Access/Login,Low,Closed,Legal,Anjali Mehta,2024-05-02 03:00:11,2024-05-04 01:00:11,46.0,No,No
TKT-00558,Access/Login,Medium,In Progress,Marketing,Rohit Verma,2023-11-18 08:58:50,,,,Yes
TKT-00559,Software,Medium,Closed,Legal,Neha Gupta,2024-05-03 00:20:20,2024-05-04 21:20:20,45.0,No,No
TKT-00560,Email,Medium,Closed,Legal,Anjali Mehta,2023-01-25 14:17:12,2023-01-26 13:17:12,23.0,No,No
TKT-00561,Printer,Low,In Progress,Marketing,Suresh Kumar,2023-03-20 21:39:21,,,,No
TKT-00562,Network,Medium,Resolved,Operations,Vikram Joshi,2024-05-23 18:58:04,2024-05-23 23:58:04,5.0,No,No
TKT-00563,Printer,Critical,Resolved,Sales,Suresh Kumar,2024-01-26 08:10:10,2024-01-26 18:10:10,10.0,Yes,No
TKT-00564,Printer,Medium,Closed,Operations,Rohit Verma,2023-04-19 10:45:21,2023-04-21 17:45:21,55.0,Yes,No
TKT-00565,Email,Low,Resolved,HR,Vikram Joshi,2023-08-20 08:16:22,2023-08-23 10:16:22,74.0,Yes,Yes
TKT-00566,Email,Medium,Resolved,Finance,Anjali Mehta,2024-07-27 22:49:55,2024-07-29 00:49:55,26.0,No,Yes
TKT-00567,Software,Critical,Closed,IT,Suresh Kumar,2024-02-22 16:51:06,2024-02-22 22:51:06,6.0,Yes,No
TKT-00568,Access/Login,Low,Closed,Operations,Priya Singh,2023-02-18 03:06:41,2023-02-18 18:06:41,15.0,No,Yes
TKT-00569,Access/Login,Critical,In Progress,IT,Rohit Verma,2024-05-26 19:36:51,,,,Yes
TKT-00570,Email,High,Resolved,Legal,Suresh Kumar,2023-12-12 01:53:19,2023-12-12 04:53:19,3.0,No,No
TKT-00571,Printer,Low,Closed,HR,Priya Singh,2024-11-13 04:42:46,2024-11-16 10:42:46,78.0,Yes,No
TKT-00572,Software,Medium,Closed,Legal,Anjali Mehta,2024-01-21 19:06:13,2024-01-24 05:06:13,58.0,Yes,Yes
TKT-00573,Email,High,Open,Marketing,Vikram Joshi,2023-02-27 05:52:46,,,,No
TKT-00574,Printer,Medium,Resolved,Marketing,Rohit Verma,2023-10-11 11:01:31,2023-10-11 21:01:31,10.0,No,No
TKT-00575,Software,High,Closed,Operations,Vikram Joshi,2023-03-25 16:24:03,2023-03-26 07:24:03,15.0,No,Yes
TKT-00576,Access/Login,Medium,Resolved,HR,Neha Gupta,2023-07-09 21:06:51,2023-07-11 12:06:51,39.0,No,Yes
TKT-00577,Hardware,High,Closed,Marketing,Vikram Joshi,2023-07-11 09:53:21,2023-07-12 03:53:21,18.0,No,No
TKT-00578,Network,High,Resolved,HR,Rohit Verma,2024-09-08 12:42:06,2024-09-09 02:42:06,14.0,No,Yes
TKT-00579,Access/Login,Low,Resolved,Marketing,Neha Gupta,2024-10-25 21:10:37,2024-10-29 04:10:37,79.0,Yes,No
TKT-00580,Network,Medium,In Progress,Legal,Vikram Joshi,2023-05-05 21:11:24,,,,No
TKT-00581,Software,Low,Resolved,Operations,Neha Gupta,2023-11-18 02:45:32,2023-11-21 08:45:32,78.0,Yes,Yes
TKT-00582,Software,High,In Progress,Sales,Priya Singh,2024-07-22 22:23:54,,,,No
TKT-00583,Software,Low,Resolved,Legal,Rohit Verma,2023-11-06 01:18:21,2023-11-07 11:18:21,34.0,No,No
TKT-00584,Hardware,High,In Progress,Operations,Neha Gupta,2023-08-01 15:22:13,,,,No
TKT-00585,Network,Low,Closed,IT,Rohit Verma,2023-05-17 21:35:35,2023-05-20 04:35:35,55.0,No,No
TKT-00586,Hardware,Low,Resolved,Finance,Rohit Verma,2024-06-26 23:53:52,2024-06-29 23:53:52,72.0,No,No
TKT-00587,Printer,Medium,Closed,Operations,Suresh Kumar,2024-03-23 18:18:19,2024-03-26 02:18:19,56.0,Yes,Yes
TKT-00588,Software,Low,Resolved,Finance,Anjali Mehta,2024-10-11 17:14:16,2024-10-14 10:14:16,65.0,No,No
TKT-00589,Software,Medium,Resolved,IT,Neha Gupta,2023-07-03 09:09:41,2023-07-04 12:09:41,27.0,No,No
TKT-00590,Access/Login,Medium,Resolved,Operations,Amit Sharma,2024-01-02 15:01:22,2024-01-05 02:01:22,59.0,Yes,No
TKT-00591,Email,Low,Closed,Marketing,Amit Sharma,2024-08-08 09:47:10,2024-08-09 04:47:10,19.0,No,No
TKT-00592,Printer,Low,Closed,IT,Vikram Joshi,2024-10-09 05:19:13,2024-10-12 18:19:13,85.0,Yes,No
TKT-00593,Network,Medium,In Progress,IT,Anjali Mehta,2023-01-28 14:04:32,,,,Yes
TKT-00594,Email,High,Resolved,IT,Suresh Kumar,2023-01-20 02:27:29,2023-01-20 16:27:29,14.0,No,No
TKT-00595,Email,Low,Resolved,Legal,Suresh Kumar,2024-02-08 23:46:27,2024-02-10 06:46:27,31.0,No,No
TKT-00596,Access/Login,Low,Closed,Operations,Anjali Mehta,2024-11-07 18:36:04,2024-11-08 22:36:04,28.0,No,No
TKT-00597,Network,Low,Closed,Finance,Amit Sharma,2023-06-25 22:21:51,2023-06-27 17:21:51,43.0,No,Yes
TKT-00598,Printer,Low,In Progress,Sales,Neha Gupta,2023-12-17 08:42:27,,,,Yes
TKT-00599,Hardware,Critical,Resolved,Marketing,Suresh Kumar,2024-04-24 09:07:31,2024-04-24 14:07:31,5.0,Yes,No
TKT-00600,Email,Medium,Resolved,Marketing,Neha Gupta,2024-02-19 16:29:07,2024-02-21 10:29:07,42.0,No,No
TKT-00601,Email,Low,In Progress,Finance,Suresh Kumar,2024-03-23 20:32:16,,,,Yes
TKT-00602,Access/Login,High,Open,HR,Suresh Kumar,2023-09-14 10:40:14,,,,No
TKT-00603,Hardware,Medium,Resolved,Finance,Priya Singh,2023-09-28 19:57:42,2023-09-29 23:57:42,28.0,No,No
TKT-00604,Printer,Low,Open,Marketing,Amit Sharma,2024-07-24 05:08:42,,,,No
TKT-00605,Software,Medium,Closed,IT,Amit Sharma,2023-08-03 06:49:49,2023-08-03 13:49:49,7.0,No,No
TKT-00606,Email,Low,Closed,HR,Suresh Kumar,2023-01-28 06:51:47,2023-01-29 10:51:47,28.0,No,Yes
TKT-00607,Software,Medium,Resolved,Operations,Anjali Mehta,2024-03-13 11:02:10,2024-03-15 14:02:10,51.0,Yes,No
TKT-00608,Hardware,Low,Closed,IT,Vikram Joshi,2023-06-11 23:18:45,2023-06-14 22:18:45,71.0,No,Yes
TKT-00609,Email,Low,Closed,Legal,Priya Singh,2024-04-22 08:41:50,2024-04-26 01:41:50,89.0,Yes,No
TKT-00610,Software,High,Resolved,IT,Suresh Kumar,2024-03-02 07:27:37,2024-03-02 16:27:37,9.0,No,Yes
TKT-00611,Access/Login,Low,Resolved,Operations,Vikram Joshi,2024-03-07 05:10:29,2024-03-10 07:10:29,74.0,Yes,No
TKT-00612,Email,Low,Resolved,Operations,Suresh Kumar,2023-08-21 16:12:51,2023-08-22 06:12:51,14.0,No,No
TKT-00613,Hardware,Low,Closed,Operations,Suresh Kumar,2023-02-27 20:32:36,2023-02-28 06:32:36,10.0,No,No
TKT-00614,Email,Medium,Open,Marketing,Suresh Kumar,2023-04-02 05:28:07,,,,Yes
TKT-00615,Access/Login,Medium,Open,Legal,Vikram Joshi,2023-10-29 15:52:56,,,,Yes
TKT-00616,Network,Medium,Resolved,Legal,Amit Sharma,2023-09-15 18:42:07,2023-09-17 13:42:07,43.0,No,No
TKT-00617,Access/Login,Low,Resolved,Marketing,Vikram Joshi,2024-03-16 07:13:52,2024-03-16 17:13:52,10.0,No,Yes
TKT-00618,Email,Low,Closed,Marketing,Vikram Joshi,2023-08-06 16:37:20,2023-08-08 18:37:20,50.0,No,Yes
TKT-00619,Software,Medium,Closed,Sales,Vikram Joshi,2024-07-22 00:19:21,2024-07-23 08:19:21,32.0,No,No
TKT-00620,Email,Low,Closed,Legal,Priya Singh,2024-06-08 00:17:54,2024-06-10 14:17:54,62.0,No,Yes
TKT-00621,Access/Login,Low,Closed,IT,Rohit Verma,2023-11-06 04:40:00,2023-11-08 05:40:00,49.0,No,No
TKT-00622,Printer,Low,Open,HR,Anjali Mehta,2023-10-16 04:39:56,,,,No
TKT-00623,Hardware,Low,Resolved,Sales,Vikram Joshi,2024-02-22 13:24:28,2024-02-25 21:24:28,80.0,Yes,No
TKT-00624,Software,Medium,Closed,Legal,Amit Sharma,2023-10-10 17:37:25,2023-10-12 04:37:25,35.0,No,No
TKT-00625,Hardware,Low,Resolved,HR,Suresh Kumar,2024-08-19 00:17:03,2024-08-19 14:17:03,14.0,No,No
TKT-00626,Email,Medium,Resolved,Operations,Amit Sharma,2024-04-10 08:01:40,2024-04-12 05:01:40,45.0,No,No
TKT-00627,Hardware,Low,Closed,Legal,Suresh Kumar,2024-09-21 17:48:03,2024-09-23 15:48:03,46.0,No,Yes
TKT-00628,Email,Medium,Resolved,Finance,Anjali Mehta,2024-08-09 09:33:35,2024-08-10 13:33:35,28.0,No,No
TKT-00629,Software,Low,Resolved,IT,Rohit Verma,2024-10-10 15:01:34,2024-10-13 03:01:34,60.0,No,No
TKT-00630,Email,Low,Closed,HR,Suresh Kumar,2024-12-22 09:26:05,2024-12-24 07:26:05,46.0,No,Yes
TKT-00631,Email,Medium,In Progress,Sales,Priya Singh,2023-07-21 01:54:13,,,,No
TKT-00632,Email,Low,Resolved,Operations,Amit Sharma,2024-05-12 03:36:37,2024-05-15 12:36:37,81.0,Yes,Yes
TKT-00633,Network,Critical,Open,Sales,Suresh Kumar,2024-07-30 18:01:42,,,,No
TKT-00634,Access/Login,Medium,Closed,Legal,Rohit Verma,2023-09-10 18:57:41,2023-09-12 18:57:41,48.0,No,Yes
TKT-00635,Hardware,Medium,Resolved,IT,Anjali Mehta,2023-04-22 20:42:25,2023-04-24 20:42:25,48.0,No,Yes
TKT-00636,Network,Medium,Resolved,Operations,Amit Sharma,2024-08-21 05:13:43,2024-08-22 01:13:43,20.0,No,No
TKT-00637,Access/Login,Medium,Open,HR,Suresh Kumar,2024-02-16 16:20:37,,,,No
TKT-00638,Software,High,Resolved,Marketing,Anjali Mehta,2023-01-31 10:21:04,2023-02-01 11:21:04,25.0,Yes,No
TKT-00639,Software,High,Open,Finance,Priya Singh,2024-03-24 20:28:33,,,,Yes
TKT-00640,Network,Low,Resolved,HR,Anjali Mehta,2023-11-29 08:37:06,2023-12-02 09:37:06,73.0,Yes,No
TKT-00641,Hardware,High,Resolved,Sales,Neha Gupta,2024-03-04 12:17:31,2024-03-04 22:17:31,10.0,No,No
TKT-00642,Software,Critical,In Progress,Sales,Neha Gupta,2024-02-01 09:01:43,,,,No
TKT-00643,Hardware,Medium,Resolved,Operations,Amit Sharma,2023-02-05 22:21:41,2023-02-07 01:21:41,27.0,No,Yes
TKT-00644,Access/Login,Critical,Closed,IT,Rohit Verma,2023-11-24 05:42:42,2023-11-24 09:42:42,4.0,No,No
TKT-00645,Access/Login,Medium,Resolved,Operations,Vikram Joshi,2023-11-19 00:20:11,2023-11-19 16:20:11,16.0,No,Yes
TKT-00646,Software,Low,In Progress,Sales,Rohit Verma,2024-09-10 23:15:11,,,,No
TKT-00647,Access/Login,High,Resolved,Legal,Neha Gupta,2024-04-29 18:30:21,2024-04-30 01:30:21,7.0,No,No
TKT-00648,Software,Critical,Closed,Legal,Amit Sharma,2024-05-17 10:15:26,2024-05-17 19:15:26,9.0,Yes,No
TKT-00649,Access/Login,High,Resolved,Legal,Anjali Mehta,2024-02-27 05:25:19,2024-02-28 08:25:19,27.0,Yes,No
TKT-00650,Software,Medium,Resolved,Legal,Anjali Mehta,2024-07-13 15:11:27,2024-07-15 06:11:27,39.0,No,Yes
TKT-00651,Access/Login,Medium,Closed,Operations,Amit Sharma,2023-01-30 23:09:11,2023-01-31 10:09:11,11.0,No,No
TKT-00652,Hardware,Low,Resolved,Legal,Anjali Mehta,2023-07-31 05:33:32,2023-08-01 03:33:32,22.0,No,No
TKT-00653,Network,Medium,Closed,Legal,Rohit Verma,2023-12-10 17:57:26,2023-12-10 23:57:26,6.0,No,Yes
TKT-00654,Network,High,In Progress,Finance,Suresh Kumar,2024-08-26 19:22:27,,,,No
TKT-00655,Software,Critical,Resolved,Sales,Anjali Mehta,2023-10-10 11:40:25,2023-10-10 19:40:25,8.0,Yes,No
TKT-00656,Hardware,Medium,Resolved,Marketing,Priya Singh,2024-04-25 03:32:27,2024-04-27 00:32:27,45.0,No,No
TKT-00657,Access/Login,Medium,Closed,Legal,Amit Sharma,2024-08-27 17:06:42,2024-08-28 08:06:42,15.0,No,No
TKT-00658,Network,Medium,Resolved,Sales,Suresh Kumar,2023-05-24 20:22:37,2023-05-25 18:22:37,22.0,No,No
TKT-00659,Network,High,Closed,IT,Neha Gupta,2024-05-06 22:52:23,2024-05-08 03:52:23,29.0,Yes,No
TKT-00660,Software,High,Closed,Marketing,Anjali Mehta,2023-11-11 10:49:55,2023-11-11 17:49:55,7.0,No,Yes
TKT-00661,Hardware,Low,In Progress,IT,Suresh Kumar,2024-05-25 21:55:14,,,,Yes
TKT-00662,Email,High,Resolved,Sales,Suresh Kumar,2023-05-04 07:59:28,2023-05-05 05:59:28,22.0,No,No
TKT-00663,Network,Low,Closed,IT,Anjali Mehta,2023-12-20 04:28:03,2023-12-21 06:28:03,26.0,No,No
TKT-00664,Hardware,Low,Resolved,Sales,Vikram Joshi,2024-07-02 14:39:54,2024-07-05 12:39:54,70.0,No,No
TKT-00665,Network,Medium,Resolved,Marketing,Suresh Kumar,2023-04-18 07:39:56,2023-04-20 01:39:56,42.0,No,No
TKT-00666,Printer,High,Open,IT,Suresh Kumar,2023-04-25 06:31:41,,,,No
TKT-00667,Email,Low,Resolved,Sales,Rohit Verma,2024-04-10 17:04:10,2024-04-13 07:04:10,62.0,No,No
TKT-00668,Hardware,Low,Open,Legal,Priya Singh,2023-08-04 01:35:11,,,,No
TKT-00669,Hardware,Medium,Resolved,Legal,Neha Gupta,2024-04-12 14:48:52,2024-04-12 19:48:52,5.0,No,No
TKT-00670,Network,Medium,Closed,Operations,Rohit Verma,2024-05-15 08:41:21,2024-05-16 15:41:21,31.0,No,No
TKT-00671,Access/Login,Medium,Resolved,Marketing,Anjali Mehta,2024-04-24 18:18:38,2024-04-27 04:18:38,58.0,Yes,No
TKT-00672,Network,Low,Closed,Operations,Vikram Joshi,2024-08-12 00:56:46,2024-08-15 16:56:46,88.0,Yes,No
TKT-00673,Network,Medium,Closed,Sales,Neha Gupta,2023-08-29 08:56:27,2023-08-31 19:56:27,59.0,Yes,No
TKT-00674,Software,Low,Closed,Operations,Neha Gupta,2023-08-29 06:17:49,2023-08-31 02:17:49,44.0,No,No
TKT-00675,Software,Medium,Resolved,Operations,Amit Sharma,2023-08-29 09:23:56,2023-08-29 20:23:56,11.0,No,No
TKT-00676,Software,High,Closed,Finance,Amit Sharma,2023-03-23 22:37:41,2023-03-24 15:37:41,17.0,No,No
TKT-00677,Network,Medium,Closed,IT,Rohit Verma,2023-08-24 19:18:31,2023-08-26 20:18:31,49.0,Yes,No
TKT-00678,Network,Low,Closed,Finance,Amit Sharma,2023-07-09 10:14:47,2023-07-11 06:14:47,44.0,No,Yes
TKT-00679,Email,Medium,Resolved,Legal,Rohit Verma,2023-05-30 17:08:08,2023-06-02 03:08:08,58.0,Yes,No
TKT-00680,Printer,Low,Closed,IT,Priya Singh,2023-03-17 03:11:43,2023-03-17 17:11:43,14.0,No,No
TKT-00681,Email,Medium,Resolved,IT,Anjali Mehta,2023-09-23 15:37:45,2023-09-24 16:37:45,25.0,No,Yes
TKT-00682,Printer,Critical,Closed,Sales,Neha Gupta,2024-06-24 07:59:53,2024-06-24 08:59:53,1.0,No,No
TKT-00683,Printer,Low,Resolved,Marketing,Neha Gupta,2024-09-12 13:35:16,2024-09-14 16:35:16,51.0,No,No
TKT-00684,Email,Low,Closed,HR,Amit Sharma,2024-01-22 20:18:39,2024-01-26 08:18:39,84.0,Yes,No
TKT-00685,Printer,Medium,Resolved,HR,Priya Singh,2023-04-11 16:01:12,2023-04-13 04:01:12,36.0,No,No
TKT-00686,Network,Critical,In Progress,Marketing,Amit Sharma,2024-04-28 15:57:20,,,,Yes
TKT-00687,Printer,Medium,Resolved,IT,Priya Singh,2023-08-14 02:38:07,2023-08-15 18:38:07,40.0,No,No
TKT-00688,Access/Login,High,Resolved,IT,Rohit Verma,2023-03-19 19:12:50,2023-03-21 01:12:50,30.0,Yes,Yes
TKT-00689,Access/Login,High,Closed,Operations,Anjali Mehta,2023-11-04 22:24:59,2023-11-05 18:24:59,20.0,No,Yes
TKT-00690,Email,Medium,Closed,Sales,Vikram Joshi,2023-04-27 18:17:17,2023-04-30 06:17:17,60.0,Yes,No
TKT-00691,Hardware,Medium,Resolved,Legal,Rohit Verma,2024-07-23 08:58:08,2024-07-24 12:58:08,28.0,No,No
TKT-00692,Printer,Medium,Closed,HR,Suresh Kumar,2023-12-12 22:00:01,2023-12-15 04:00:01,54.0,Yes,No
TKT-00693,Network,High,Closed,Operations,Vikram Joshi,2023-09-26 11:06:35,2023-09-27 05:06:35,18.0,No,No
TKT-00694,Email,Low,Resolved,IT,Anjali Mehta,2023-12-30 22:34:05,2024-01-02 01:34:05,51.0,No,Yes
TKT-00695,Printer,Low,Open,Finance,Priya Singh,2024-03-14 12:09:16,,,,No
TKT-00696,Software,Low,Closed,Legal,Neha Gupta,2024-11-08 05:29:41,2024-11-11 05:29:41,72.0,No,No
TKT-00697,Network,Low,Resolved,Marketing,Amit Sharma,2023-01-27 12:42:23,2023-01-27 23:42:23,11.0,No,No
TKT-00698,Hardware,Medium,Closed,Sales,Suresh Kumar,2023-03-31 19:06:26,2023-04-03 04:06:26,57.0,Yes,No
TKT-00699,Email,Low,Resolved,HR,Vikram Joshi,2023-03-20 07:52:05,2023-03-22 07:52:05,48.0,No,No
TKT-00700,Hardware,Low,Resolved,IT,Priya Singh,2024-01-20 11:52:53,2024-01-21 21:52:53,34.0,No,Yes
TKT-00701,Email,Medium,Resolved,Marketing,Suresh Kumar,2024-01-31 21:21:08,2024-02-03 01:21:08,52.0,Yes,No
TKT-00702,Network,Medium,Closed,IT,Amit Sharma,2024-08-04 14:51:10,2024-08-06 21:51:10,55.0,Yes,Yes
TKT-00703,Access/Login,Medium,Closed,Operations,Suresh Kumar,2024-05-28 21:42:23,2024-05-30 00:42:23,27.0,No,No
TKT-00704,Email,Critical,Resolved,Sales,Neha Gupta,2023-04-09 19:40:20,2023-04-10 01:40:20,6.0,Yes,Yes
TKT-00705,Email,Low,Closed,IT,Vikram Joshi,2024-12-13 17:24:35,2024-12-17 01:24:35,80.0,Yes,No
TKT-00706,Access/Login,Medium,Resolved,Marketing,Amit Sharma,2024-02-28 13:36:47,2024-03-01 08:36:47,43.0,No,No
TKT-00707,Software,Critical,Resolved,Sales,Priya Singh,2023-08-16 06:28:06,2023-08-16 07:28:06,1.0,No,No
TKT-00708,Printer,High,In Progress,Operations,Suresh Kumar,2023-01-09 18:17:55,,,,No
TKT-00709,Hardware,Medium,Resolved,Sales,Rohit Verma,2024-10-26 15:59:21,2024-10-27 11:59:21,20.0,No,Yes
TKT-00710,Network,Low,Resolved,Finance,Anjali Mehta,2024-10-07 21:44:00,2024-10-08 16:44:00,19.0,No,No
TKT-00711,Software,Medium,Open,Marketing,Suresh Kumar,2024-05-27 07:55:31,,,,No
TKT-00712,Hardware,High,Closed,HR,Vikram Joshi,2024-03-05 23:32:59,2024-03-06 11:32:59,12.0,No,No
TKT-00713,Access/Login,Medium,Open,Legal,Vikram Joshi,2023-06-06 13:03:33,,,,No
TKT-00714,Hardware,Medium,Closed,HR,Rohit Verma,2023-11-09 01:24:41,2023-11-09 08:24:41,7.0,No,No
TKT-00715,Email,Low,Closed,Finance,Priya Singh,2023-09-15 20:21:49,2023-09-16 12:21:49,16.0,No,No
TKT-00716,Access/Login,High,Closed,HR,Priya Singh,2023-03-06 03:30:35,2023-03-07 06:30:35,27.0,Yes,No
TKT-00717,Software,Low,Resolved,Operations,Anjali Mehta,2023-05-18 03:07:02,2023-05-18 19:07:02,16.0,No,No
TKT-00718,Hardware,Medium,Resolved,Marketing,Priya Singh,2024-02-23 15:37:58,2024-02-25 02:37:58,35.0,No,No
TKT-00719,Access/Login,Medium,Closed,Operations,Suresh Kumar,2023-04-27 18:07:36,2023-04-28 14:07:36,20.0,No,No
TKT-00720,Network,High,Resolved,Operations,Amit Sharma,2024-07-13 08:44:41,2024-07-13 23:44:41,15.0,No,Yes
TKT-00721,Network,Medium,Resolved,Operations,Anjali Mehta,2023-06-16 20:15:45,2023-06-19 02:15:45,54.0,Yes,No
TKT-00722,Network,Medium,In Progress,IT,Suresh Kumar,2024-05-24 08:30:19,,,,No
TKT-00723,Software,Medium,Resolved,Marketing,Vikram Joshi,2024-08-04 01:01:08,2024-08-04 13:01:08,12.0,No,Yes
TKT-00724,Software,Critical,In Progress,Legal,Vikram Joshi,2024-03-09 22:39:18,,,,Yes
TKT-00725,Network,Medium,Resolved,Finance,Anjali Mehta,2023-01-15 08:15:40,2023-01-16 02:15:40,18.0,No,Yes
TKT-00726,Email,High,Closed,Operations,Anjali Mehta,2023-03-11 19:05:13,2023-03-12 19:05:13,24.0,No,Yes
TKT-00727,Access/Login,Medium,Closed,HR,Rohit Verma,2023-02-03 16:39:26,2023-02-04 00:39:26,8.0,No,No
TKT-00728,Printer,Medium,Resolved,Marketing,Amit Sharma,2023-11-14 13:13:04,2023-11-15 18:13:04,29.0,No,No
TKT-00729,Printer,High,Closed,Legal,Amit Sharma,2024-01-01 03:59:19,2024-01-02 08:59:19,29.0,Yes,No
TKT-00730,Software,Critical,Closed,Marketing,Amit Sharma,2023-06-18 02:58:25,2023-06-18 12:58:25,10.0,Yes,Yes
TKT-00731,Email,Low,Resolved,IT,Suresh Kumar,2023-12-17 06:03:59,2023-12-17 18:03:59,12.0,No,Yes
TKT-00732,Network,Medium,Resolved,Finance,Amit Sharma,2024-01-04 13:23:22,2024-01-06 13:23:22,48.0,No,No
TKT-00733,Printer,Medium,In Progress,Operations,Rohit Verma,2023-08-24 12:05:08,,,,No
TKT-00734,Hardware,Critical,In Progress,Finance,Priya Singh,2023-09-08 08:55:46,,,,No
TKT-00735,Hardware,High,Closed,Marketing,Suresh Kumar,2023-05-11 11:31:18,2023-05-11 20:31:18,9.0,No,No
TKT-00736,Software,Medium,Resolved,Sales,Suresh Kumar,2024-03-17 07:43:49,2024-03-18 16:43:49,33.0,No,Yes
TKT-00737,Software,Medium,Closed,Marketing,Vikram Joshi,2023-09-03 20:01:42,2023-09-06 08:01:42,60.0,Yes,Yes
TKT-00738,Printer,High,Closed,Finance,Neha Gupta,2023-07-25 12:20:14,2023-07-26 08:20:14,20.0,No,No
TKT-00739,Network,Low,Closed,Marketing,Amit Sharma,2024-06-23 02:31:50,2024-06-24 11:31:50,33.0,No,Yes
TKT-00740,Printer,Low,Resolved,IT,Neha Gupta,2023-09-22 05:57:15,2023-09-24 05:57:15,48.0,No,No
TKT-00741,Software,High,Resolved,Finance,Amit Sharma,2024-04-16 07:43:50,2024-04-16 17:43:50,10.0,No,No
TKT-00742,Email,Medium,Closed,Finance,Anjali Mehta,2024-02-24 12:55:05,2024-02-25 15:55:05,27.0,No,Yes
TKT-00743,Software,Medium,Closed,Marketing,Anjali Mehta,2023-09-02 07:58:43,2023-09-02 23:58:43,16.0,No,Yes
TKT-00744,Access/Login,Medium,Resolved,Finance,Amit Sharma,2024-08-31 01:42:58,2024-09-02 06:42:58,53.0,Yes,Yes
TKT-00745,Access/Login,Low,Closed,Finance,Vikram Joshi,2024-03-07 15:05:59,2024-03-09 03:05:59,36.0,No,No
TKT-00746,Email,Medium,Resolved,IT,Priya Singh,2023-11-04 19:41:39,2023-11-06 01:41:39,30.0,No,Yes
TKT-00747,Email,High,Resolved,Sales,Neha Gupta,2024-09-06 21:40:36,2024-09-07 17:40:36,20.0,No,No
TKT-00748,Email,Medium,Open,Legal,Amit Sharma,2023-05-24 12:17:33,,,,No
TKT-00749,Hardware,High,Resolved,Operations,Neha Gupta,2023-04-15 02:32:30,2023-04-15 16:32:30,14.0,No,Yes
TKT-00750,Printer,Critical,Resolved,IT,Neha Gupta,2024-07-08 20:28:29,2024-07-09 01:28:29,5.0,Yes,No
TKT-00751,Access/Login,Low,Resolved,HR,Anjali Mehta,2024-02-28 10:46:55,2024-03-02 14:46:55,76.0,Yes,No
TKT-00752,Hardware,High,Resolved,Legal,Suresh Kumar,2023-07-27 03:40:29,2023-07-27 17:40:29,14.0,No,No
TKT-00753,Network,Medium,Resolved,Operations,Anjali Mehta,2024-05-27 14:08:13,2024-05-29 00:08:13,34.0,No,No
TKT-00754,Network,Medium,In Progress,Legal,Priya Singh,2023-07-31 20:06:28,,,,No
TKT-00755,Printer,Medium,Closed,IT,Anjali Mehta,2023-11-23 12:26:08,2023-11-25 08:26:08,44.0,No,No
TKT-00756,Email,Medium,Closed,Sales,Suresh Kumar,2024-01-23 09:56:27,2024-01-24 00:56:27,15.0,No,No
TKT-00757,Software,High,Resolved,Sales,Rohit Verma,2024-06-21 15:28:09,2024-06-22 13:28:09,22.0,No,No
TKT-00758,Hardware,High,In Progress,HR,Suresh Kumar,2024-11-07 08:48:37,,,,No
TKT-00759,Access/Login,Medium,Resolved,IT,Priya Singh,2023-10-18 11:45:15,2023-10-20 05:45:15,42.0,No,No
TKT-00760,Access/Login,Medium,Resolved,Operations,Amit Sharma,2024-08-10 16:44:39,2024-08-12 08:44:39,40.0,No,Yes
TKT-00761,Printer,Medium,Open,HR,Priya Singh,2023-09-23 08:11:51,,,,Yes
TKT-00762,Hardware,Low,Resolved,Operations,Vikram Joshi,2023-06-04 15:53:37,2023-06-08 06:53:37,87.0,Yes,Yes
TKT-00763,Hardware,Low,In Progress,Finance,Anjali Mehta,2023-02-20 04:38:20,,,,No
TKT-00764,Email,High,Resolved,IT,Anjali Mehta,2023-07-25 05:21:53,2023-07-25 08:21:53,3.0,No,No
TKT-00765,Network,Medium,Open,Legal,Amit Sharma,2024-12-03 08:32:58,,,,No
TKT-00766,Network,Medium,Resolved,Legal,Rohit Verma,2024-02-12 05:39:22,2024-02-13 19:39:22,38.0,No,No
TKT-00767,Software,Medium,Closed,HR,Suresh Kumar,2024-05-05 03:05:31,2024-05-06 17:05:31,38.0,No,Yes
TKT-00768,Printer,Medium,In Progress,Marketing,Rohit Verma,2024-05-14 07:40:15,,,,No
TKT-00769,Network,Medium,In Progress,Sales,Priya Singh,2023-10-15 09:01:52,,,,Yes
TKT-00770,Printer,Medium,Resolved,Finance,Suresh Kumar,2023-09-10 04:53:33,2023-09-12 06:53:33,50.0,Yes,Yes
TKT-00771,Hardware,Low,Resolved,Legal,Amit Sharma,2023-09-09 08:16:49,2023-09-10 20:16:49,36.0,No,Yes
TKT-00772,Access/Login,Low,Resolved,Legal,Anjali Mehta,2023-07-17 22:35:47,2023-07-19 11:35:47,37.0,No,No
TKT-00773,Printer,Low,Closed,Sales,Rohit Verma,2023-02-04 10:31:02,2023-02-07 12:31:02,74.0,Yes,Yes
TKT-00774,Hardware,Medium,Resolved,Marketing,Suresh Kumar,2024-05-30 12:45:52,2024-05-30 18:45:52,6.0,No,No
TKT-00775,Software,Medium,Resolved,Marketing,Neha Gupta,2024-04-26 02:36:05,2024-04-28 10:36:05,56.0,Yes,No
TKT-00776,Access/Login,Low,Resolved,Legal,Suresh Kumar,2024-07-11 01:02:37,2024-07-13 05:02:37,52.0,No,No
TKT-00777,Printer,Low,Closed,Operations,Anjali Mehta,2024-04-03 17:19:29,2024-04-05 19:19:29,50.0,No,No
TKT-00778,Software,Medium,Resolved,Legal,Rohit Verma,2023-12-15 21:13:39,2023-12-16 11:13:39,14.0,No,No
TKT-00779,Network,Critical,Closed,Legal,Priya Singh,2024-02-28 10:55:14,2024-02-28 13:55:14,3.0,No,No
TKT-00780,Email,Low,Closed,Sales,Anjali Mehta,2024-10-09 23:53:59,2024-10-12 01:53:59,50.0,No,No
TKT-00781,Access/Login,Low,Open,Sales,Neha Gupta,2023-02-16 04:20:22,,,,No
TKT-00782,Software,Low,Closed,Legal,Priya Singh,2024-06-20 13:44:41,2024-06-21 10:44:41,21.0,No,No
TKT-00783,Access/Login,Critical,Resolved,Sales,Neha Gupta,2023-01-06 03:33:24,2023-01-06 09:33:24,6.0,Yes,No
TKT-00784,Software,High,Resolved,Operations,Anjali Mehta,2024-12-18 19:35:10,2024-12-19 20:35:10,25.0,Yes,No
TKT-00785,Access/Login,Medium,Open,HR,Amit Sharma,2023-01-02 14:14:40,,,,No
TKT-00786,Hardware,Medium,Open,HR,Suresh Kumar,2023-03-18 04:43:21,,,,Yes
TKT-00787,Printer,High,Resolved,Finance,Rohit Verma,2023-05-10 10:17:57,2023-05-10 22:17:57,12.0,No,No
TKT-00788,Printer,Low,Resolved,Sales,Amit Sharma,2023-09-16 02:52:38,2023-09-16 13:52:38,11.0,No,Yes
TKT-00789,Hardware,Low,Resolved,Sales,Rohit Verma,2024-09-25 23:47:04,2024-09-27 03:47:04,28.0,No,No
TKT-00790,Email,Low,Resolved,Operations,Rohit Verma,2023-11-17 02:20:09,2023-11-20 09:20:09,79.0,Yes,No
TKT-00791,Hardware,Medium,Closed,HR,Neha Gupta,2023-02-21 22:39:12,2023-02-22 08:39:12,10.0,No,No
TKT-00792,Software,High,Open,Marketing,Vikram Joshi,2023-09-03 14:23:42,,,,Yes
TKT-00793,Network,High,Closed,Marketing,Vikram Joshi,2024-05-22 22:55:34,2024-05-24 00:55:34,26.0,Yes,No
TKT-00794,Email,Low,Open,Marketing,Neha Gupta,2024-10-10 03:30:10,,,,No
TKT-00795,Access/Login,Low,Resolved,Legal,Suresh Kumar,2024-09-01 10:35:48,2024-09-03 05:35:48,43.0,No,Yes
TKT-00796,Printer,Critical,Resolved,Legal,Rohit Verma,2023-12-10 16:56:21,2023-12-10 18:56:21,2.0,No,Yes
TKT-00797,Access/Login,Low,Resolved,Legal,Priya Singh,2024-10-17 22:57:51,2024-10-19 20:57:51,46.0,No,No
TKT-00798,Email,Low,Resolved,Legal,Anjali Mehta,2024-11-09 16:50:21,2024-11-10 15:50:21,23.0,No,Yes
TKT-00799,Network,Medium,Resolved,IT,Priya Singh,2023-09-12 16:22:13,2023-09-13 12:22:13,20.0,No,No
TKT-00800,Access/Login,Medium,Resolved,Legal,Anjali Mehta,2023-11-16 21:48:19,2023-11-18 05:48:19,32.0,No,No
TKT-00801,Email,High,Closed,Finance,Priya Singh,2023-06-21 13:17:45,2023-06-22 13:17:45,24.0,No,No
TKT-00802,Access/Login,Low,Closed,Sales,Suresh Kumar,2024-12-17 01:57:20,2024-12-17 23:57:20,22.0,No,No
TKT-00803,Network,Critical,Resolved,HR,Anjali Mehta,2023-06-01 22:50:08,2023-06-02 05:50:08,7.0,Yes,No
TKT-00804,Network,Medium,Closed,HR,Priya Singh,2023-07-01 10:53:16,2023-07-03 04:53:16,42.0,No,Yes
TKT-00805,Software,Medium,Resolved,Sales,Neha Gupta,2023-06-09 03:06:06,2023-06-10 20:06:06,41.0,No,No
TKT-00806,Software,Medium,Resolved,Operations,Vikram Joshi,2024-08-15 09:44:46,2024-08-16 17:44:46,32.0,No,No
TKT-00807,Hardware,Medium,Closed,Operations,Neha Gupta,2023-04-13 08:16:09,2023-04-15 19:16:09,59.0,Yes,No
TKT-00808,Network,Critical,In Progress,HR,Anjali Mehta,2023-09-08 08:07:45,,,,No
TKT-00809,Network,High,Resolved,Marketing,Suresh Kumar,2024-04-04 14:08:41,2024-04-05 02:08:41,12.0,No,No
TKT-00810,Access/Login,Medium,Closed,Marketing,Priya Singh,2024-03-11 02:32:04,2024-03-11 15:32:04,13.0,No,No
TKT-00811,Access/Login,High,Resolved,IT,Priya Singh,2023-02-16 08:52:10,2023-02-17 07:52:10,23.0,No,No
TKT-00812,Software,Low,Closed,Finance,Anjali Mehta,2024-10-10 15:41:18,2024-10-13 15:41:18,72.0,No,No
TKT-00813,Hardware,Low,Open,Legal,Neha Gupta,2024-03-28 10:07:45,,,,No
TKT-00814,Access/Login,Medium,Closed,IT,Neha Gupta,2023-08-28 04:42:59,2023-08-28 23:42:59,19.0,No,No
TKT-00815,Email,Low,Resolved,Marketing,Priya Singh,2023-08-20 06:09:36,2023-08-23 08:09:36,74.0,Yes,Yes
TKT-00816,Email,Medium,In Progress,Operations,Neha Gupta,2024-08-21 12:53:25,,,,No
TKT-00817,Printer,Low,Closed,Operations,Vikram Joshi,2024-05-18 03:25:38,2024-05-20 00:25:38,45.0,No,Yes
TKT-00818,Email,High,Resolved,IT,Anjali Mehta,2023-01-04 21:44:58,2023-01-05 19:44:58,22.0,No,No
TKT-00819,Email,Medium,Resolved,Sales,Suresh Kumar,2024-05-20 05:54:16,2024-05-21 16:54:16,35.0,No,No
TKT-00820,Access/Login,Medium,Resolved,Sales,Vikram Joshi,2024-04-08 07:44:06,2024-04-09 06:44:06,23.0,No,No
TKT-00821,Printer,Critical,Closed,Marketing,Vikram Joshi,2023-01-20 11:52:51,2023-01-20 19:52:51,8.0,Yes,No
TKT-00822,Email,Low,Resolved,Sales,Vikram Joshi,2024-01-06 06:55:36,2024-01-09 23:55:36,89.0,Yes,Yes
TKT-00823,Hardware,Low,Resolved,Legal,Rohit Verma,2024-04-28 08:10:03,2024-04-30 02:10:03,42.0,No,Yes
TKT-00824,Network,High,Resolved,HR,Suresh Kumar,2023-08-04 10:18:57,2023-08-05 11:18:57,25.0,Yes,No
TKT-00825,Printer,Medium,Open,Sales,Vikram Joshi,2023-09-08 04:37:43,,,,No
TKT-00826,Hardware,Medium,Resolved,Finance,Suresh Kumar,2024-07-14 00:33:11,2024-07-16 10:33:11,58.0,Yes,Yes
TKT-00827,Access/Login,Low,Resolved,Marketing,Priya Singh,2024-11-29 01:37:30,2024-11-30 13:37:30,36.0,No,No
TKT-00828,Hardware,Medium,Closed,HR,Amit Sharma,2024-09-29 08:17:31,2024-09-30 18:17:31,34.0,No,Yes
TKT-00829,Network,Medium,In Progress,Operations,Priya Singh,2023-06-19 02:07:18,,,,No
TKT-00830,Access/Login,Low,Closed,IT,Amit Sharma,2024-11-28 00:26:08,2024-11-29 22:26:08,46.0,No,No
TKT-00831,Printer,Medium,Closed,HR,Amit Sharma,2024-09-19 00:18:47,2024-09-20 21:18:47,45.0,No,No
TKT-00832,Email,Critical,Open,Sales,Rohit Verma,2024-02-09 02:35:55,,,,No
TKT-00833,Printer,Medium,Resolved,Marketing,Anjali Mehta,2023-02-03 07:45:59,2023-02-05 10:45:59,51.0,Yes,No
TKT-00834,Software,Medium,Closed,Finance,Rohit Verma,2024-03-27 20:38:50,2024-03-28 01:38:50,5.0,No,No
TKT-00835,Hardware,Low,Resolved,HR,Anjali Mehta,2023-12-19 16:07:52,2023-12-22 11:07:52,67.0,No,No
TKT-00836,Network,Low,Resolved,HR,Amit Sharma,2024-08-23 15:26:27,2024-08-27 05:26:27,86.0,Yes,No
TKT-00837,Email,Medium,Closed,HR,Amit Sharma,2024-05-15 07:29:10,2024-05-15 20:29:10,13.0,No,No
TKT-00838,Software,High,Closed,Sales,Rohit Verma,2024-08-03 23:03:44,2024-08-04 03:03:44,4.0,No,Yes
TKT-00839,Network,High,Closed,Marketing,Vikram Joshi,2023-11-23 13:50:46,2023-11-23 20:50:46,7.0,No,No
TKT-00840,Network,High,Resolved,Sales,Amit Sharma,2024-12-11 12:19:29,2024-12-11 22:19:29,10.0,No,No
TKT-00841,Access/Login,Low,In Progress,Finance,Suresh Kumar,2023-12-19 08:12:19,,,,No
TKT-00842,Hardware,Low,Closed,Finance,Suresh Kumar,2024-05-05 13:12:59,2024-05-06 12:12:59,23.0,No,Yes
TKT-00843,Hardware,Low,Resolved,Marketing,Rohit Verma,2024-02-15 14:46:08,2024-02-18 09:46:08,67.0,No,No
TKT-00844,Software,Medium,Resolved,HR,Anjali Mehta,2024-08-07 21:34:27,2024-08-08 19:34:27,22.0,No,No
TKT-00845,Access/Login,Medium,Closed,Legal,Neha Gupta,2023-11-27 18:31:19,2023-11-29 02:31:19,32.0,No,No
TKT-00846,Email,Low,Resolved,Marketing,Vikram Joshi,2024-05-17 22:20:52,2024-05-20 21:20:52,71.0,No,No
TKT-00847,Network,Medium,Resolved,HR,Anjali Mehta,2023-11-16 01:41:42,2023-11-17 05:41:42,28.0,No,No
TKT-00848,Hardware,High,Closed,Sales,Anjali Mehta,2024-12-06 06:22:32,2024-12-07 01:22:32,19.0,No,No
TKT-00849,Access/Login,Medium,Resolved,IT,Amit Sharma,2024-05-25 20:33:18,2024-05-27 21:33:18,49.0,Yes,Yes
TKT-00850,Hardware,High,Resolved,Finance,Priya Singh,2024-07-10 09:26:07,2024-07-10 11:26:07,2.0,No,No
TKT-00851,Software,Medium,Resolved,Operations,Anjali Mehta,2023-08-22 18:48:45,2023-08-24 06:48:45,36.0,No,No
TKT-00852,Hardware,Low,Resolved,Legal,Anjali Mehta,2023-02-08 09:33:20,2023-02-09 00:33:20,15.0,No,No
TKT-00853,Printer,Medium,Resolved,Marketing,Vikram Joshi,2024-09-29 16:24:49,2024-09-30 06:24:49,14.0,No,Yes
TKT-00854,Software,Critical,Resolved,Finance,Neha Gupta,2024-06-05 15:07:43,2024-06-05 16:07:43,1.0,No,No
TKT-00855,Software,High,Resolved,Finance,Anjali Mehta,2024-01-31 07:38:06,2024-02-01 11:38:06,28.0,Yes,No
TKT-00856,Access/Login,Medium,Open,HR,Vikram Joshi,2023-07-06 15:29:09,,,,No
TKT-00857,Email,Low,Open,IT,Rohit Verma,2023-03-25 11:23:44,,,,Yes
TKT-00858,Email,Low,Open,Legal,Priya Singh,2023-10-05 22:49:01,,,,No
TKT-00859,Hardware,Low,Resolved,IT,Priya Singh,2023-06-04 17:20:36,2023-06-07 02:20:36,57.0,No,Yes
TKT-00860,Software,Critical,Resolved,HR,Vikram Joshi,2023-06-17 02:36:05,2023-06-17 05:36:05,3.0,No,Yes
TKT-00861,Hardware,High,Resolved,HR,Priya Singh,2023-05-12 15:40:26,2023-05-13 13:40:26,22.0,No,No
TKT-00862,Network,Medium,Open,Legal,Neha Gupta,2023-02-24 22:45:33,,,,No
TKT-00863,Email,Medium,Resolved,Finance,Suresh Kumar,2023-02-05 02:06:46,2023-02-06 21:06:46,43.0,No,Yes
TKT-00864,Email,Critical,Closed,Legal,Rohit Verma,2024-05-01 05:01:47,2024-05-01 14:01:47,9.0,Yes,No
TKT-00865,Software,Low,In Progress,HR,Suresh Kumar,2023-09-25 01:36:23,,,,No
TKT-00866,Email,Low,Closed,Marketing,Priya Singh,2023-09-16 16:30:55,2023-09-18 13:30:55,45.0,No,Yes
TKT-00867,Software,Medium,In Progress,IT,Neha Gupta,2024-03-29 00:15:52,,,,No
TKT-00868,Hardware,Medium,Resolved,IT,Rohit Verma,2023-06-14 23:50:08,2023-06-16 19:50:08,44.0,No,No
TKT-00869,Hardware,Low,Resolved,Operations,Priya Singh,2024-01-28 21:43:07,2024-01-30 03:43:07,30.0,No,Yes
TKT-00870,Email,Low,Open,Marketing,Neha Gupta,2024-06-26 16:14:10,,,,No
TKT-00871,Software,High,Open,Finance,Vikram Joshi,2023-04-02 11:21:48,,,,Yes
TKT-00872,Software,High,Open,IT,Priya Singh,2024-12-04 11:22:30,,,,No
TKT-00873,Hardware,High,Resolved,Operations,Neha Gupta,2024-06-05 05:08:41,2024-06-05 18:08:41,13.0,No,No
TKT-00874,Access/Login,High,Closed,Sales,Priya Singh,2023-03-10 04:07:21,2023-03-10 07:07:21,3.0,No,No
TKT-00875,Hardware,Low,Resolved,IT,Neha Gupta,2023-03-20 09:09:11,2023-03-23 00:09:11,63.0,No,No
TKT-00876,Software,High,Closed,Legal,Vikram Joshi,2023-09-15 14:49:09,2023-09-16 10:49:09,20.0,No,No
TKT-00877,Software,Low,Open,IT,Vikram Joshi,2024-11-26 01:01:27,,,,No
TKT-00878,Network,Low,Resolved,Legal,Priya Singh,2023-02-18 01:54:59,2023-02-19 18:54:59,41.0,No,Yes
TKT-00879,Software,High,Closed,Finance,Suresh Kumar,2023-04-07 23:31:23,2023-04-08 02:31:23,3.0,No,No
TKT-00880,Access/Login,High,Closed,IT,Suresh Kumar,2023-11-05 04:43:48,2023-11-06 07:43:48,27.0,Yes,Yes
TKT-00881,Access/Login,Medium,Resolved,Legal,Amit Sharma,2023-07-18 16:22:40,2023-07-19 10:22:40,18.0,No,No
TKT-00882,Network,Low,In Progress,HR,Neha Gupta,2024-11-03 03:56:51,,,,Yes
TKT-00883,Email,High,Resolved,IT,Neha Gupta,2023-10-21 06:30:12,2023-10-22 06:30:12,24.0,No,Yes
TKT-00884,Software,High,Resolved,IT,Anjali Mehta,2023-09-04 16:48:06,2023-09-05 14:48:06,22.0,No,No
TKT-00885,Access/Login,High,Resolved,HR,Rohit Verma,2024-06-11 22:20:46,2024-06-12 08:20:46,10.0,No,No
TKT-00886,Email,Medium,Resolved,Marketing,Amit Sharma,2024-05-04 15:37:25,2024-05-05 17:37:25,26.0,No,Yes
TKT-00887,Email,Critical,Closed,HR,Amit Sharma,2023-06-17 23:38:59,2023-06-18 09:38:59,10.0,Yes,Yes
TKT-00888,Hardware,Medium,Resolved,Operations,Anjali Mehta,2023-04-06 03:12:37,2023-04-07 19:12:37,40.0,No,No
TKT-00889,Software,Critical,Resolved,HR,Anjali Mehta,2024-12-08 21:39:33,2024-12-09 07:39:33,10.0,Yes,Yes
TKT-00890,Printer,Low,Closed,Finance,Rohit Verma,2024-10-26 23:25:21,2024-10-29 06:25:21,55.0,No,Yes
TKT-00891,Network,Low,Resolved,IT,Neha Gupta,2024-08-14 04:53:27,2024-08-17 06:53:27,74.0,Yes,No
TKT-00892,Access/Login,High,Closed,Operations,Rohit Verma,2023-06-06 19:56:11,2023-06-07 08:56:11,13.0,No,No
TKT-00893,Software,High,Resolved,HR,Neha Gupta,2024-09-22 01:28:11,2024-09-22 05:28:11,4.0,No,Yes
TKT-00894,Software,Low,Closed,IT,Priya Singh,2024-03-08 12:09:39,2024-03-10 00:09:39,36.0,No,No
TKT-00895,Network,Medium,Closed,Finance,Neha Gupta,2023-08-05 03:33:34,2023-08-06 10:33:34,31.0,No,Yes
TKT-00896,Network,Low,Resolved,Legal,Priya Singh,2024-03-31 01:18:18,2024-04-03 05:18:18,76.0,Yes,Yes
TKT-00897,Email,Medium,Closed,Sales,Neha Gupta,2023-10-16 18:44:48,2023-10-18 17:44:48,47.0,No,No
TKT-00898,Email,Medium,Resolved,Finance,Vikram Joshi,2024-06-08 05:20:09,2024-06-08 20:20:09,15.0,No,Yes
TKT-00899,Software,Medium,In Progress,Legal,Vikram Joshi,2023-12-14 17:57:24,,,,No
TKT-00900,Access/Login,Critical,Closed,Finance,Anjali Mehta,2024-03-09 12:49:45,2024-03-09 15:49:45,3.0,No,Yes
TKT-00901,Printer,Medium,Closed,Finance,Priya Singh,2024-10-03 09:36:41,2024-10-03 21:36:41,12.0,No,No
TKT-00902,Email,Low,Resolved,Finance,Priya Singh,2024-08-22 03:01:59,2024-08-25 12:01:59,81.0,Yes,No
TKT-00903,Network,Low,Resolved,Finance,Suresh Kumar,2024-06-21 11:50:09,2024-06-23 11:50:09,48.0,No,No
TKT-00904,Access/Login,High,In Progress,Sales,Priya Singh,2024-06-03 07:25:25,,,,No
TKT-00905,Network,Medium,Resolved,Sales,Vikram Joshi,2024-02-04 05:25:37,2024-02-06 04:25:37,47.0,No,Yes
TKT-00906,Printer,Critical,Resolved,Marketing,Amit Sharma,2024-09-25 03:29:41,2024-09-25 12:29:41,9.0,Yes,No
TKT-00907,Hardware,Medium,Resolved,Legal,Priya Singh,2023-09-04 21:22:19,2023-09-06 00:22:19,27.0,No,No
TKT-00908,Hardware,Medium,Resolved,Operations,Priya Singh,2023-02-21 16:21:13,2023-02-22 09:21:13,17.0,No,No
TKT-00909,Email,High,Closed,HR,Suresh Kumar,2024-07-18 21:25:23,2024-07-19 14:25:23,17.0,No,No
TKT-00910,Email,Medium,In Progress,Marketing,Rohit Verma,2024-06-11 15:43:01,,,,No
TKT-00911,Network,Medium,Resolved,Sales,Rohit Verma,2024-01-16 04:18:49,2024-01-17 13:18:49,33.0,No,No
TKT-00912,Hardware,Low,Open,Marketing,Neha Gupta,2023-05-07 16:17:59,,,,Yes
TKT-00913,Printer,High,Resolved,Operations,Suresh Kumar,2023-02-20 15:07:12,2023-02-20 23:07:12,8.0,No,No
TKT-00914,Access/Login,Critical,Closed,Sales,Amit Sharma,2023-06-24 19:53:49,2023-06-24 21:53:49,2.0,No,Yes
TKT-00915,Hardware,Medium,In Progress,IT,Priya Singh,2023-07-17 09:45:01,,,,No
TKT-00916,Software,Low,Open,Sales,Suresh Kumar,2023-12-17 01:16:51,,,,Yes
TKT-00917,Email,Medium,Closed,IT,Priya Singh,2024-05-08 06:52:43,2024-05-10 13:52:43,55.0,Yes,No
TKT-00918,Network,Medium,Closed,Marketing,Neha Gupta,2023-04-21 07:35:39,2023-04-23 05:35:39,46.0,No,No
TKT-00919,Access/Login,Low,In Progress,Marketing,Priya Singh,2023-07-05 21:23:26,,,,No
TKT-00920,Access/Login,Critical,Resolved,Marketing,Rohit Verma,2024-08-27 18:08:04,2024-08-28 01:08:04,7.0,Yes,No
TKT-00921,Network,Medium,Resolved,Marketing,Vikram Joshi,2023-07-18 19:10:14,2023-07-19 23:10:14,28.0,No,No
TKT-00922,Hardware,High,Resolved,HR,Priya Singh,2023-03-22 15:03:19,2023-03-23 21:03:19,30.0,Yes,No
TKT-00923,Network,Low,Resolved,IT,Anjali Mehta,2024-05-08 14:55:11,2024-05-10 21:55:11,55.0,No,No
TKT-00924,Email,Medium,Resolved,Finance,Vikram Joshi,2024-09-05 19:52:07,2024-09-06 11:52:07,16.0,No,No
TKT-00925,Email,High,Closed,Legal,Rohit Verma,2024-10-13 18:23:10,2024-10-14 17:23:10,23.0,No,Yes
TKT-00926,Hardware,Medium,Resolved,Finance,Amit Sharma,2023-01-09 06:53:05,2023-01-10 20:53:05,38.0,No,No
TKT-00927,Access/Login,Medium,In Progress,Finance,Amit Sharma,2024-09-30 18:53:38,,,,No
TKT-00928,Software,High,Closed,Marketing,Vikram Joshi,2024-08-28 22:51:35,2024-08-29 17:51:35,19.0,No,No
TKT-00929,Printer,High,Resolved,IT,Amit Sharma,2023-11-29 22:03:53,2023-11-30 04:03:53,6.0,No,No
TKT-00930,Access/Login,Medium,Closed,Finance,Vikram Joshi,2024-04-27 20:05:13,2024-04-29 15:05:13,43.0,No,Yes
TKT-00931,Software,High,Resolved,Legal,Amit Sharma,2023-07-16 16:42:23,2023-07-17 21:42:23,29.0,Yes,Yes
TKT-00932,Printer,Low,Resolved,Finance,Amit Sharma,2023-01-07 00:39:20,2023-01-09 16:39:20,64.0,No,Yes
TKT-00933,Hardware,Low,Resolved,IT,Amit Sharma,2023-04-09 01:23:33,2023-04-10 12:23:33,35.0,No,Yes
TKT-00934,Email,Low,Resolved,Sales,Amit Sharma,2023-03-20 16:51:31,2023-03-21 10:51:31,18.0,No,No
TKT-00935,Hardware,High,In Progress,Finance,Suresh Kumar,2023-10-26 07:33:24,,,,No
TKT-00936,Hardware,Low,Open,Sales,Suresh Kumar,2024-11-17 09:42:07,,,,Yes
TKT-00937,Printer,Medium,Closed,HR,Amit Sharma,2023-10-04 14:28:46,2023-10-06 19:28:46,53.0,Yes,No
TKT-00938,Software,High,In Progress,Finance,Vikram Joshi,2023-04-17 13:30:27,,,,No
TKT-00939,Software,Critical,Open,IT,Rohit Verma,2024-05-12 20:49:03,,,,Yes
TKT-00940,Software,High,In Progress,IT,Priya Singh,2023-07-04 12:45:02,,,,No
TKT-00941,Network,Low,Resolved,Finance,Neha Gupta,2023-10-26 02:06:22,2023-10-28 10:06:22,56.0,No,No
TKT-00942,Printer,Low,Resolved,HR,Neha Gupta,2023-04-11 04:49:01,2023-04-13 02:49:01,46.0,No,No
TKT-00943,Printer,Critical,Resolved,Operations,Neha Gupta,2024-03-20 22:47:21,2024-03-21 02:47:21,4.0,No,No
TKT-00944,Hardware,High,Open,Marketing,Rohit Verma,2023-12-20 07:13:00,,,,No
TKT-00945,Printer,Low,Resolved,Marketing,Anjali Mehta,2023-12-07 08:40:23,2023-12-08 04:40:23,20.0,No,No
TKT-00946,Access/Login,Medium,In Progress,Marketing,Priya Singh,2023-11-23 09:43:35,,,,No
TKT-00947,Software,Medium,In Progress,HR,Priya Singh,2023-12-21 03:11:24,,,,No
TKT-00948,Printer,High,Closed,Legal,Vikram Joshi,2024-09-14 09:14:11,2024-09-15 02:14:11,17.0,No,Yes
TKT-00949,Access/Login,Critical,Closed,Finance,Vikram Joshi,2024-03-05 03:09:41,2024-03-05 08:09:41,5.0,Yes,No
TKT-00950,Access/Login,Medium,Closed,Finance,Amit Sharma,2023-10-04 13:35:24,2023-10-06 17:35:24,52.0,Yes,No
TKT-00951,Access/Login,Medium,In Progress,IT,Suresh Kumar,2023-02-24 09:35:02,,,,No
TKT-00952,Email,Low,Resolved,Legal,Suresh Kumar,2023-09-22 20:27:10,2023-09-25 21:27:10,73.0,Yes,No
TKT-00953,Network,Medium,Resolved,Sales,Suresh Kumar,2023-04-12 01:17:32,2023-04-14 09:17:32,56.0,Yes,No
TKT-00954,Email,Low,Closed,IT,Amit Sharma,2024-04-13 00:19:41,2024-04-15 11:19:41,59.0,No,Yes
TKT-00955,Access/Login,Medium,Resolved,Operations,Anjali Mehta,2024-11-28 20:32:01,2024-11-30 22:32:01,50.0,Yes,No
TKT-00956,Access/Login,Low,Closed,IT,Vikram Joshi,2023-11-22 16:28:51,2023-11-23 16:28:51,24.0,No,No
TKT-00957,Printer,Medium,Closed,IT,Neha Gupta,2024-10-12 07:35:01,2024-10-14 18:35:01,59.0,Yes,Yes
TKT-00958,Hardware,Medium,Resolved,IT,Suresh Kumar,2024-01-19 11:35:32,2024-01-21 17:35:32,54.0,Yes,No
TKT-00959,Hardware,Low,Resolved,Legal,Rohit Verma,2024-11-26 02:08:29,2024-11-28 08:08:29,54.0,No,No
TKT-00960,Hardware,High,Closed,IT,Amit Sharma,2024-05-10 00:58:03,2024-05-10 13:58:03,13.0,No,No
TKT-00961,Network,Low,Resolved,Finance,Anjali Mehta,2024-04-15 00:05:25,2024-04-17 01:05:25,49.0,No,No
TKT-00962,Network,Low,Resolved,Operations,Rohit Verma,2024-06-05 14:11:46,2024-06-06 04:11:46,14.0,No,No
TKT-00963,Email,Medium,Resolved,HR,Anjali Mehta,2024-07-15 01:20:42,2024-07-16 19:20:42,42.0,No,No
TKT-00964,Access/Login,Medium,Resolved,HR,Vikram Joshi,2024-07-04 23:25:18,2024-07-05 10:25:18,11.0,No,No
TKT-00965,Network,Medium,Open,Marketing,Rohit Verma,2024-10-10 12:40:54,,,,No
TKT-00966,Access/Login,Low,Closed,Legal,Amit Sharma,2024-01-04 10:35:16,2024-01-07 16:35:16,78.0,Yes,No
TKT-00967,Hardware,Low,Closed,Legal,Priya Singh,2024-02-16 23:25:06,2024-02-20 16:25:06,89.0,Yes,No
TKT-00968,Hardware,Medium,Resolved,Operations,Vikram Joshi,2023-08-02 16:03:16,2023-08-04 03:03:16,35.0,No,No
TKT-00969,Network,High,Closed,Sales,Suresh Kumar,2023-11-11 06:47:16,2023-11-12 05:47:16,23.0,No,Yes
TKT-00970,Network,Low,Resolved,Operations,Suresh Kumar,2024-06-25 05:34:49,2024-06-28 01:34:49,68.0,No,No
TKT-00971,Software,High,Closed,Operations,Vikram Joshi,2024-04-10 21:37:57,2024-04-11 14:37:57,17.0,No,No
TKT-00972,Printer,Critical,Closed,IT,Rohit Verma,2024-11-16 18:40:20,2024-11-17 01:40:20,7.0,Yes,Yes
TKT-00973,Email,High,Resolved,Finance,Rohit Verma,2023-11-03 12:12:17,2023-11-03 21:12:17,9.0,No,No
TKT-00974,Printer,Medium,Resolved,IT,Neha Gupta,2023-02-08 03:48:47,2023-02-10 15:48:47,60.0,Yes,No
TKT-00975,Printer,Low,Resolved,Legal,Rohit Verma,2023-09-05 02:36:10,2023-09-06 08:36:10,30.0,No,No
TKT-00976,Software,Medium,Resolved,Finance,Amit Sharma,2023-08-02 16:35:10,2023-08-05 00:35:10,56.0,Yes,No
TKT-00977,Access/Login,Medium,In Progress,IT,Anjali Mehta,2023-01-28 11:55:39,,,,Yes
TKT-00978,Software,Low,Closed,Sales,Anjali Mehta,2024-08-27 02:46:57,2024-08-30 10:46:57,80.0,Yes,No
TKT-00979,Printer,Medium,Resolved,Legal,Amit Sharma,2023-04-28 03:21:08,2023-04-29 22:21:08,43.0,No,No
TKT-00980,Access/Login,High,Closed,HR,Neha Gupta,2024-02-10 10:25:58,2024-02-10 15:25:58,5.0,No,Yes
TKT-00981,Printer,Medium,Resolved,Marketing,Vikram Joshi,2023-05-27 01:40:53,2023-05-29 07:40:53,54.0,Yes,Yes
TKT-00982,Access/Login,High,Resolved,HR,Vikram Joshi,2023-08-02 22:50:50,2023-08-04 02:50:50,28.0,Yes,No
TKT-00983,Printer,Medium,Closed,Finance,Neha Gupta,2023-06-19 16:43:39,2023-06-20 06:43:39,14.0,No,No
TKT-00984,Software,Critical,Resolved,Sales,Vikram Joshi,2023-04-25 20:50:36,2023-04-26 05:50:36,9.0,Yes,No
TKT-00985,Network,Medium,Resolved,Operations,Neha Gupta,2023-08-29 23:52:05,2023-08-31 23:52:05,48.0,No,No
TKT-00986,Software,Medium,Closed,Legal,Rohit Verma,2024-12-10 19:43:39,2024-12-12 17:43:39,46.0,No,No
TKT-00987,Hardware,High,Closed,HR,Anjali Mehta,2024-08-25 22:46:42,2024-08-26 17:46:42,19.0,No,Yes
TKT-00988,Network,Medium,Closed,Legal,Anjali Mehta,2023-08-13 23:02:50,2023-08-15 14:02:50,39.0,No,Yes
TKT-00989,Access/Login,Medium,In Progress,IT,Rohit Verma,2024-03-19 01:48:08,,,,No
TKT-00990,Network,Low,Open,IT,Anjali Mehta,2024-02-28 17:38:55,,,,No
TKT-00991,Hardware,Low,Resolved,Legal,Neha Gupta,2024-10-15 16:11:47,2024-10-18 14:11:47,70.0,No,No
TKT-00992,Printer,Medium,In Progress,HR,Vikram Joshi,2023-12-26 09:59:15,,,,No
TKT-00993,Hardware,Medium,Closed,Legal,Suresh Kumar,2024-11-08 06:11:17,2024-11-09 16:11:17,34.0,No,No
TKT-00994,Hardware,Medium,Resolved,IT,Vikram Joshi,2024-04-04 22:33:28,2024-04-05 03:33:28,5.0,No,No
TKT-00995,Printer,Medium,Closed,HR,Priya Singh,2023-06-28 14:28:54,2023-06-30 04:28:54,38.0,No,No
TKT-00996,Email,Medium,Closed,Sales,Neha Gupta,2024-11-15 10:43:22,2024-11-17 22:43:22,60.0,Yes,No
TKT-00997,Network,Low,Closed,Sales,Vikram Joshi,2023-04-03 11:09:49,2023-04-05 09:09:49,46.0,No,No
TKT-00998,Network,Low,Open,Legal,Suresh Kumar,2023-07-02 22:57:32,,,,Yes
TKT-00999,Printer,Medium,Resolved,HR,Neha Gupta,2024-05-04 20:17:34,2024-05-05 17:17:34,21.0,No,Yes
TKT-01000,Hardware,Medium,Resolved,Sales,Priya Singh,2023-06-09 16:28:49,2023-06-10 20:28:49,28.0,No,No
TKT-01001,Hardware,Low,Closed,Legal,Neha Gupta,2023-01-05 02:31:47,2023-01-08 03:31:47,73.0,Yes,No
TKT-01002,Software,Critical,Open,Sales,Rohit Verma,2023-10-01 21:44:54,,,,Yes
TKT-01003,Software,Medium,In Progress,Sales,Anjali Mehta,2023-06-30 19:30:43,,,,No
TKT-01004,Software,Low,In Progress,Finance,Suresh Kumar,2023-08-28 22:50:19,,,,No
TKT-01005,Printer,Medium,Resolved,IT,Priya Singh,2024-07-19 02:49:33,2024-07-21 03:49:33,49.0,Yes,No
TKT-01006,Printer,Medium,Resolved,Operations,Rohit Verma,2023-07-30 11:54:54,2023-07-30 22:54:54,11.0,No,Yes
TKT-01007,Hardware,Medium,Resolved,Sales,Suresh Kumar,2024-08-06 03:22:35,2024-08-08 05:22:35,50.0,Yes,No
TKT-01008,Hardware,Low,Closed,Sales,Neha Gupta,2023-11-30 14:12:13,2023-12-02 23:12:13,57.0,No,No
TKT-01009,Hardware,Medium,Resolved,Operations,Neha Gupta,2023-02-21 00:17:17,2023-02-22 10:17:17,34.0,No,No
TKT-01010,Network,High,Resolved,Sales,Amit Sharma,2024-02-12 07:41:05,2024-02-12 13:41:05,6.0,No,No
TKT-01011,Network,High,In Progress,Sales,Rohit Verma,2023-05-03 18:42:27,,,,No
TKT-01012,Email,Medium,Open,Sales,Anjali Mehta,2023-02-26 10:26:06,,,,Yes
TKT-01013,Printer,Medium,Resolved,Finance,Priya Singh,2023-05-19 08:27:00,2023-05-20 03:27:00,19.0,No,No
TKT-01014,Access/Login,Low,Closed,IT,Amit Sharma,2023-08-19 12:31:01,2023-08-22 13:31:01,73.0,Yes,Yes
TKT-01015,Printer,Medium,Resolved,HR,Vikram Joshi,2024-06-14 10:46:33,2024-06-14 22:46:33,12.0,No,No
TKT-01016,Software,High,Resolved,Finance,Anjali Mehta,2024-02-15 18:48:27,2024-02-16 04:48:27,10.0,No,No
TKT-01017,Printer,Medium,Closed,HR,Suresh Kumar,2023-06-02 11:38:39,2023-06-03 03:38:39,16.0,No,No
TKT-01018,Software,High,Closed,Sales,Amit Sharma,2023-09-05 05:00:46,2023-09-06 04:00:46,23.0,No,No
TKT-01019,Access/Login,Medium,In Progress,HR,Vikram Joshi,2024-06-15 08:06:20,,,,Yes
TKT-01020,Access/Login,High,Closed,IT,Anjali Mehta,2023-06-12 04:32:33,2023-06-13 03:32:33,23.0,No,No
TKT-01021,Network,Critical,Closed,IT,Rohit Verma,2023-04-14 13:12:40,2023-04-14 14:12:40,1.0,No,No
TKT-01022,Printer,Low,Closed,Marketing,Amit Sharma,2024-08-17 21:01:22,2024-08-21 05:01:22,80.0,Yes,Yes
TKT-01023,Access/Login,Low,Resolved,Legal,Vikram Joshi,2024-12-10 01:25:53,2024-12-12 14:25:53,61.0,No,No
TKT-01024,Software,Medium,Resolved,Marketing,Vikram Joshi,2024-01-10 06:56:17,2024-01-10 18:56:17,12.0,No,No
TKT-01025,Access/Login,High,In Progress,Marketing,Suresh Kumar,2023-05-16 19:30:45,,,,No
TKT-01026,Network,Medium,Resolved,IT,Neha Gupta,2023-03-22 20:58:44,2023-03-24 13:58:44,41.0,No,No
TKT-01027,Hardware,High,Open,Operations,Priya Singh,2023-05-11 18:35:01,,,,No
TKT-01028,Hardware,Medium,In Progress,Marketing,Priya Singh,2023-09-23 14:19:43,,,,Yes
TKT-01029,Hardware,Low,Resolved,Legal,Neha Gupta,2023-12-06 11:58:44,2023-12-08 11:58:44,48.0,No,No
TKT-01030,Software,Medium,Resolved,HR,Suresh Kumar,2024-05-18 06:31:45,2024-05-18 13:31:45,7.0,No,Yes
TKT-01031,Email,Medium,Resolved,Marketing,Anjali Mehta,2024-06-06 16:28:19,2024-06-09 01:28:19,57.0,Yes,No
TKT-01032,Network,Medium,Closed,HR,Amit Sharma,2024-09-02 10:54:41,2024-09-03 02:54:41,16.0,No,No
TKT-01033,Access/Login,Low,Resolved,Marketing,Rohit Verma,2023-10-15 14:03:43,2023-10-17 16:03:43,50.0,No,Yes
TKT-01034,Printer,Medium,Open,Sales,Vikram Joshi,2023-08-21 15:41:37,,,,No
TKT-01035,Printer,Critical,Resolved,Marketing,Amit Sharma,2023-03-21 15:33:24,2023-03-21 16:33:24,1.0,No,No
TKT-01036,Access/Login,Low,Resolved,IT,Neha Gupta,2023-07-17 13:08:18,2023-07-20 02:08:18,61.0,No,No
TKT-01037,Printer,Medium,Closed,Operations,Rohit Verma,2023-03-04 01:12:31,2023-03-06 09:12:31,56.0,Yes,Yes
TKT-01038,Software,Low,Resolved,Legal,Amit Sharma,2023-11-08 08:58:37,2023-11-09 18:58:37,34.0,No,No
TKT-01039,Access/Login,Medium,Closed,IT,Vikram Joshi,2023-09-22 01:04:52,2023-09-24 12:04:52,59.0,Yes,No
TKT-01040,Software,Low,Closed,Finance,Neha Gupta,2024-02-21 16:02:53,2024-02-24 08:02:53,64.0,No,No
TKT-01041,Software,High,Resolved,IT,Neha Gupta,2023-11-22 21:41:08,2023-11-23 13:41:08,16.0,No,No
TKT-01042,Software,Low,Closed,Legal,Neha Gupta,2023-01-09 00:07:49,2023-01-09 16:07:49,16.0,No,No
TKT-01043,Printer,High,Resolved,IT,Vikram Joshi,2023-10-06 05:43:15,2023-10-07 01:43:15,20.0,No,No
TKT-01044,Printer,Medium,Resolved,IT,Neha Gupta,2023-02-12 11:16:27,2023-02-14 00:16:27,37.0,No,Yes
TKT-01045,Printer,Critical,Open,Finance,Anjali Mehta,2023-04-04 22:56:16,,,,No
TKT-01046,Email,Medium,Resolved,Marketing,Neha Gupta,2024-06-17 04:41:23,2024-06-17 16:41:23,12.0,No,No
TKT-01047,Printer,Medium,Closed,HR,Priya Singh,2023-03-06 23:35:09,2023-03-09 02:35:09,51.0,Yes,No
TKT-01048,Network,Medium,Closed,Operations,Anjali Mehta,2023-08-13 21:12:42,2023-08-15 16:12:42,43.0,No,Yes
TKT-01049,Software,High,Closed,IT,Neha Gupta,2024-06-27 22:48:39,2024-06-28 15:48:39,17.0,No,No
TKT-01050,Email,Low,Closed,HR,Anjali Mehta,2023-07-15 16:05:11,2023-07-18 15:05:11,71.0,No,Yes
TKT-01051,Software,Medium,Resolved,IT,Neha Gupta,2024-07-04 18:53:09,2024-07-05 14:53:09,20.0,No,No
TKT-01052,Hardware,Critical,Resolved,Sales,Rohit Verma,2024-07-14 09:56:58,2024-07-14 18:56:58,9.0,Yes,Yes
TKT-01053,Hardware,High,Resolved,HR,Suresh Kumar,2024-07-28 00:19:22,2024-07-28 19:19:22,19.0,No,Yes
TKT-01054,Access/Login,Low,Resolved,Sales,Vikram Joshi,2023-02-21 08:04:13,2023-02-21 23:04:13,15.0,No,No
TKT-01055,Network,High,Open,Legal,Suresh Kumar,2023-07-19 05:49:57,,,,No
TKT-01056,Access/Login,High,In Progress,Legal,Amit Sharma,2024-03-23 11:54:07,,,,Yes
TKT-01057,Hardware,High,Resolved,HR,Priya Singh,2023-07-16 23:43:15,2023-07-18 04:43:15,29.0,Yes,Yes
TKT-01058,Network,Low,Resolved,IT,Vikram Joshi,2024-01-07 14:15:26,2024-01-10 16:15:26,74.0,Yes,Yes
TKT-01059,Software,Medium,Resolved,Finance,Amit Sharma,2024-02-26 05:04:10,2024-02-27 14:04:10,33.0,No,No
TKT-01060,Software,High,Resolved,Sales,Suresh Kumar,2023-11-18 22:04:27,2023-11-19 08:04:27,10.0,No,Yes
TKT-01061,Printer,High,Resolved,Marketing,Priya Singh,2023-12-05 21:23:38,2023-12-06 23:23:38,26.0,Yes,No
TKT-01062,Access/Login,High,Resolved,IT,Neha Gupta,2024-06-17 11:38:19,2024-06-18 16:38:19,29.0,Yes,No
TKT-01063,Printer,Medium,Resolved,Finance,Vikram Joshi,2024-07-09 06:35:43,2024-07-11 08:35:43,50.0,Yes,No
TKT-01064,Hardware,Low,Resolved,Legal,Priya Singh,2024-08-13 16:39:16,2024-08-16 09:39:16,65.0,No,No
TKT-01065,Printer,Critical,Resolved,Operations,Amit Sharma,2024-09-11 20:35:25,2024-09-12 05:35:25,9.0,Yes,No
TKT-01066,Network,Medium,Open,Marketing,Suresh Kumar,2024-04-30 19:21:04,,,,No
TKT-01067,Network,Low,Resolved,Operations,Suresh Kumar,2023-06-19 18:58:47,2023-06-20 22:58:47,28.0,No,No
TKT-01068,Printer,Low,Closed,Legal,Suresh Kumar,2024-08-19 03:46:09,2024-08-21 21:46:09,66.0,No,No
TKT-01069,Software,High,Resolved,Operations,Rohit Verma,2024-07-21 16:28:09,2024-07-22 17:28:09,25.0,Yes,Yes
TKT-01070,Email,Critical,Resolved,HR,Suresh Kumar,2023-11-20 14:26:14,2023-11-20 20:26:14,6.0,Yes,No
TKT-01071,Printer,Low,Resolved,Legal,Suresh Kumar,2023-12-20 01:30:54,2023-12-23 14:30:54,85.0,Yes,No
TKT-01072,Printer,Medium,Closed,Marketing,Amit Sharma,2023-10-16 21:21:00,2023-10-17 18:21:00,21.0,No,No
TKT-01073,Network,Low,Closed,HR,Neha Gupta,2024-05-10 21:09:40,2024-05-12 21:09:40,48.0,No,No
TKT-01074,Access/Login,Medium,Resolved,Marketing,Suresh Kumar,2024-02-21 16:32:01,2024-02-23 18:32:01,50.0,Yes,No
TKT-01075,Email,Low,Resolved,Marketing,Vikram Joshi,2024-01-14 15:18:32,2024-01-18 02:18:32,83.0,Yes,Yes
TKT-01076,Email,High,Resolved,Operations,Suresh Kumar,2023-12-30 20:18:31,2023-12-31 22:18:31,26.0,Yes,Yes
TKT-01077,Access/Login,Low,Closed,Legal,Neha Gupta,2023-12-13 13:53:54,2023-12-14 09:53:54,20.0,No,No
TKT-01078,Software,Medium,Resolved,Sales,Anjali Mehta,2023-04-04 14:09:40,2023-04-05 20:09:40,30.0,No,No
TKT-01079,Email,High,Open,Operations,Neha Gupta,2024-03-13 18:10:47,,,,No
TKT-01080,Printer,Critical,Open,Finance,Suresh Kumar,2024-10-20 00:19:27,,,,Yes
TKT-01081,Software,Critical,Closed,Operations,Amit Sharma,2024-02-04 04:31:02,2024-02-04 05:31:02,1.0,No,Yes
TKT-01082,Printer,Low,Closed,HR,Suresh Kumar,2024-03-11 08:17:24,2024-03-13 22:17:24,62.0,No,No
TKT-01083,Email,Low,Closed,HR,Rohit Verma,2023-08-24 00:02:29,2023-08-26 01:02:29,49.0,No,No
TKT-01084,Access/Login,Low,Resolved,Legal,Suresh Kumar,2023-01-08 15:46:41,2023-01-11 06:46:41,63.0,No,Yes
TKT-01085,Network,Low,Open,IT,Amit Sharma,2023-09-03 01:01:47,,,,Yes
TKT-01086,Hardware,Medium,Closed,Operations,Neha Gupta,2024-03-26 16:20:09,2024-03-28 23:20:09,55.0,Yes,No
TKT-01087,Printer,High,Resolved,Finance,Suresh Kumar,2023-01-21 20:46:18,2023-01-22 12:46:18,16.0,No,Yes
TKT-01088,Software,High,Resolved,Legal,Suresh Kumar,2024-11-11 10:23:58,2024-11-12 00:23:58,14.0,No,No
TKT-01089,Access/Login,Medium,Resolved,Marketing,Neha Gupta,2023-01-24 11:06:09,2023-01-26 09:06:09,46.0,No,No
TKT-01090,Printer,Low,Closed,Legal,Anjali Mehta,2023-09-12 08:40:35,2023-09-14 09:40:35,49.0,No,No
TKT-01091,Printer,Medium,Resolved,Operations,Suresh Kumar,2023-06-09 19:46:42,2023-06-12 00:46:42,53.0,Yes,No
TKT-01092,Email,Low,Resolved,HR,Amit Sharma,2024-06-12 17:39:01,2024-06-15 23:39:01,78.0,Yes,No
TKT-01093,Software,Low,Closed,Operations,Neha Gupta,2023-09-12 09:18:55,2023-09-13 05:18:55,20.0,No,No
TKT-01094,Network,Medium,Resolved,Legal,Amit Sharma,2024-01-28 18:56:19,2024-01-30 02:56:19,32.0,No,Yes
TKT-01095,Hardware,High,Resolved,Sales,Amit Sharma,2023-06-26 04:11:13,2023-06-26 23:11:13,19.0,No,No
TKT-01096,Network,Low,Resolved,HR,Priya Singh,2023-01-18 01:14:18,2023-01-20 02:14:18,49.0,No,No
TKT-01097,Hardware,Medium,Resolved,HR,Anjali Mehta,2023-09-04 16:58:59,2023-09-05 16:58:59,24.0,No,No
TKT-01098,Network,Low,Open,Sales,Neha Gupta,2023-08-11 10:15:23,,,,No
TKT-01099,Email,Medium,Resolved,Legal,Suresh Kumar,2023-10-22 09:16:00,2023-10-22 21:16:00,12.0,No,Yes
TKT-01100,Network,Medium,Resolved,IT,Amit Sharma,2024-08-08 12:20:09,2024-08-10 09:20:09,45.0,No,No
TKT-01101,Network,Medium,Closed,HR,Priya Singh,2023-03-18 16:24:55,2023-03-20 14:24:55,46.0,No,Yes
TKT-01102,Network,Medium,Resolved,Legal,Anjali Mehta,2023-11-29 14:37:55,2023-11-30 08:37:55,18.0,No,No
TKT-01103,Network,Medium,Resolved,Finance,Suresh Kumar,2024-08-31 07:21:03,2024-09-01 23:21:03,40.0,No,Yes
TKT-01104,Hardware,High,In Progress,Operations,Rohit Verma,2023-09-13 07:04:06,,,,No
TKT-01105,Network,Medium,Open,IT,Rohit Verma,2024-09-07 00:12:06,,,,Yes
TKT-01106,Network,Low,Closed,Operations,Amit Sharma,2023-12-14 14:55:57,2023-12-16 14:55:57,48.0,No,No
TKT-01107,Software,High,In Progress,IT,Priya Singh,2024-11-15 08:59:07,,,,No
TKT-01108,Printer,Critical,Closed,Legal,Anjali Mehta,2023-01-12 13:48:33,2023-01-12 19:48:33,6.0,Yes,No
TKT-01109,Network,Low,In Progress,Sales,Amit Sharma,2023-12-16 03:08:50,,,,Yes
TKT-01110,Access/Login,Low,Resolved,Finance,Neha Gupta,2024-11-22 07:04:29,2024-11-25 16:04:29,81.0,Yes,No
TKT-01111,Access/Login,Medium,Closed,Marketing,Anjali Mehta,2024-07-09 00:57:05,2024-07-10 15:57:05,39.0,No,No
TKT-01112,Printer,Low,In Progress,IT,Vikram Joshi,2023-10-15 05:26:44,,,,Yes
TKT-01113,Printer,Critical,Resolved,Sales,Priya Singh,2023-11-11 04:45:12,2023-11-11 05:45:12,1.0,No,Yes
TKT-01114,Network,Medium,Closed,Finance,Amit Sharma,2024-09-13 03:34:19,2024-09-15 00:34:19,45.0,No,No
TKT-01115,Software,Critical,In Progress,HR,Rohit Verma,2024-03-21 11:43:50,,,,No
TKT-01116,Software,Low,In Progress,Marketing,Neha Gupta,2024-07-17 11:30:01,,,,No
TKT-01117,Email,Medium,Closed,Marketing,Anjali Mehta,2023-07-02 22:17:20,2023-07-04 22:17:20,48.0,No,Yes
TKT-01118,Email,Low,Closed,Marketing,Amit Sharma,2023-03-14 14:39:20,2023-03-15 16:39:20,26.0,No,No
TKT-01119,Email,High,Resolved,Legal,Anjali Mehta,2023-11-08 14:37:49,2023-11-09 13:37:49,23.0,No,No
TKT-01120,Email,Low,Closed,IT,Amit Sharma,2024-04-29 10:01:07,2024-05-02 02:01:07,64.0,No,No
TKT-01121,Network,Medium,In Progress,Sales,Amit Sharma,2023-06-18 00:43:31,,,,Yes
TKT-01122,Email,High,Open,Finance,Amit Sharma,2024-03-29 19:02:13,,,,No
TKT-01123,Network,Low,Resolved,HR,Suresh Kumar,2023-03-04 10:03:00,2023-03-04 23:03:00,13.0,No,Yes
TKT-01124,Hardware,Critical,Resolved,Sales,Rohit Verma,2023-05-28 08:27:51,2023-05-28 10:27:51,2.0,No,Yes
TKT-01125,Hardware,Medium,Open,Operations,Vikram Joshi,2023-05-23 09:56:20,,,,No
TKT-01126,Software,Low,Resolved,Sales,Vikram Joshi,2023-11-13 21:53:27,2023-11-14 13:53:27,16.0,No,No
TKT-01127,Software,Critical,Closed,Operations,Neha Gupta,2023-02-05 22:16:47,2023-02-06 08:16:47,10.0,Yes,Yes
TKT-01128,Hardware,Low,Resolved,HR,Neha Gupta,2023-09-24 20:58:46,2023-09-26 22:58:46,50.0,No,Yes
TKT-01129,Software,Low,Open,HR,Rohit Verma,2024-12-21 09:41:05,,,,Yes
TKT-01130,Hardware,Medium,Closed,Sales,Vikram Joshi,2023-05-09 04:46:57,2023-05-10 10:46:57,30.0,No,No
TKT-01131,Access/Login,Low,Closed,Marketing,Suresh Kumar,2023-09-16 21:45:24,2023-09-17 08:45:24,11.0,No,Yes
TKT-01132,Access/Login,High,Closed,Sales,Anjali Mehta,2023-10-06 19:17:12,2023-10-07 13:17:12,18.0,No,No
TKT-01133,Email,Low,Resolved,Operations,Anjali Mehta,2023-07-19 07:14:43,2023-07-20 01:14:43,18.0,No,No
TKT-01134,Email,Low,Closed,Sales,Neha Gupta,2023-10-20 16:39:13,2023-10-23 15:39:13,71.0,No,No
TKT-01135,Software,Low,Closed,HR,Priya Singh,2024-01-23 01:28:51,2024-01-25 02:28:51,49.0,No,No
TKT-01136,Printer,High,Resolved,Operations,Vikram Joshi,2023-10-26 09:58:46,2023-10-27 02:58:46,17.0,No,No
TKT-01137,Email,Medium,Resolved,HR,Suresh Kumar,2023-06-22 14:37:15,2023-06-24 13:37:15,47.0,No,No
TKT-01138,Hardware,Low,Open,Operations,Vikram Joshi,2023-06-15 23:06:22,,,,No
TKT-01139,Software,Medium,Resolved,HR,Rohit Verma,2024-04-16 06:15:42,2024-04-18 05:15:42,47.0,No,No
TKT-01140,Email,Medium,Open,Operations,Rohit Verma,2023-04-16 00:25:23,,,,Yes
TKT-01141,Software,Low,Open,HR,Neha Gupta,2023-06-05 14:17:33,,,,No
TKT-01142,Printer,Low,Closed,Finance,Neha Gupta,2023-03-31 12:14:15,2023-04-02 16:14:15,52.0,No,No
TKT-01143,Software,Medium,Open,HR,Rohit Verma,2023-10-10 03:32:11,,,,No
TKT-01144,Email,Low,Resolved,Finance,Anjali Mehta,2024-10-01 01:16:24,2024-10-04 13:16:24,84.0,Yes,No
TKT-01145,Hardware,Low,Resolved,Finance,Rohit Verma,2023-06-21 05:28:29,2023-06-22 13:28:29,32.0,No,No
TKT-01146,Software,Low,Resolved,Legal,Rohit Verma,2023-02-13 05:26:34,2023-02-14 03:26:34,22.0,No,No
TKT-01147,Access/Login,Medium,Open,Sales,Priya Singh,2023-09-03 17:48:22,,,,Yes
TKT-01148,Network,Medium,In Progress,Legal,Suresh Kumar,2023-08-13 00:56:20,,,,Yes
TKT-01149,Software,High,Resolved,Finance,Priya Singh,2023-11-07 14:36:28,2023-11-08 14:36:28,24.0,No,No
TKT-01150,Network,Medium,In Progress,Finance,Amit Sharma,2024-11-22 13:34:03,,,,No
TKT-01151,Network,High,Resolved,HR,Anjali Mehta,2023-11-17 17:42:40,2023-11-17 23:42:40,6.0,No,No
TKT-01152,Email,High,Resolved,HR,Vikram Joshi,2023-03-07 06:12:10,2023-03-08 05:12:10,23.0,No,No
TKT-01153,Hardware,Low,Resolved,Marketing,Vikram Joshi,2024-10-02 09:59:10,2024-10-05 12:59:10,75.0,Yes,No
TKT-01154,Access/Login,Low,Closed,Operations,Anjali Mehta,2023-06-22 20:10:26,2023-06-25 19:10:26,71.0,No,No
TKT-01155,Network,Medium,Closed,Legal,Suresh Kumar,2024-05-24 20:13:43,2024-05-25 14:13:43,18.0,No,No
TKT-01156,Access/Login,High,Resolved,Sales,Neha Gupta,2024-09-20 20:16:09,2024-09-21 03:16:09,7.0,No,No
TKT-01157,Network,Medium,Resolved,HR,Rohit Verma,2023-01-02 09:58:40,2023-01-03 23:58:40,38.0,No,No
TKT-01158,Email,Low,Closed,Sales,Neha Gupta,2024-11-22 09:51:51,2024-11-25 04:51:51,67.0,No,No
TKT-01159,Network,High,Resolved,IT,Amit Sharma,2024-03-10 05:12:13,2024-03-10 14:12:13,9.0,No,Yes
TKT-01160,Printer,Low,In Progress,Sales,Vikram Joshi,2024-02-02 10:55:31,,,,No
TKT-01161,Network,Critical,Resolved,HR,Rohit Verma,2023-05-16 22:00:30,2023-05-17 04:00:30,6.0,Yes,No
TKT-01162,Software,Medium,Resolved,Marketing,Vikram Joshi,2024-12-13 09:37:03,2024-12-14 02:37:03,17.0,No,No
TKT-01163,Software,Critical,Closed,Marketing,Suresh Kumar,2024-01-04 00:13:16,2024-01-04 05:13:16,5.0,Yes,No
TKT-01164,Network,High,Closed,IT,Neha Gupta,2023-05-16 17:23:57,2023-05-17 15:23:57,22.0,No,No
TKT-01165,Access/Login,Medium,In Progress,Finance,Vikram Joshi,2023-04-11 06:36:25,,,,No
TKT-01166,Access/Login,Low,Closed,Operations,Vikram Joshi,2024-11-06 09:50:38,2024-11-09 06:50:38,69.0,No,No
TKT-01167,Network,High,Resolved,Finance,Neha Gupta,2023-09-21 17:57:32,2023-09-22 09:57:32,16.0,No,No
TKT-01168,Email,Low,Resolved,Legal,Priya Singh,2024-09-22 07:36:44,2024-09-24 08:36:44,49.0,No,Yes
TKT-01169,Printer,High,Resolved,IT,Neha Gupta,2023-07-16 04:16:24,2023-07-17 06:16:24,26.0,Yes,Yes
TKT-01170,Network,Medium,Resolved,Legal,Amit Sharma,2023-04-13 12:14:26,2023-04-14 02:14:26,14.0,No,No
TKT-01171,Printer,High,In Progress,Operations,Vikram Joshi,2023-01-02 00:13:23,,,,No
TKT-01172,Hardware,Medium,Resolved,HR,Rohit Verma,2024-07-31 00:38:52,2024-08-01 09:38:52,33.0,No,No
TKT-01173,Hardware,Low,Closed,Finance,Amit Sharma,2024-07-22 16:06:48,2024-07-26 07:06:48,87.0,Yes,No
TKT-01174,Software,Low,In Progress,Sales,Priya Singh,2024-04-28 08:32:54,,,,Yes
TKT-01175,Hardware,Medium,Resolved,HR,Priya Singh,2023-05-24 13:58:01,2023-05-27 01:58:01,60.0,Yes,No
TKT-01176,Software,Critical,Resolved,IT,Neha Gupta,2024-04-10 23:18:49,2024-04-11 03:18:49,4.0,No,No
TKT-01177,Software,High,Resolved,Legal,Anjali Mehta,2023-02-10 00:36:45,2023-02-10 21:36:45,21.0,No,No
TKT-01178,Network,Medium,Closed,Marketing,Neha Gupta,2023-04-02 10:35:15,2023-04-03 03:35:15,17.0,No,Yes
TKT-01179,Access/Login,Low,Resolved,Legal,Priya Singh,2023-03-24 11:49:52,2023-03-27 16:49:52,77.0,Yes,No
TKT-01180,Access/Login,Medium,Resolved,HR,Rohit Verma,2023-06-01 21:11:28,2023-06-03 00:11:28,27.0,No,No
TKT-01181,Access/Login,Medium,Open,Finance,Neha Gupta,2024-08-09 07:33:04,,,,No
TKT-01182,Printer,Medium,Resolved,Marketing,Priya Singh,2023-06-12 05:59:33,2023-06-12 16:59:33,11.0,No,No
TKT-01183,Software,High,Resolved,Marketing,Suresh Kumar,2024-09-28 14:56:32,2024-09-28 18:56:32,4.0,No,Yes
TKT-01184,Access/Login,Medium,Closed,HR,Rohit Verma,2024-12-14 07:23:49,2024-12-16 12:23:49,53.0,Yes,Yes
TKT-01185,Network,Medium,Resolved,Finance,Suresh Kumar,2024-10-27 06:47:33,2024-10-28 16:47:33,34.0,No,Yes
TKT-01186,Printer,Medium,Closed,IT,Rohit Verma,2023-09-18 11:36:38,2023-09-20 22:36:38,59.0,Yes,No
TKT-01187,Hardware,Low,Resolved,Finance,Rohit Verma,2023-11-26 10:06:07,2023-11-29 07:06:07,69.0,No,Yes
TKT-01188,Hardware,Medium,Resolved,IT,Priya Singh,2023-05-23 15:17:27,2023-05-26 00:17:27,57.0,Yes,No
TKT-01189,Software,High,Closed,Finance,Rohit Verma,2024-03-15 08:41:43,2024-03-16 09:41:43,25.0,Yes,No
TKT-01190,Software,Low,Closed,Marketing,Rohit Verma,2024-10-22 20:40:08,2024-10-24 01:40:08,29.0,No,No
TKT-01191,Software,High,Open,Operations,Priya Singh,2023-01-17 14:04:17,,,,No
TKT-01192,Printer,Medium,Closed,HR,Neha Gupta,2024-05-27 09:39:00,2024-05-28 18:39:00,33.0,No,No
TKT-01193,Hardware,Low,Resolved,Finance,Priya Singh,2023-06-30 03:20:41,2023-07-02 12:20:41,57.0,No,No
TKT-01194,Hardware,Medium,In Progress,Sales,Vikram Joshi,2023-07-18 10:50:22,,,,No
TKT-01195,Software,Critical,Resolved,Legal,Vikram Joshi,2023-06-12 03:42:21,2023-06-12 04:42:21,1.0,No,No
TKT-01196,Access/Login,Medium,Open,Sales,Suresh Kumar,2023-07-13 03:24:32,,,,No
TKT-01197,Email,Medium,Resolved,Finance,Priya Singh,2023-01-17 12:26:12,2023-01-18 15:26:12,27.0,No,No
TKT-01198,Hardware,Medium,Resolved,IT,Priya Singh,2024-04-13 17:09:44,2024-04-14 12:09:44,19.0,No,Yes
TKT-01199,Printer,Medium,Resolved,Finance,Neha Gupta,2023-03-30 21:59:03,2023-04-02 03:59:03,54.0,Yes,No
TKT-01200,Hardware,High,Closed,Legal,Suresh Kumar,2024-08-28 00:32:47,2024-08-28 05:32:47,5.0,No,No
TKT-01201,Network,Critical,Closed,Marketing,Vikram Joshi,2023-10-22 17:49:07,2023-10-22 23:49:07,6.0,Yes,Yes
TKT-01202,Printer,Medium,Resolved,Operations,Suresh Kumar,2024-10-29 21:04:29,2024-10-31 02:04:29,29.0,No,No
TKT-01203,Email,Medium,In Progress,Finance,Amit Sharma,2024-11-28 05:37:17,,,,No
TKT-01204,Network,Low,Resolved,Finance,Suresh Kumar,2023-01-09 21:11:38,2023-01-10 17:11:38,20.0,No,No
TKT-01205,Access/Login,Low,Resolved,Finance,Anjali Mehta,2023-11-29 09:30:35,2023-11-29 23:30:35,14.0,No,No
TKT-01206,Access/Login,High,Resolved,Sales,Rohit Verma,2024-10-16 08:15:06,2024-10-17 11:15:06,27.0,Yes,No
TKT-01207,Printer,High,Closed,Finance,Vikram Joshi,2024-02-28 02:24:02,2024-02-28 11:24:02,9.0,No,No
TKT-01208,Email,Low,In Progress,Finance,Vikram Joshi,2023-09-20 17:37:57,,,,No
TKT-01209,Email,Medium,Resolved,HR,Amit Sharma,2024-02-11 05:53:32,2024-02-11 14:53:32,9.0,No,Yes
TKT-01210,Printer,Critical,In Progress,Finance,Amit Sharma,2023-04-08 01:10:12,,,,Yes
TKT-01211,Software,Medium,Resolved,IT,Rohit Verma,2024-02-09 07:12:31,2024-02-11 10:12:31,51.0,Yes,No
TKT-01212,Access/Login,Low,Resolved,Sales,Suresh Kumar,2023-05-19 07:49:03,2023-05-22 02:49:03,67.0,No,No
TKT-01213,Access/Login,Low,In Progress,IT,Neha Gupta,2024-01-11 21:17:42,,,,No
TKT-01214,Email,Medium,Resolved,Finance,Vikram Joshi,2023-02-14 21:00:38,2023-02-15 03:00:38,6.0,No,No
TKT-01215,Access/Login,High,Closed,Sales,Suresh Kumar,2024-05-31 17:41:31,2024-06-01 12:41:31,19.0,No,No
TKT-01216,Network,Medium,Resolved,Sales,Neha Gupta,2023-09-15 10:35:55,2023-09-17 05:35:55,43.0,No,No
TKT-01217,Network,Low,Resolved,Finance,Priya Singh,2024-05-10 12:24:20,2024-05-10 22:24:20,10.0,No,No
TKT-01218,Printer,High,Resolved,IT,Neha Gupta,2024-09-17 20:50:08,2024-09-18 13:50:08,17.0,No,No
TKT-01219,Printer,Critical,Resolved,HR,Amit Sharma,2024-01-07 10:38:51,2024-01-07 14:38:51,4.0,No,Yes
TKT-01220,Access/Login,Critical,Closed,Legal,Anjali Mehta,2023-06-06 14:05:25,2023-06-06 22:05:25,8.0,Yes,No
TKT-01221,Printer,Medium,Closed,Marketing,Neha Gupta,2024-08-19 19:56:30,2024-08-21 23:56:30,52.0,Yes,No
TKT-01222,Access/Login,Low,Open,Marketing,Anjali Mehta,2024-07-12 01:06:21,,,,No
TKT-01223,Network,Medium,In Progress,Finance,Rohit Verma,2024-06-29 17:17:38,,,,Yes
TKT-01224,Hardware,Low,Resolved,Marketing,Neha Gupta,2023-04-10 17:11:47,2023-04-13 05:11:47,60.0,No,No
TKT-01225,Email,Critical,Open,Finance,Vikram Joshi,2024-06-19 04:14:59,,,,No
TKT-01226,Email,Critical,Closed,IT,Suresh Kumar,2024-04-19 02:54:36,2024-04-19 04:54:36,2.0,No,No
TKT-01227,Hardware,Medium,Closed,Sales,Vikram Joshi,2024-02-10 09:10:41,2024-02-11 07:10:41,22.0,No,Yes
TKT-01228,Printer,Medium,Resolved,Finance,Vikram Joshi,2024-10-20 15:26:17,2024-10-20 20:26:17,5.0,No,Yes
TKT-01229,Printer,Medium,Resolved,Sales,Anjali Mehta,2024-09-07 11:28:23,2024-09-08 02:28:23,15.0,No,Yes
TKT-01230,Software,High,Resolved,Finance,Suresh Kumar,2023-11-07 08:28:06,2023-11-08 04:28:06,20.0,No,No
TKT-01231,Software,Low,Closed,Legal,Vikram Joshi,2024-05-17 15:11:47,2024-05-19 01:11:47,34.0,No,No
TKT-01232,Access/Login,Medium,Closed,Legal,Anjali Mehta,2024-03-31 11:17:49,2024-03-31 21:17:49,10.0,No,Yes
TKT-01233,Access/Login,Low,Resolved,HR,Suresh Kumar,2023-01-20 14:45:04,2023-01-22 06:45:04,40.0,No,No
TKT-01234,Hardware,Low,Closed,HR,Anjali Mehta,2023-11-11 03:20:59,2023-11-14 15:20:59,84.0,Yes,Yes
TKT-01235,Software,Medium,Resolved,Operations,Suresh Kumar,2023-10-19 04:10:52,2023-10-20 16:10:52,36.0,No,No
TKT-01236,Email,Medium,Resolved,Sales,Rohit Verma,2023-01-17 02:10:11,2023-01-18 06:10:11,28.0,No,No
TKT-01237,Access/Login,Medium,In Progress,Legal,Rohit Verma,2024-05-12 06:31:12,,,,Yes
TKT-01238,Printer,High,In Progress,HR,Suresh Kumar,2024-06-11 08:59:11,,,,No
TKT-01239,Printer,High,Resolved,IT,Suresh Kumar,2023-09-29 06:34:40,2023-09-29 21:34:40,15.0,No,No
TKT-01240,Hardware,Critical,In Progress,Legal,Rohit Verma,2024-12-29 00:11:52,,,,Yes
TKT-01241,Printer,Medium,Resolved,Operations,Neha Gupta,2023-11-01 02:38:13,2023-11-03 06:38:13,52.0,Yes,No
TKT-01242,Network,Medium,In Progress,IT,Anjali Mehta,2024-02-28 23:56:26,,,,No
TKT-01243,Email,Low,Resolved,Operations,Suresh Kumar,2023-02-10 18:12:44,2023-02-13 20:12:44,74.0,Yes,No
TKT-01244,Hardware,Medium,Closed,Operations,Vikram Joshi,2023-07-09 02:14:46,2023-07-09 17:14:46,15.0,No,Yes
TKT-01245,Hardware,Medium,Closed,Finance,Priya Singh,2023-12-05 00:10:33,2023-12-07 05:10:33,53.0,Yes,No
TKT-01246,Hardware,Medium,Closed,Finance,Rohit Verma,2023-11-22 09:10:23,2023-11-24 15:10:23,54.0,Yes,No
TKT-01247,Printer,Low,Resolved,Marketing,Amit Sharma,2024-01-05 05:17:05,2024-01-06 08:17:05,27.0,No,No
TKT-01248,Hardware,High,Resolved,Finance,Suresh Kumar,2024-07-20 22:55:41,2024-07-21 20:55:41,22.0,No,Yes
TKT-01249,Access/Login,Critical,Closed,Marketing,Neha Gupta,2024-04-20 12:16:55,2024-04-20 16:16:55,4.0,No,Yes
TKT-01250,Software,Low,Resolved,HR,Amit Sharma,2023-09-12 11:06:00,2023-09-14 16:06:00,53.0,No,No
TKT-01251,Printer,Critical,Closed,Finance,Vikram Joshi,2023-07-25 04:04:54,2023-07-25 05:04:54,1.0,No,No
TKT-01252,Network,Low,Closed,Legal,Neha Gupta,2024-06-29 06:09:09,2024-07-01 22:09:09,64.0,No,Yes
TKT-01253,Printer,Critical,Resolved,Marketing,Suresh Kumar,2024-04-22 14:00:47,2024-04-22 21:00:47,7.0,Yes,No
TKT-01254,Hardware,Medium,Resolved,Finance,Vikram Joshi,2023-08-24 05:30:33,2023-08-26 15:30:33,58.0,Yes,No
TKT-01255,Printer,Medium,Closed,Finance,Anjali Mehta,2023-10-10 23:00:25,2023-10-12 18:00:25,43.0,No,No
TKT-01256,Email,Critical,Resolved,Legal,Anjali Mehta,2024-11-30 00:44:58,2024-11-30 04:44:58,4.0,No,Yes
TKT-01257,Access/Login,Low,In Progress,HR,Vikram Joshi,2023-03-27 12:11:01,,,,No
TKT-01258,Printer,Critical,Resolved,Marketing,Amit Sharma,2024-06-21 19:54:15,2024-06-22 02:54:15,7.0,Yes,No
TKT-01259,Network,Critical,Closed,Legal,Priya Singh,2023-05-01 03:11:54,2023-05-01 09:11:54,6.0,Yes,No
TKT-01260,Access/Login,Medium,In Progress,Legal,Neha Gupta,2023-02-13 01:56:05,,,,No
TKT-01261,Network,Medium,Resolved,Legal,Suresh Kumar,2023-10-07 04:05:15,2023-10-07 15:05:15,11.0,No,Yes
TKT-01262,Email,High,Resolved,Marketing,Rohit Verma,2024-01-24 06:45:27,2024-01-24 13:45:27,7.0,No,No
TKT-01263,Software,Medium,Resolved,Finance,Priya Singh,2023-01-09 23:52:36,2023-01-12 07:52:36,56.0,Yes,No
TKT-01264,Printer,Medium,Resolved,Legal,Suresh Kumar,2023-03-20 01:01:44,2023-03-22 01:01:44,48.0,No,No
TKT-01265,Access/Login,Critical,Resolved,Legal,Priya Singh,2023-08-13 10:02:50,2023-08-13 18:02:50,8.0,Yes,Yes
TKT-01266,Software,Critical,Resolved,Operations,Anjali Mehta,2024-06-20 19:37:28,2024-06-20 22:37:28,3.0,No,No
TKT-01267,Printer,High,Resolved,HR,Priya Singh,2023-01-30 16:45:52,2023-01-31 03:45:52,11.0,No,No
TKT-01268,Software,Medium,Resolved,Marketing,Vikram Joshi,2023-03-25 02:35:14,2023-03-27 08:35:14,54.0,Yes,Yes
TKT-01269,Network,Medium,Resolved,HR,Amit Sharma,2023-06-22 19:47:00,2023-06-23 05:47:00,10.0,No,No
TKT-01270,Printer,Medium,Closed,HR,Suresh Kumar,2024-11-16 10:39:06,2024-11-18 03:39:06,41.0,No,Yes
TKT-01271,Printer,High,Closed,Finance,Neha Gupta,2024-03-07 21:26:36,2024-03-08 21:26:36,24.0,No,No
TKT-01272,Network,Medium,Resolved,HR,Anjali Mehta,2023-12-08 07:12:30,2023-12-08 23:12:30,16.0,No,No
TKT-01273,Access/Login,Medium,Closed,Legal,Suresh Kumar,2023-03-08 00:33:35,2023-03-08 09:33:35,9.0,No,No
TKT-01274,Email,High,Closed,HR,Vikram Joshi,2024-10-01 23:54:11,2024-10-03 05:54:11,30.0,Yes,No
TKT-01275,Software,High,Closed,HR,Suresh Kumar,2024-11-22 19:49:38,2024-11-23 07:49:38,12.0,No,No
TKT-01276,Hardware,Low,Resolved,Finance,Amit Sharma,2023-07-15 15:46:14,2023-07-19 00:46:14,81.0,Yes,Yes
TKT-01277,Hardware,Critical,Closed,Sales,Suresh Kumar,2024-08-28 04:21:26,2024-08-28 05:21:26,1.0,No,No
TKT-01278,Software,Medium,In Progress,Operations,Vikram Joshi,2023-06-16 07:50:27,,,,No
TKT-01279,Software,Medium,Closed,Operations,Rohit Verma,2023-03-22 11:18:59,2023-03-24 02:18:59,39.0,No,No
TKT-01280,Printer,Low,Open,Finance,Amit Sharma,2024-04-16 16:43:47,,,,No
TKT-01281,Software,Medium,Resolved,Sales,Rohit Verma,2024-11-30 09:05:57,2024-12-02 12:05:57,51.0,Yes,Yes
TKT-01282,Hardware,Medium,Resolved,Marketing,Priya Singh,2024-04-10 05:21:35,2024-04-11 15:21:35,34.0,No,No
TKT-01283,Printer,Medium,Closed,Operations,Priya Singh,2023-09-10 00:06:58,2023-09-11 21:06:58,45.0,No,Yes
TKT-01284,Printer,Medium,Resolved,Sales,Suresh Kumar,2024-09-06 20:26:34,2024-09-08 15:26:34,43.0,No,No
TKT-01285,Software,Medium,Closed,IT,Amit Sharma,2023-07-09 19:28:24,2023-07-10 15:28:24,20.0,No,Yes
TKT-01286,Hardware,Medium,Closed,IT,Amit Sharma,2023-03-13 17:11:31,2023-03-15 14:11:31,45.0,No,No
TKT-01287,Network,High,Resolved,Legal,Priya Singh,2023-03-12 14:56:35,2023-03-12 19:56:35,5.0,No,Yes
TKT-01288,Software,Medium,Resolved,HR,Priya Singh,2024-07-06 11:32:07,2024-07-08 14:32:07,51.0,Yes,Yes
TKT-01289,Email,High,Resolved,Operations,Rohit Verma,2024-09-29 17:10:47,2024-09-30 04:10:47,11.0,No,Yes
TKT-01290,Network,Medium,Open,Finance,Rohit Verma,2023-11-13 22:31:37,,,,No
TKT-01291,Email,Medium,Open,IT,Suresh Kumar,2023-11-29 03:43:52,,,,No
TKT-01292,Printer,Low,Resolved,IT,Suresh Kumar,2024-07-18 22:44:47,2024-07-20 18:44:47,44.0,No,No
TKT-01293,Printer,High,Closed,IT,Anjali Mehta,2023-08-29 20:30:58,2023-08-30 12:30:58,16.0,No,No
TKT-01294,Access/Login,Medium,Resolved,IT,Suresh Kumar,2024-09-17 07:19:38,2024-09-18 07:19:38,24.0,No,No
TKT-01295,Network,Medium,Resolved,HR,Anjali Mehta,2023-08-13 09:37:50,2023-08-13 18:37:50,9.0,No,Yes
TKT-01296,Hardware,Low,Resolved,Marketing,Rohit Verma,2024-08-23 03:41:10,2024-08-26 11:41:10,80.0,Yes,No
TKT-01297,Access/Login,Medium,In Progress,Finance,Neha Gupta,2023-03-03 19:40:55,,,,No
TKT-01298,Printer,Low,Resolved,Finance,Vikram Joshi,2024-05-30 11:22:17,2024-05-30 21:22:17,10.0,No,No
TKT-01299,Printer,Medium,In Progress,Marketing,Vikram Joshi,2023-06-07 12:52:58,,,,No
TKT-01300,Email,Medium,Resolved,Legal,Suresh Kumar,2023-11-13 03:52:56,2023-11-13 19:52:56,16.0,No,No
TKT-01301,Software,Medium,In Progress,IT,Neha Gupta,2023-07-31 00:14:44,,,,No
TKT-01302,Network,Critical,Resolved,Operations,Vikram Joshi,2024-05-08 20:24:20,2024-05-09 04:24:20,8.0,Yes,No
TKT-01303,Network,Low,Resolved,Marketing,Suresh Kumar,2024-01-05 18:53:10,2024-01-08 06:53:10,60.0,No,No
TKT-01304,Hardware,Critical,Open,Legal,Neha Gupta,2024-06-03 02:43:02,,,,No
TKT-01305,Access/Login,Medium,Resolved,HR,Rohit Verma,2024-01-06 11:37:58,2024-01-07 17:37:58,30.0,No,Yes
TKT-01306,Hardware,Medium,Resolved,Operations,Suresh Kumar,2023-10-29 19:45:19,2023-10-31 02:45:19,31.0,No,Yes
TKT-01307,Hardware,Low,Closed,Finance,Neha Gupta,2024-08-25 14:16:07,2024-08-28 02:16:07,60.0,No,Yes
TKT-01308,Access/Login,High,Closed,Sales,Amit Sharma,2023-12-24 08:58:51,2023-12-25 12:58:51,28.0,Yes,Yes
TKT-01309,Software,Low,Closed,HR,Rohit Verma,2023-12-30 17:23:51,2024-01-01 04:23:51,35.0,No,Yes
TKT-01310,Hardware,Low,Resolved,Sales,Amit Sharma,2024-02-10 16:09:10,2024-02-11 22:09:10,30.0,No,Yes
TKT-01311,Printer,Critical,Resolved,IT,Suresh Kumar,2024-09-19 13:03:03,2024-09-19 16:03:03,3.0,No,No
TKT-01312,Network,High,Closed,IT,Suresh Kumar,2023-06-15 16:15:51,2023-06-15 21:15:51,5.0,No,No
TKT-01313,Hardware,Low,Resolved,HR,Vikram Joshi,2024-08-22 11:31:43,2024-08-24 03:31:43,40.0,No,No
TKT-01314,Access/Login,Critical,Closed,IT,Neha Gupta,2023-06-11 04:40:01,2023-06-11 06:40:01,2.0,No,Yes
TKT-01315,Access/Login,Low,Resolved,Operations,Priya Singh,2024-08-01 00:48:32,2024-08-02 17:48:32,41.0,No,No
TKT-01316,Network,Critical,Resolved,Legal,Neha Gupta,2024-03-17 00:50:54,2024-03-17 02:50:54,2.0,No,Yes
TKT-01317,Printer,High,Closed,Finance,Vikram Joshi,2023-02-26 05:55:30,2023-02-27 03:55:30,22.0,No,Yes
TKT-01318,Software,Low,Resolved,Sales,Priya Singh,2024-11-02 18:47:01,2024-11-03 22:47:01,28.0,No,Yes
TKT-01319,Software,Low,Resolved,IT,Suresh Kumar,2023-01-18 16:46:49,2023-01-20 17:46:49,49.0,No,No
TKT-01320,Software,Medium,Resolved,Operations,Neha Gupta,2023-04-06 07:22:23,2023-04-07 07:22:23,24.0,No,No
TKT-01321,Network,Low,Resolved,IT,Priya Singh,2023-09-24 04:40:31,2023-09-26 06:40:31,50.0,No,Yes
TKT-01322,Hardware,Low,Closed,Finance,Rohit Verma,2024-05-02 11:13:20,2024-05-05 09:13:20,70.0,No,No
TKT-01323,Access/Login,Low,In Progress,Sales,Rohit Verma,2023-12-15 00:06:04,,,,No
TKT-01324,Printer,Medium,Open,Sales,Rohit Verma,2024-04-26 13:39:13,,,,No
TKT-01325,Email,Medium,Resolved,Sales,Priya Singh,2023-01-09 05:01:11,2023-01-10 10:01:11,29.0,No,No
TKT-01326,Software,Medium,Closed,HR,Suresh Kumar,2024-03-30 19:18:25,2024-03-31 12:18:25,17.0,No,Yes
TKT-01327,Hardware,Low,Closed,Sales,Rohit Verma,2023-10-09 06:36:22,2023-10-12 04:36:22,70.0,No,No
TKT-01328,Printer,Low,Resolved,IT,Suresh Kumar,2024-06-26 03:01:01,2024-06-27 21:01:01,42.0,No,No
TKT-01329,Network,High,Resolved,Marketing,Amit Sharma,2024-02-03 03:16:38,2024-02-03 20:16:38,17.0,No,Yes
TKT-01330,Email,Critical,Closed,HR,Priya Singh,2023-08-20 22:02:47,2023-08-21 01:02:47,3.0,No,Yes
TKT-01331,Network,Low,Closed,Legal,Anjali Mehta,2024-05-30 16:16:35,2024-06-01 02:16:35,34.0,No,No
TKT-01332,Access/Login,Medium,Open,HR,Priya Singh,2023-07-20 04:58:56,,,,No
TKT-01333,Email,High,Resolved,Sales,Priya Singh,2024-10-07 17:36:09,2024-10-08 00:36:09,7.0,No,No
TKT-01334,Software,Medium,Resolved,Legal,Suresh Kumar,2024-04-08 02:18:56,2024-04-09 15:18:56,37.0,No,No
TKT-01335,Network,Medium,Resolved,Marketing,Rohit Verma,2023-08-01 16:08:06,2023-08-02 04:08:06,12.0,No,No
TKT-01336,Hardware,Medium,Resolved,Marketing,Priya Singh,2024-09-25 04:44:09,2024-09-25 17:44:09,13.0,No,No
TKT-01337,Printer,Critical,In Progress,Finance,Suresh Kumar,2024-11-12 23:10:08,,,,No
TKT-01338,Printer,Medium,Resolved,HR,Anjali Mehta,2023-10-12 22:36:09,2023-10-13 19:36:09,21.0,No,No
TKT-01339,Access/Login,High,Resolved,HR,Anjali Mehta,2024-07-02 03:54:57,2024-07-02 16:54:57,13.0,No,No
TKT-01340,Printer,Critical,Resolved,HR,Suresh Kumar,2023-12-14 23:36:08,2023-12-15 06:36:08,7.0,Yes,No
TKT-01341,Printer,Low,Closed,Operations,Suresh Kumar,2024-09-24 14:49:55,2024-09-26 02:49:55,36.0,No,No
TKT-01342,Network,Low,Closed,Legal,Vikram Joshi,2023-04-05 20:57:14,2023-04-08 08:57:14,60.0,No,No
TKT-01343,Printer,High,Resolved,IT,Amit Sharma,2023-10-14 01:12:03,2023-10-14 17:12:03,16.0,No,Yes
TKT-01344,Software,Low,Resolved,Marketing,Priya Singh,2024-11-12 02:42:06,2024-11-14 00:42:06,46.0,No,No
TKT-01345,Software,High,Closed,Finance,Amit Sharma,2024-06-06 12:05:51,2024-06-07 03:05:51,15.0,No,No
TKT-01346,Access/Login,Critical,In Progress,HR,Anjali Mehta,2023-03-10 14:59:08,,,,No
TKT-01347,Email,Low,Resolved,HR,Vikram Joshi,2023-04-05 13:26:17,2023-04-06 00:26:17,11.0,No,No
TKT-01348,Software,Low,Resolved,Finance,Anjali Mehta,2023-02-05 17:56:14,2023-02-09 07:56:14,86.0,Yes,Yes
TKT-01349,Hardware,Medium,Open,Legal,Anjali Mehta,2023-07-03 06:37:36,,,,No
TKT-01350,Email,High,Open,Sales,Rohit Verma,2023-10-15 13:31:55,,,,Yes
TKT-01351,Email,Medium,Closed,HR,Amit Sharma,2024-02-20 09:34:07,2024-02-20 20:34:07,11.0,No,No
TKT-01352,Hardware,Medium,Open,Finance,Amit Sharma,2023-09-23 02:16:58,,,,Yes
TKT-01353,Access/Login,Low,Closed,Finance,Anjali Mehta,2024-02-18 07:19:59,2024-02-20 18:19:59,59.0,No,Yes
TKT-01354,Access/Login,Low,Resolved,HR,Rohit Verma,2024-11-12 15:20:38,2024-11-14 22:20:38,55.0,No,No
TKT-01355,Hardware,Medium,In Progress,HR,Amit Sharma,2023-02-08 12:03:15,,,,No
TKT-01356,Email,Medium,Resolved,IT,Priya Singh,2024-02-08 05:47:42,2024-02-10 01:47:42,44.0,No,No
TKT-01357,Network,High,Resolved,IT,Anjali Mehta,2023-04-27 04:17:08,2023-04-28 07:17:08,27.0,Yes,No
TKT-01358,Hardware,High,In Progress,Legal,Anjali Mehta,2023-02-28 17:27:17,,,,No
TKT-01359,Access/Login,High,Closed,IT,Vikram Joshi,2024-04-26 13:02:04,2024-04-27 09:02:04,20.0,No,No
TKT-01360,Printer,Low,Resolved,Finance,Priya Singh,2023-08-24 12:50:08,2023-08-26 23:50:08,59.0,No,No
TKT-01361,Access/Login,Medium,In Progress,Operations,Vikram Joshi,2024-02-10 06:11:07,,,,Yes
TKT-01362,Access/Login,Medium,Resolved,Operations,Neha Gupta,2024-04-18 01:59:41,2024-04-19 16:59:41,39.0,No,No
TKT-01363,Access/Login,Low,Closed,Operations,Suresh Kumar,2024-06-05 01:13:33,2024-06-06 15:13:33,38.0,No,No
TKT-01364,Network,Low,In Progress,HR,Rohit Verma,2024-02-12 05:55:19,,,,No
TKT-01365,Hardware,Critical,Resolved,Legal,Vikram Joshi,2023-05-06 10:39:56,2023-05-06 13:39:56,3.0,No,Yes
TKT-01366,Email,Critical,In Progress,Finance,Priya Singh,2024-02-17 11:15:11,,,,Yes
TKT-01367,Hardware,Critical,Closed,IT,Anjali Mehta,2024-04-28 20:49:22,2024-04-29 02:49:22,6.0,Yes,Yes
TKT-01368,Hardware,High,Closed,HR,Neha Gupta,2024-05-30 05:21:10,2024-05-30 12:21:10,7.0,No,No
TKT-01369,Software,Medium,Resolved,HR,Amit Sharma,2023-04-11 17:07:45,2023-04-14 03:07:45,58.0,Yes,No
TKT-01370,Software,High,Resolved,Finance,Anjali Mehta,2023-03-20 12:01:37,2023-03-20 23:01:37,11.0,No,No
TKT-01371,Access/Login,High,Resolved,Marketing,Anjali Mehta,2024-12-21 12:03:32,2024-12-21 17:03:32,5.0,No,Yes
TKT-01372,Hardware,High,Resolved,Legal,Priya Singh,2024-11-29 23:08:59,2024-11-30 01:08:59,2.0,No,No
TKT-01373,Access/Login,Medium,Open,Operations,Anjali Mehta,2023-11-12 10:48:39,,,,Yes
TKT-01374,Printer,Low,In Progress,Sales,Amit Sharma,2023-01-12 10:05:27,,,,No
TKT-01375,Access/Login,Medium,Resolved,Finance,Vikram Joshi,2024-06-04 15:22:59,2024-06-06 10:22:59,43.0,No,No
TKT-01376,Printer,Medium,Resolved,Marketing,Neha Gupta,2023-05-06 17:34:16,2023-05-07 08:34:16,15.0,No,Yes
TKT-01377,Printer,Medium,Resolved,HR,Amit Sharma,2023-11-04 15:33:28,2023-11-06 10:33:28,43.0,No,Yes
TKT-01378,Hardware,Low,Resolved,HR,Amit Sharma,2024-09-17 20:56:44,2024-09-19 09:56:44,37.0,No,No
TKT-01379,Software,Medium,Closed,HR,Priya Singh,2024-06-15 07:07:10,2024-06-15 17:07:10,10.0,No,Yes
TKT-01380,Hardware,Medium,Closed,HR,Amit Sharma,2024-11-11 17:54:46,2024-11-12 03:54:46,10.0,No,No
TKT-01381,Network,High,In Progress,Operations,Priya Singh,2023-10-19 19:43:14,,,,No
TKT-01382,Software,High,Resolved,IT,Anjali Mehta,2023-11-16 04:07:15,2023-11-16 22:07:15,18.0,No,No
TKT-01383,Hardware,Medium,Resolved,Operations,Vikram Joshi,2024-12-16 04:43:32,2024-12-17 03:43:32,23.0,No,No
TKT-01384,Printer,Medium,Open,HR,Anjali Mehta,2023-10-04 21:16:11,,,,No
TKT-01385,Printer,Low,In Progress,Operations,Anjali Mehta,2023-11-10 03:41:59,,,,No
TKT-01386,Access/Login,High,Resolved,Sales,Suresh Kumar,2023-04-01 03:36:36,2023-04-02 09:36:36,30.0,Yes,Yes
TKT-01387,Software,Low,Closed,HR,Priya Singh,2024-06-11 12:25:48,2024-06-14 22:25:48,82.0,Yes,No
TKT-01388,Hardware,Low,Open,Operations,Vikram Joshi,2024-02-29 00:53:37,,,,No
TKT-01389,Network,Low,Resolved,HR,Rohit Verma,2023-06-10 09:02:44,2023-06-13 20:02:44,83.0,Yes,Yes
TKT-01390,Hardware,Low,Closed,Sales,Neha Gupta,2024-03-27 11:41:54,2024-03-29 05:41:54,42.0,No,No
TKT-01391,Printer,Critical,In Progress,Operations,Neha Gupta,2023-11-07 07:02:02,,,,No
TKT-01392,Access/Login,Medium,Closed,Marketing,Priya Singh,2023-03-18 08:37:21,2023-03-19 12:37:21,28.0,No,Yes
TKT-01393,Network,Medium,Closed,Operations,Neha Gupta,2024-06-06 13:05:12,2024-06-08 13:05:12,48.0,No,No
TKT-01394,Printer,Low,Closed,Marketing,Vikram Joshi,2024-02-18 16:50:45,2024-02-22 01:50:45,81.0,Yes,Yes
TKT-01395,Network,Medium,Closed,Legal,Amit Sharma,2023-02-15 21:25:17,2023-02-17 02:25:17,29.0,No,No
TKT-01396,Printer,Low,Resolved,Marketing,Suresh Kumar,2023-05-27 01:35:25,2023-05-29 22:35:25,69.0,No,Yes
TKT-01397,Printer,Low,In Progress,IT,Vikram Joshi,2023-05-28 05:32:41,,,,Yes
TKT-01398,Hardware,Medium,In Progress,IT,Priya Singh,2024-10-11 20:21:33,,,,No
TKT-01399,Hardware,Medium,In Progress,Finance,Anjali Mehta,2023-07-21 20:40:52,,,,No
TKT-01400,Email,High,Resolved,Legal,Rohit Verma,2024-06-01 10:47:40,2024-06-01 18:47:40,8.0,No,Yes
TKT-01401,Software,High,In Progress,Marketing,Neha Gupta,2023-05-12 19:49:00,,,,No
TKT-01402,Hardware,Low,Resolved,HR,Rohit Verma,2024-05-12 10:45:33,2024-05-15 05:45:33,67.0,No,Yes
TKT-01403,Software,Medium,Resolved,Legal,Amit Sharma,2024-07-21 18:24:29,2024-07-23 02:24:29,32.0,No,Yes
TKT-01404,Software,Low,In Progress,IT,Neha Gupta,2023-11-04 19:40:57,,,,Yes
TKT-01405,Printer,Medium,In Progress,Operations,Neha Gupta,2024-09-16 03:58:16,,,,No
TKT-01406,Software,Low,Closed,Operations,Priya Singh,2023-09-02 20:34:52,2023-09-04 23:34:52,51.0,No,Yes
TKT-01407,Hardware,Low,Resolved,Finance,Neha Gupta,2023-03-31 04:29:41,2023-04-02 06:29:41,50.0,No,No
TKT-01408,Network,Medium,Resolved,IT,Vikram Joshi,2024-01-23 09:19:43,2024-01-25 06:19:43,45.0,No,No
TKT-01409,Hardware,Low,Closed,Finance,Neha Gupta,2024-12-08 01:24:17,2024-12-11 08:24:17,79.0,Yes,Yes
TKT-01410,Access/Login,Low,Resolved,Finance,Anjali Mehta,2024-11-17 11:00:57,2024-11-20 22:00:57,83.0,Yes,Yes
TKT-01411,Hardware,Medium,Resolved,Legal,Vikram Joshi,2023-06-05 13:59:05,2023-06-07 14:59:05,49.0,Yes,No
TKT-01412,Access/Login,Medium,Resolved,Operations,Neha Gupta,2024-01-23 21:22:56,2024-01-26 02:22:56,53.0,Yes,No
TKT-01413,Software,Medium,Resolved,Operations,Suresh Kumar,2024-03-29 18:32:55,2024-03-31 09:32:55,39.0,No,No
TKT-01414,Network,High,Closed,IT,Anjali Mehta,2024-12-16 14:43:01,2024-12-17 11:43:01,21.0,No,No
TKT-01415,Hardware,High,Resolved,Marketing,Amit Sharma,2023-12-10 04:09:08,2023-12-10 09:09:08,5.0,No,Yes
TKT-01416,Printer,High,In Progress,HR,Anjali Mehta,2023-10-12 07:21:33,,,,No
TKT-01417,Printer,Low,Resolved,Finance,Vikram Joshi,2024-01-18 20:03:09,2024-01-21 16:03:09,68.0,No,No
TKT-01418,Software,High,In Progress,Sales,Vikram Joshi,2023-07-21 21:37:00,,,,No
TKT-01419,Hardware,Critical,Closed,Operations,Rohit Verma,2024-06-17 19:41:06,2024-06-18 00:41:06,5.0,Yes,No
TKT-01420,Access/Login,Medium,Resolved,IT,Amit Sharma,2023-11-07 22:11:01,2023-11-08 04:11:01,6.0,No,No
TKT-01421,Email,High,Closed,Sales,Priya Singh,2024-01-08 15:43:13,2024-01-09 00:43:13,9.0,No,No
TKT-01422,Access/Login,Low,Closed,Legal,Amit Sharma,2023-09-26 19:16:57,2023-09-30 06:16:57,83.0,Yes,No
TKT-01423,Printer,Low,In Progress,Operations,Priya Singh,2024-11-22 18:30:09,,,,No
TKT-01424,Email,Low,Closed,IT,Vikram Joshi,2023-01-16 11:11:21,2023-01-20 05:11:21,90.0,Yes,No
TKT-01425,Software,Critical,Resolved,HR,Amit Sharma,2023-01-23 02:24:05,2023-01-23 12:24:05,10.0,Yes,No
TKT-01426,Software,Low,Closed,HR,Suresh Kumar,2023-04-24 10:20:55,2023-04-26 20:20:55,58.0,No,No
TKT-01427,Access/Login,Medium,Closed,Finance,Priya Singh,2023-04-15 11:40:17,2023-04-16 11:40:17,24.0,No,Yes
TKT-01428,Software,High,Open,IT,Vikram Joshi,2024-05-06 14:44:19,,,,No
TKT-01429,Hardware,Critical,Closed,Marketing,Suresh Kumar,2023-03-13 11:05:45,2023-03-13 21:05:45,10.0,Yes,No
TKT-01430,Hardware,Low,Resolved,Finance,Amit Sharma,2023-11-20 10:58:56,2023-11-21 05:58:56,19.0,No,No
TKT-01431,Software,Medium,Resolved,HR,Neha Gupta,2024-09-21 03:44:04,2024-09-22 15:44:04,36.0,No,Yes
TKT-01432,Software,Medium,Resolved,Sales,Anjali Mehta,2024-01-06 22:47:41,2024-01-09 06:47:41,56.0,Yes,Yes
TKT-01433,Network,Low,Resolved,Operations,Anjali Mehta,2024-07-08 07:22:55,2024-07-11 22:22:55,87.0,Yes,No
TKT-01434,Network,Critical,Resolved,Operations,Suresh Kumar,2023-01-25 22:33:31,2023-01-26 07:33:31,9.0,Yes,No
TKT-01435,Printer,Low,Resolved,Operations,Amit Sharma,2024-03-31 23:07:08,2024-04-04 05:07:08,78.0,Yes,Yes
TKT-01436,Software,Low,Resolved,Finance,Amit Sharma,2024-08-02 05:10:38,2024-08-04 08:10:38,51.0,No,No
TKT-01437,Printer,Medium,Resolved,Sales,Neha Gupta,2023-10-05 19:01:50,2023-10-06 05:01:50,10.0,No,No
TKT-01438,Printer,Low,Closed,IT,Neha Gupta,2023-03-28 04:42:54,2023-03-31 07:42:54,75.0,Yes,No
TKT-01439,Software,Low,Open,Marketing,Rohit Verma,2024-12-30 18:20:27,,,,No
TKT-01440,Network,Low,Resolved,Marketing,Neha Gupta,2024-05-12 20:59:07,2024-05-15 13:59:07,65.0,No,Yes
TKT-01441,Printer,Low,Resolved,HR,Suresh Kumar,2024-09-10 04:41:06,2024-09-12 15:41:06,59.0,No,No
TKT-01442,Network,Medium,Closed,HR,Neha Gupta,2024-10-05 01:30:44,2024-10-05 08:30:44,7.0,No,Yes
TKT-01443,Email,Medium,Closed,Marketing,Suresh Kumar,2024-08-18 04:23:34,2024-08-19 10:23:34,30.0,No,Yes
TKT-01444,Software,High,Resolved,Finance,Rohit Verma,2023-12-05 10:41:52,2023-12-05 18:41:52,8.0,No,No
TKT-01445,Network,Low,Resolved,HR,Rohit Verma,2023-06-12 16:22:03,2023-06-13 03:22:03,11.0,No,No
TKT-01446,Access/Login,Medium,Resolved,Finance,Suresh Kumar,2024-08-16 10:57:10,2024-08-17 15:57:10,29.0,No,No
TKT-01447,Software,Medium,Resolved,Sales,Anjali Mehta,2024-02-13 19:50:40,2024-02-16 03:50:40,56.0,Yes,No
TKT-01448,Email,High,Resolved,Legal,Neha Gupta,2024-04-26 16:48:16,2024-04-27 04:48:16,12.0,No,No
TKT-01449,Software,Low,Resolved,HR,Rohit Verma,2023-04-13 05:51:30,2023-04-15 20:51:30,63.0,No,No
TKT-01450,Software,Medium,Closed,Finance,Suresh Kumar,2023-04-30 08:33:34,2023-05-01 07:33:34,23.0,No,Yes
TKT-01451,Hardware,Critical,Resolved,Legal,Neha Gupta,2024-08-17 08:46:46,2024-08-17 09:46:46,1.0,No,Yes
TKT-01452,Network,Medium,Resolved,HR,Vikram Joshi,2023-08-26 02:44:24,2023-08-28 05:44:24,51.0,Yes,Yes
TKT-01453,Network,High,Resolved,Operations,Vikram Joshi,2023-05-04 00:10:38,2023-05-04 21:10:38,21.0,No,No
TKT-01454,Access/Login,Low,In Progress,IT,Vikram Joshi,2024-05-27 11:29:17,,,,No
TKT-01455,Hardware,Low,Resolved,HR,Priya Singh,2024-04-10 06:57:54,2024-04-11 05:57:54,23.0,No,No
TKT-01456,Software,Low,Resolved,Legal,Rohit Verma,2023-04-02 10:15:52,2023-04-05 16:15:52,78.0,Yes,Yes
TKT-01457,Network,High,Resolved,HR,Rohit Verma,2024-09-15 10:31:12,2024-09-15 22:31:12,12.0,No,Yes
TKT-01458,Access/Login,Low,Resolved,Finance,Suresh Kumar,2023-05-08 02:33:57,2023-05-10 22:33:57,68.0,No,No
TKT-01459,Software,High,Open,IT,Anjali Mehta,2023-07-03 22:29:38,,,,No
TKT-01460,Email,Low,Resolved,IT,Rohit Verma,2023-06-12 08:52:48,2023-06-14 11:52:48,51.0,No,No
TKT-01461,Software,Low,Closed,Marketing,Amit Sharma,2024-03-10 22:08:40,2024-03-13 05:08:40,55.0,No,Yes
TKT-01462,Printer,Medium,Open,Marketing,Amit Sharma,2024-02-25 21:03:35,,,,Yes
TKT-01463,Hardware,Medium,Resolved,IT,Priya Singh,2024-02-13 09:39:07,2024-02-13 20:39:07,11.0,No,No
TKT-01464,Email,High,Closed,Sales,Vikram Joshi,2024-07-14 20:38:53,2024-07-15 12:38:53,16.0,No,Yes
TKT-01465,Email,Low,Resolved,Sales,Neha Gupta,2023-01-08 06:56:01,2023-01-11 01:56:01,67.0,No,Yes
TKT-01466,Software,High,Resolved,Sales,Neha Gupta,2023-12-29 10:32:08,2023-12-29 21:32:08,11.0,No,No
TKT-01467,Printer,Low,Resolved,HR,Anjali Mehta,2023-07-11 15:47:47,2023-07-12 15:47:47,24.0,No,No
TKT-01468,Software,Low,Resolved,Operations,Neha Gupta,2023-05-09 20:37:36,2023-05-12 03:37:36,55.0,No,No
TKT-01469,Hardware,Medium,Resolved,IT,Suresh Kumar,2023-07-21 22:48:20,2023-07-23 11:48:20,37.0,No,No
TKT-01470,Access/Login,Low,Resolved,Marketing,Neha Gupta,2024-09-15 22:50:00,2024-09-18 14:50:00,64.0,No,Yes
TKT-01471,Access/Login,Low,Resolved,Operations,Neha Gupta,2024-03-05 03:03:06,2024-03-08 07:03:06,76.0,Yes,No
TKT-01472,Printer,Low,Resolved,HR,Amit Sharma,2024-03-05 03:44:16,2024-03-05 17:44:16,14.0,No,No
TKT-01473,Hardware,Medium,Resolved,Operations,Anjali Mehta,2023-03-26 23:20:39,2023-03-28 05:20:39,30.0,No,Yes
TKT-01474,Software,High,Open,Sales,Neha Gupta,2023-04-27 21:17:57,,,,No
TKT-01475,Network,Medium,Closed,Sales,Anjali Mehta,2023-07-20 02:50:54,2023-07-20 13:50:54,11.0,No,No
TKT-01476,Printer,Medium,Closed,Legal,Anjali Mehta,2024-05-01 08:28:53,2024-05-01 23:28:53,15.0,No,No
TKT-01477,Software,Low,Open,Finance,Amit Sharma,2024-01-28 21:34:42,,,,Yes
TKT-01478,Software,Critical,Open,Finance,Anjali Mehta,2023-06-30 19:51:05,,,,No
TKT-01479,Email,Low,Open,IT,Amit Sharma,2023-04-05 10:36:27,,,,No
TKT-01480,Printer,Critical,Open,Operations,Suresh Kumar,2023-01-24 19:09:15,,,,No
TKT-01481,Hardware,Medium,Closed,IT,Neha Gupta,2024-11-21 04:41:34,2024-11-22 19:41:34,39.0,No,No
TKT-01482,Network,Medium,Resolved,Sales,Rohit Verma,2023-07-29 11:04:24,2023-07-31 01:04:24,38.0,No,Yes
TKT-01483,Access/Login,Low,Closed,Marketing,Anjali Mehta,2023-10-19 22:27:59,2023-10-20 10:27:59,12.0,No,No
TKT-01484,Printer,Critical,Resolved,HR,Priya Singh,2024-03-31 00:26:57,2024-03-31 07:26:57,7.0,Yes,Yes
TKT-01485,Network,Low,Resolved,IT,Anjali Mehta,2024-02-12 01:50:42,2024-02-13 00:50:42,23.0,No,No
TKT-01486,Access/Login,Critical,Open,Finance,Rohit Verma,2023-11-19 15:08:29,,,,Yes
TKT-01487,Access/Login,Critical,Resolved,Finance,Amit Sharma,2023-05-21 08:11:32,2023-05-21 14:11:32,6.0,Yes,Yes
TKT-01488,Email,Low,Closed,Operations,Vikram Joshi,2024-07-15 07:12:49,2024-07-17 13:12:49,54.0,No,No
TKT-01489,Access/Login,Critical,Resolved,Marketing,Priya Singh,2024-10-18 02:57:44,2024-10-18 11:57:44,9.0,Yes,No
TKT-01490,Printer,Low,Resolved,HR,Vikram Joshi,2023-02-10 10:13:19,2023-02-12 09:13:19,47.0,No,No
TKT-01491,Software,Low,Closed,HR,Neha Gupta,2024-11-18 15:14:11,2024-11-20 16:14:11,49.0,No,No
TKT-01492,Printer,High,Resolved,Finance,Rohit Verma,2023-10-06 14:00:04,2023-10-07 19:00:04,29.0,Yes,No
TKT-01493,Printer,Critical,Closed,HR,Anjali Mehta,2023-03-19 19:13:17,2023-03-19 23:13:17,4.0,No,Yes
TKT-01494,Access/Login,Medium,Resolved,Finance,Amit Sharma,2023-08-16 09:34:31,2023-08-17 12:34:31,27.0,No,No
TKT-01495,Access/Login,Medium,In Progress,Sales,Rohit Verma,2024-10-07 15:41:29,,,,No
TKT-01496,Access/Login,Medium,Resolved,Operations,Priya Singh,2024-12-21 13:45:09,2024-12-22 10:45:09,21.0,No,Yes
TKT-01497,Email,Low,Resolved,Sales,Suresh Kumar,2024-03-29 18:55:11,2024-04-02 12:55:11,90.0,Yes,No
TKT-01498,Access/Login,High,Open,HR,Priya Singh,2024-02-07 06:34:05,,,,No
TKT-01499,Email,Critical,Closed,IT,Rohit Verma,2024-12-11 17:28:35,2024-12-12 00:28:35,7.0,Yes,No
TKT-01500,Access/Login,Low,Closed,Legal,Neha Gupta,2024-05-21 16:30:05,2024-05-22 13:30:05,21.0,No,No
TKT-01501,Network,High,Closed,Sales,Priya Singh,2024-11-29 16:40:12,2024-11-30 22:40:12,30.0,Yes,No
TKT-01502,Network,Low,Open,Finance,Neha Gupta,2024-07-29 10:06:14,,,,No
TKT-01503,Access/Login,High,Resolved,Sales,Vikram Joshi,2023-12-22 20:41:42,2023-12-23 17:41:42,21.0,No,No
TKT-01504,Network,Medium,Closed,Legal,Amit Sharma,2023-07-10 15:14:15,2023-07-12 19:14:15,52.0,Yes,No
TKT-01505,Printer,High,Closed,Operations,Priya Singh,2023-12-15 20:15:44,2023-12-16 13:15:44,17.0,No,No
TKT-01506,Software,High,Closed,Finance,Rohit Verma,2024-11-01 04:54:33,2024-11-02 05:54:33,25.0,Yes,No
TKT-01507,Access/Login,Medium,Resolved,HR,Amit Sharma,2024-09-26 13:39:45,2024-09-28 08:39:45,43.0,No,No
TKT-01508,Email,Low,Resolved,IT,Amit Sharma,2024-04-09 08:39:42,2024-04-12 10:39:42,74.0,Yes,No
TKT-01509,Hardware,Low,Resolved,Finance,Vikram Joshi,2023-10-13 18:28:38,2023-10-15 10:28:38,40.0,No,No
TKT-01510,Network,High,Closed,Legal,Anjali Mehta,2024-02-14 04:38:55,2024-02-14 19:38:55,15.0,No,No
TKT-01511,Printer,Low,Resolved,Marketing,Anjali Mehta,2023-07-31 21:47:50,2023-08-02 13:47:50,40.0,No,No
TKT-01512,Software,Medium,Resolved,Marketing,Amit Sharma,2023-05-14 22:55:36,2023-05-16 10:55:36,36.0,No,Yes
TKT-01513,Access/Login,Medium,Closed,IT,Neha Gupta,2024-01-29 13:07:28,2024-01-30 03:07:28,14.0,No,No
TKT-01514,Access/Login,Low,Resolved,Operations,Rohit Verma,2024-05-15 13:47:39,2024-05-16 03:47:39,14.0,No,No
TKT-01515,Access/Login,Low,In Progress,Finance,Neha Gupta,2024-01-25 21:48:17,,,,No
TKT-01516,Network,Medium,Open,Finance,Rohit Verma,2024-07-28 09:49:37,,,,Yes
TKT-01517,Software,Medium,Resolved,Marketing,Suresh Kumar,2023-10-15 06:44:13,2023-10-16 16:44:13,34.0,No,Yes
TKT-01518,Network,High,Closed,IT,Amit Sharma,2024-02-11 17:28:54,2024-02-12 10:28:54,17.0,No,Yes
TKT-01519,Printer,Low,Closed,Operations,Vikram Joshi,2023-02-24 16:01:45,2023-02-27 21:01:45,77.0,Yes,No
TKT-01520,Email,Critical,Resolved,Operations,Vikram Joshi,2024-02-09 11:57:13,2024-02-09 12:57:13,1.0,No,No
TKT-01521,Printer,Low,Resolved,HR,Neha Gupta,2023-01-25 05:55:21,2023-01-28 03:55:21,70.0,No,No
TKT-01522,Printer,High,Resolved,Finance,Anjali Mehta,2023-04-29 14:21:34,2023-04-30 05:21:34,15.0,No,Yes
TKT-01523,Hardware,Medium,Resolved,Legal,Anjali Mehta,2023-08-12 00:11:05,2023-08-13 09:11:05,33.0,No,Yes
TKT-01524,Email,Medium,Resolved,Finance,Rohit Verma,2024-09-13 08:40:03,2024-09-15 09:40:03,49.0,Yes,No
TKT-01525,Software,Critical,Closed,Finance,Priya Singh,2023-03-09 02:10:26,2023-03-09 07:10:26,5.0,Yes,No
TKT-01526,Software,Low,Resolved,Legal,Suresh Kumar,2023-10-05 16:04:52,2023-10-07 02:04:52,34.0,No,No
TKT-01527,Printer,Critical,Resolved,HR,Vikram Joshi,2023-11-02 07:10:37,2023-11-02 14:10:37,7.0,Yes,No
TKT-01528,Email,Medium,Resolved,Finance,Anjali Mehta,2023-12-06 12:25:48,2023-12-08 00:25:48,36.0,No,No
TKT-01529,Email,High,Closed,Sales,Suresh Kumar,2024-11-02 09:09:23,2024-11-02 15:09:23,6.0,No,Yes
TKT-01530,Access/Login,Medium,Resolved,HR,Suresh Kumar,2023-03-20 09:55:15,2023-03-20 22:55:15,13.0,No,No
TKT-01531,Network,Low,Resolved,HR,Suresh Kumar,2023-02-05 13:19:04,2023-02-08 20:19:04,79.0,Yes,Yes
TKT-01532,Network,Critical,Resolved,Marketing,Rohit Verma,2023-03-30 20:01:08,2023-03-30 23:01:08,3.0,No,No
TKT-01533,Network,Low,Closed,Legal,Suresh Kumar,2023-10-21 05:02:42,2023-10-24 21:02:42,88.0,Yes,Yes
TKT-01534,Email,Low,Closed,HR,Suresh Kumar,2023-01-09 23:47:40,2023-01-12 21:47:40,70.0,No,No
TKT-01535,Hardware,Medium,Resolved,Sales,Vikram Joshi,2023-10-01 08:41:25,2023-10-01 21:41:25,13.0,No,Yes
TKT-01536,Printer,Medium,Closed,HR,Priya Singh,2023-01-13 19:04:25,2023-01-14 04:04:25,9.0,No,No
TKT-01537,Email,High,Closed,HR,Rohit Verma,2023-11-15 16:02:06,2023-11-16 13:02:06,21.0,No,No
TKT-01538,Hardware,High,Resolved,Finance,Rohit Verma,2024-06-12 17:40:17,2024-06-12 20:40:17,3.0,No,No
TKT-01539,Email,Low,Resolved,IT,Rohit Verma,2023-03-13 00:07:21,2023-03-14 15:07:21,39.0,No,No
TKT-01540,Software,Medium,Open,Marketing,Anjali Mehta,2024-09-28 02:49:27,,,,Yes
TKT-01541,Access/Login,High,Closed,IT,Anjali Mehta,2023-03-11 14:26:41,2023-03-11 20:26:41,6.0,No,Yes
TKT-01542,Access/Login,Low,Closed,Sales,Rohit Verma,2024-02-29 17:05:43,2024-03-02 03:05:43,34.0,No,No
TKT-01543,Software,Low,Closed,Finance,Neha Gupta,2023-03-01 15:57:57,2023-03-04 21:57:57,78.0,Yes,No
TKT-01544,Printer,Low,Resolved,HR,Priya Singh,2023-12-04 07:53:44,2023-12-07 01:53:44,66.0,No,No
TKT-01545,Network,Medium,Closed,Finance,Rohit Verma,2023-11-13 03:57:16,2023-11-14 22:57:16,43.0,No,No
TKT-01546,Printer,Low,Resolved,Sales,Suresh Kumar,2023-07-16 19:50:43,2023-07-18 07:50:43,36.0,No,Yes
TKT-01547,Software,Medium,Resolved,Sales,Vikram Joshi,2023-05-04 18:42:34,2023-05-05 17:42:34,23.0,No,No
TKT-01548,Email,High,Resolved,Operations,Suresh Kumar,2024-02-05 18:19:28,2024-02-06 07:19:28,13.0,No,No
TKT-01549,Printer,Critical,Resolved,HR,Priya Singh,2023-09-07 11:43:21,2023-09-07 15:43:21,4.0,No,No
TKT-01550,Network,High,Resolved,Sales,Anjali Mehta,2023-07-28 17:38:08,2023-07-29 02:38:08,9.0,No,No
TKT-01551,Printer,High,In Progress,HR,Neha Gupta,2023-03-25 16:24:57,,,,Yes
TKT-01552,Access/Login,Medium,In Progress,HR,Rohit Verma,2023-09-05 02:06:24,,,,No
TKT-01553,Access/Login,Medium,Resolved,Finance,Neha Gupta,2023-04-10 01:27:55,2023-04-12 00:27:55,47.0,No,No
TKT-01554,Hardware,Medium,Resolved,Legal,Rohit Verma,2023-12-25 13:01:13,2023-12-27 08:01:13,43.0,No,No
TKT-01555,Network,High,Closed,Legal,Amit Sharma,2023-09-16 17:37:37,2023-09-17 21:37:37,28.0,Yes,Yes
TKT-01556,Access/Login,High,Closed,Marketing,Vikram Joshi,2023-05-20 18:47:18,2023-05-20 23:47:18,5.0,No,Yes
TKT-01557,Access/Login,Critical,In Progress,Sales,Vikram Joshi,2023-01-09 20:11:25,,,,No
TKT-01558,Printer,Medium,Closed,Finance,Neha Gupta,2024-09-06 06:09:50,2024-09-08 10:09:50,52.0,Yes,No
TKT-01559,Hardware,Low,Closed,Sales,Amit Sharma,2024-04-08 15:04:12,2024-04-10 08:04:12,41.0,No,No
TKT-01560,Network,Medium,Resolved,Sales,Rohit Verma,2024-03-18 14:49:41,2024-03-20 13:49:41,47.0,No,No
TKT-01561,Hardware,Low,Closed,Sales,Vikram Joshi,2024-09-03 14:35:18,2024-09-05 09:35:18,43.0,No,No
TKT-01562,Access/Login,Low,Resolved,HR,Rohit Verma,2024-08-21 03:24:49,2024-08-24 02:24:49,71.0,No,No
TKT-01563,Software,Medium,Closed,HR,Rohit Verma,2024-02-21 11:46:15,2024-02-23 03:46:15,40.0,No,No
TKT-01564,Access/Login,Low,Closed,Sales,Rohit Verma,2024-09-02 02:15:14,2024-09-05 03:15:14,73.0,Yes,No
TKT-01565,Software,High,Closed,Finance,Amit Sharma,2023-10-08 03:11:13,2023-10-09 02:11:13,23.0,No,Yes
TKT-01566,Access/Login,Medium,Resolved,Marketing,Priya Singh,2024-06-13 00:25:18,2024-06-15 02:25:18,50.0,Yes,No
TKT-01567,Hardware,Medium,Open,Sales,Suresh Kumar,2023-09-05 07:40:09,,,,No
TKT-01568,Hardware,Low,Resolved,Operations,Amit Sharma,2023-08-16 03:00:23,2023-08-17 19:00:23,40.0,No,No
TKT-01569,Network,High,Closed,HR,Anjali Mehta,2023-12-03 00:51:57,2023-12-03 06:51:57,6.0,No,Yes
TKT-01570,Network,Medium,Resolved,IT,Anjali Mehta,2024-05-26 09:44:59,2024-05-27 20:44:59,35.0,No,Yes
TKT-01571,Hardware,Low,Resolved,Finance,Suresh Kumar,2023-04-11 02:16:47,2023-04-11 15:16:47,13.0,No,No
TKT-01572,Network,Medium,Closed,Operations,Vikram Joshi,2023-08-04 00:52:58,2023-08-06 02:52:58,50.0,Yes,No
TKT-01573,Access/Login,High,Resolved,Marketing,Priya Singh,2023-03-09 11:22:43,2023-03-10 09:22:43,22.0,No,No
TKT-01574,Hardware,Critical,In Progress,Operations,Suresh Kumar,2023-12-08 02:09:28,,,,No
TKT-01575,Email,High,Open,Operations,Vikram Joshi,2024-02-10 19:51:34,,,,Yes
TKT-01576,Email,Medium,Resolved,Legal,Suresh Kumar,2024-03-20 23:41:35,2024-03-21 19:41:35,20.0,No,No
TKT-01577,Network,Low,Resolved,HR,Anjali Mehta,2024-07-09 02:17:06,2024-07-10 18:17:06,40.0,No,No
TKT-01578,Network,Low,Closed,HR,Rohit Verma,2023-11-14 01:35:19,2023-11-17 00:35:19,71.0,No,No
TKT-01579,Access/Login,Low,Open,Finance,Suresh Kumar,2023-09-26 01:01:37,,,,No
TKT-01580,Printer,Low,Resolved,Sales,Rohit Verma,2023-07-16 22:04:52,2023-07-19 00:04:52,50.0,No,Yes
TKT-01581,Access/Login,Medium,Resolved,IT,Anjali Mehta,2023-08-25 14:16:47,2023-08-26 06:16:47,16.0,No,No
TKT-01582,Hardware,Low,Resolved,Legal,Suresh Kumar,2024-09-16 19:20:59,2024-09-19 17:20:59,70.0,No,No
TKT-01583,Hardware,High,Resolved,Finance,Amit Sharma,2024-01-06 21:26:57,2024-01-08 02:26:57,29.0,Yes,Yes
TKT-01584,Access/Login,Critical,Resolved,IT,Anjali Mehta,2024-09-29 05:51:35,2024-09-29 10:51:35,5.0,Yes,Yes
TKT-01585,Hardware,Medium,Open,Sales,Suresh Kumar,2024-12-19 21:57:00,,,,No
TKT-01586,Hardware,High,Resolved,IT,Neha Gupta,2024-08-09 04:18:38,2024-08-10 05:18:38,25.0,Yes,No
TKT-01587,Network,High,Closed,Marketing,Priya Singh,2024-02-17 19:07:41,2024-02-18 13:07:41,18.0,No,Yes
TKT-01588,Software,High,Closed,Sales,Anjali Mehta,2024-12-29 11:23:34,2024-12-29 23:23:34,12.0,No,Yes
TKT-01589,Software,Medium,Closed,Legal,Amit Sharma,2023-12-09 09:21:58,2023-12-10 09:21:58,24.0,No,Yes
TKT-01590,Hardware,Medium,Open,Operations,Suresh Kumar,2023-06-10 01:54:54,,,,Yes
TKT-01591,Network,High,In Progress,HR,Vikram Joshi,2024-03-16 10:40:20,,,,Yes
TKT-01592,Email,High,Resolved,Sales,Rohit Verma,2023-07-31 09:55:25,2023-07-31 20:55:25,11.0,No,No
TKT-01593,Access/Login,Medium,Open,Sales,Rohit Verma,2024-09-04 05:25:42,,,,No
TKT-01594,Printer,Low,Resolved,Operations,Vikram Joshi,2024-04-04 11:55:04,2024-04-07 14:55:04,75.0,Yes,No
TKT-01595,Email,Critical,In Progress,Operations,Suresh Kumar,2023-05-02 20:46:04,,,,No
TKT-01596,Network,Low,In Progress,Operations,Neha Gupta,2024-03-06 06:20:12,,,,No
TKT-01597,Network,Critical,Closed,Legal,Amit Sharma,2023-07-05 19:29:50,2023-07-06 00:29:50,5.0,Yes,No
TKT-01598,Hardware,High,In Progress,Marketing,Anjali Mehta,2024-04-19 01:15:31,,,,No
TKT-01599,Printer,High,Closed,Sales,Priya Singh,2023-09-18 01:07:18,2023-09-18 11:07:18,10.0,No,No
TKT-01600,Printer,High,Closed,HR,Anjali Mehta,2023-10-10 05:00:11,2023-10-10 20:00:11,15.0,No,No
TKT-01601,Printer,High,Resolved,Legal,Suresh Kumar,2023-08-24 12:01:00,2023-08-25 10:01:00,22.0,No,No
TKT-01602,Software,Low,Resolved,Finance,Anjali Mehta,2024-10-31 04:54:18,2024-11-01 15:54:18,35.0,No,No
TKT-01603,Access/Login,High,Closed,Sales,Priya Singh,2023-10-02 14:13:44,2023-10-03 20:13:44,30.0,Yes,No
TKT-01604,Email,High,Closed,HR,Neha Gupta,2023-07-14 14:18:31,2023-07-15 09:18:31,19.0,No,No
TKT-01605,Software,High,Resolved,Marketing,Rohit Verma,2024-10-03 22:48:22,2024-10-04 20:48:22,22.0,No,No
TKT-01606,Software,Medium,Resolved,Marketing,Priya Singh,2023-03-30 19:22:31,2023-04-02 05:22:31,58.0,Yes,No
TKT-01607,Printer,Medium,Closed,IT,Suresh Kumar,2023-05-09 04:37:44,2023-05-10 19:37:44,39.0,No,No
TKT-01608,Hardware,Low,In Progress,Legal,Vikram Joshi,2023-04-22 09:25:58,,,,Yes
TKT-01609,Software,Medium,Resolved,IT,Rohit Verma,2024-01-30 20:14:23,2024-01-31 23:14:23,27.0,No,No
TKT-01610,Printer,Low,Open,Legal,Vikram Joshi,2023-06-30 04:44:17,,,,No
TKT-01611,Hardware,Low,Closed,Legal,Vikram Joshi,2024-02-15 03:41:08,2024-02-17 17:41:08,62.0,No,No
TKT-01612,Network,Medium,Resolved,Legal,Neha Gupta,2024-10-27 21:41:20,2024-10-29 03:41:20,30.0,No,Yes
TKT-01613,Network,Medium,Resolved,Marketing,Vikram Joshi,2023-08-29 09:59:26,2023-08-30 09:59:26,24.0,No,No
TKT-01614,Software,Medium,Resolved,Finance,Vikram Joshi,2023-03-20 02:02:11,2023-03-20 14:02:11,12.0,No,No
TKT-01615,Network,Low,Closed,Marketing,Amit Sharma,2023-09-01 11:40:56,2023-09-03 21:40:56,58.0,No,No
TKT-01616,Network,High,Closed,Marketing,Amit Sharma,2023-11-15 09:02:40,2023-11-15 22:02:40,13.0,No,No
TKT-01617,Software,Critical,Open,IT,Vikram Joshi,2024-11-16 01:14:06,,,,Yes
TKT-01618,Network,Medium,Resolved,Marketing,Priya Singh,2024-11-15 19:16:57,2024-11-16 02:16:57,7.0,No,No
TKT-01619,Email,Low,Resolved,IT,Amit Sharma,2024-11-15 10:29:35,2024-11-16 16:29:35,30.0,No,No
TKT-01620,Software,Medium,Closed,HR,Rohit Verma,2023-09-27 15:46:53,2023-09-30 00:46:53,57.0,Yes,No
TKT-01621,Printer,Medium,Open,Sales,Vikram Joshi,2024-07-22 12:54:42,,,,No
TKT-01622,Printer,High,Closed,HR,Amit Sharma,2023-02-24 09:22:39,2023-02-24 15:22:39,6.0,No,No
TKT-01623,Printer,Medium,Resolved,Legal,Suresh Kumar,2023-05-09 20:37:26,2023-05-12 03:37:26,55.0,Yes,No
TKT-01624,Email,High,Resolved,IT,Priya Singh,2024-12-07 06:00:07,2024-12-08 04:00:07,22.0,No,Yes
TKT-01625,Access/Login,Medium,Resolved,Finance,Neha Gupta,2024-10-30 18:55:17,2024-10-31 16:55:17,22.0,No,No
TKT-01626,Printer,Medium,Resolved,HR,Neha Gupta,2024-09-01 03:09:23,2024-09-02 07:09:23,28.0,No,Yes
TKT-01627,Printer,Low,Resolved,HR,Neha Gupta,2023-02-20 03:26:02,2023-02-21 18:26:02,39.0,No,No
TKT-01628,Email,Low,Resolved,Finance,Vikram Joshi,2024-09-27 01:20:12,2024-09-30 19:20:12,90.0,Yes,No
TKT-01629,Software,Low,In Progress,Operations,Priya Singh,2023-12-31 03:11:55,,,,Yes
TKT-01630,Access/Login,Medium,Open,Legal,Priya Singh,2024-11-28 13:10:14,,,,No
TKT-01631,Access/Login,Medium,Resolved,Finance,Amit Sharma,2024-06-12 17:01:50,2024-06-14 18:01:50,49.0,Yes,No
TKT-01632,Access/Login,High,Resolved,Finance,Vikram Joshi,2023-09-12 04:43:15,2023-09-12 21:43:15,17.0,No,No
TKT-01633,Access/Login,Medium,Closed,Sales,Neha Gupta,2023-05-20 12:16:24,2023-05-22 01:16:24,37.0,No,Yes
TKT-01634,Hardware,Medium,Resolved,Finance,Vikram Joshi,2023-08-06 23:54:44,2023-08-07 14:54:44,15.0,No,Yes
TKT-01635,Software,Low,Open,HR,Amit Sharma,2024-06-18 22:01:53,,,,No
TKT-01636,Access/Login,Low,Open,IT,Neha Gupta,2024-11-09 15:33:08,,,,Yes
TKT-01637,Network,High,Open,Sales,Suresh Kumar,2024-07-27 08:56:40,,,,Yes
TKT-01638,Email,Medium,Resolved,Operations,Anjali Mehta,2024-11-30 13:08:32,2024-12-02 21:08:32,56.0,Yes,Yes
TKT-01639,Email,Medium,Resolved,Finance,Rohit Verma,2023-06-13 18:59:52,2023-06-14 09:59:52,15.0,No,No
TKT-01640,Hardware,Medium,Resolved,IT,Amit Sharma,2023-12-28 23:43:01,2023-12-29 23:43:01,24.0,No,No
TKT-01641,Software,Medium,Closed,Sales,Amit Sharma,2023-09-24 00:42:26,2023-09-25 20:42:26,44.0,No,Yes
TKT-01642,Software,Low,Closed,Finance,Rohit Verma,2024-02-25 21:14:48,2024-02-29 15:14:48,90.0,Yes,Yes
TKT-01643,Network,High,Open,Operations,Anjali Mehta,2023-11-06 08:50:14,,,,No
TKT-01644,Network,Medium,Closed,Finance,Amit Sharma,2023-03-10 05:27:05,2023-03-10 19:27:05,14.0,No,No
TKT-01645,Network,Low,Closed,Finance,Vikram Joshi,2023-04-11 22:05:49,2023-04-15 02:05:49,76.0,Yes,No
TKT-01646,Network,Medium,Open,Operations,Rohit Verma,2023-10-11 15:02:54,,,,No
TKT-01647,Software,Low,Resolved,Finance,Amit Sharma,2023-12-19 01:42:40,2023-12-22 17:42:40,88.0,Yes,No
TKT-01648,Access/Login,High,Resolved,HR,Priya Singh,2023-12-25 00:17:21,2023-12-25 16:17:21,16.0,No,No
TKT-01649,Printer,Medium,Resolved,Legal,Amit Sharma,2024-04-04 05:10:33,2024-04-05 21:10:33,40.0,No,No
TKT-01650,Access/Login,High,Resolved,Legal,Suresh Kumar,2024-09-10 02:40:04,2024-09-10 06:40:04,4.0,No,No
TKT-01651,Software,Critical,In Progress,Legal,Rohit Verma,2023-05-23 02:07:20,,,,No
TKT-01652,Access/Login,Medium,Closed,Marketing,Amit Sharma,2023-03-27 07:29:48,2023-03-28 15:29:48,32.0,No,No
TKT-01653,Software,Low,Resolved,IT,Vikram Joshi,2024-01-24 20:21:24,2024-01-27 02:21:24,54.0,No,No
TKT-01654,Email,Medium,In Progress,Finance,Neha Gupta,2024-05-15 16:40:57,,,,No
TKT-01655,Software,Medium,Closed,HR,Suresh Kumar,2024-12-01 05:17:24,2024-12-02 07:17:24,26.0,No,Yes
TKT-01656,Network,Medium,Resolved,Sales,Amit Sharma,2024-09-18 16:46:44,2024-09-20 14:46:44,46.0,No,No
TKT-01657,Hardware,Critical,Closed,Sales,Anjali Mehta,2024-04-21 00:39:48,2024-04-21 01:39:48,1.0,No,Yes
TKT-01658,Printer,Critical,In Progress,Marketing,Neha Gupta,2023-05-18 19:49:19,,,,No
TKT-01659,Hardware,Low,Resolved,Marketing,Priya Singh,2023-12-21 19:50:52,2023-12-23 03:50:52,32.0,No,No
TKT-01660,Hardware,Medium,Open,HR,Neha Gupta,2024-04-18 16:24:54,,,,No
TKT-01661,Network,Critical,Resolved,Operations,Anjali Mehta,2024-11-20 11:18:39,2024-11-20 17:18:39,6.0,Yes,No
TKT-01662,Printer,Low,In Progress,Marketing,Rohit Verma,2023-03-22 00:08:05,,,,No
TKT-01663,Access/Login,High,Closed,HR,Priya Singh,2023-12-17 11:08:48,2023-12-18 12:08:48,25.0,Yes,Yes
TKT-01664,Hardware,Low,Resolved,Operations,Priya Singh,2023-06-13 18:12:21,2023-06-16 20:12:21,74.0,Yes,No
TKT-01665,Network,Low,Resolved,Sales,Neha Gupta,2023-04-01 10:49:44,2023-04-04 20:49:44,82.0,Yes,Yes
TKT-01666,Email,Critical,Resolved,HR,Priya Singh,2024-05-19 09:44:57,2024-05-19 19:44:57,10.0,Yes,Yes
TKT-01667,Printer,Critical,Closed,Legal,Amit Sharma,2023-05-29 15:52:29,2023-05-29 23:52:29,8.0,Yes,No
TKT-01668,Hardware,High,In Progress,Sales,Vikram Joshi,2024-09-07 12:49:48,,,,Yes
TKT-01669,Network,Low,Closed,Finance,Rohit Verma,2024-04-13 04:16:51,2024-04-14 07:16:51,27.0,No,Yes
TKT-01670,Software,High,Resolved,Finance,Priya Singh,2024-01-31 21:28:03,2024-02-01 21:28:03,24.0,No,No
TKT-01671,Network,Low,Resolved,Sales,Rohit Verma,2024-09-03 14:08:12,2024-09-06 18:08:12,76.0,Yes,No
TKT-01672,Hardware,Critical,Closed,Finance,Suresh Kumar,2023-07-15 21:19:59,2023-07-16 04:19:59,7.0,Yes,Yes
TKT-01673,Network,Medium,Closed,Sales,Priya Singh,2024-04-13 03:34:42,2024-04-15 04:34:42,49.0,Yes,Yes
TKT-01674,Printer,High,Resolved,Legal,Priya Singh,2024-10-07 22:41:35,2024-10-08 14:41:35,16.0,No,No
TKT-01675,Hardware,Critical,Closed,Marketing,Priya Singh,2024-11-10 07:42:21,2024-11-10 17:42:21,10.0,Yes,Yes
TKT-01676,Network,Medium,Resolved,Operations,Amit Sharma,2024-08-10 23:38:50,2024-08-13 00:38:50,49.0,Yes,Yes
TKT-01677,Hardware,Low,Resolved,Sales,Anjali Mehta,2024-02-29 14:57:07,2024-03-01 12:57:07,22.0,No,No
TKT-01678,Software,Medium,Resolved,HR,Neha Gupta,2023-05-28 15:31:57,2023-05-30 01:31:57,34.0,No,Yes
TKT-01679,Printer,Medium,Resolved,Legal,Priya Singh,2023-07-24 10:21:01,2023-07-26 13:21:01,51.0,Yes,No
TKT-01680,Network,Medium,Resolved,HR,Priya Singh,2023-08-23 10:51:02,2023-08-23 21:51:02,11.0,No,No
TKT-01681,Network,Critical,Resolved,HR,Priya Singh,2024-10-23 21:41:02,2024-10-24 07:41:02,10.0,Yes,No
TKT-01682,Printer,Critical,Resolved,Operations,Vikram Joshi,2023-02-25 19:14:07,2023-02-26 01:14:07,6.0,Yes,Yes
TKT-01683,Hardware,Critical,Resolved,Legal,Priya Singh,2024-09-22 03:24:52,2024-09-22 06:24:52,3.0,No,Yes
TKT-01684,Access/Login,Low,Resolved,Finance,Rohit Verma,2023-09-06 16:15:45,2023-09-08 17:15:45,49.0,No,No
TKT-01685,Software,Medium,Closed,Finance,Anjali Mehta,2023-09-05 04:16:25,2023-09-07 15:16:25,59.0,Yes,No
TKT-01686,Hardware,Medium,Resolved,IT,Suresh Kumar,2024-07-11 10:29:43,2024-07-13 11:29:43,49.0,Yes,No
TKT-01687,Printer,Medium,Resolved,Finance,Vikram Joshi,2024-08-23 14:00:45,2024-08-24 19:00:45,29.0,No,No
TKT-01688,Software,Medium,Resolved,Sales,Vikram Joshi,2023-10-28 05:16:37,2023-10-30 00:16:37,43.0,No,Yes
TKT-01689,Hardware,Medium,Closed,Operations,Amit Sharma,2023-10-04 22:33:02,2023-10-06 17:33:02,43.0,No,No
TKT-01690,Network,Medium,Closed,HR,Suresh Kumar,2023-09-16 19:44:57,2023-09-19 00:44:57,53.0,Yes,Yes
TKT-01691,Printer,Low,Resolved,HR,Priya Singh,2024-07-01 13:57:46,2024-07-03 13:57:46,48.0,No,No
TKT-01692,Access/Login,Medium,Resolved,Sales,Rohit Verma,2023-02-01 05:59:49,2023-02-03 05:59:49,48.0,No,No
TKT-01693,Hardware,Low,In Progress,Finance,Priya Singh,2024-01-12 23:29:15,,,,No
TKT-01694,Access/Login,High,Resolved,Marketing,Amit Sharma,2024-08-22 16:17:59,2024-08-23 19:17:59,27.0,Yes,No
TKT-01695,Software,Medium,Closed,IT,Anjali Mehta,2023-02-19 08:04:41,2023-02-19 13:04:41,5.0,No,Yes
TKT-01696,Access/Login,High,Resolved,Sales,Anjali Mehta,2024-06-19 00:13:20,2024-06-20 03:13:20,27.0,Yes,No
TKT-01697,Email,Medium,Resolved,Sales,Vikram Joshi,2023-10-31 09:48:59,2023-11-01 13:48:59,28.0,No,No
TKT-01698,Access/Login,Medium,Resolved,Marketing,Amit Sharma,2023-11-10 15:57:51,2023-11-10 20:57:51,5.0,No,No
TKT-01699,Network,Low,Open,Marketing,Vikram Joshi,2023-10-02 09:39:05,,,,No
TKT-01700,Network,Low,Open,IT,Rohit Verma,2023-11-18 05:40:55,,,,Yes
TKT-01701,Network,Medium,Closed,Legal,Vikram Joshi,2024-07-28 14:48:24,2024-07-30 05:48:24,39.0,No,Yes
TKT-01702,Network,Medium,Resolved,Sales,Rohit Verma,2023-03-25 20:10:13,2023-03-27 15:10:13,43.0,No,Yes
TKT-01703,Printer,Low,Closed,Finance,Priya Singh,2023-06-04 03:43:04,2023-06-04 23:43:04,20.0,No,Yes
TKT-01704,Printer,Low,Resolved,Sales,Rohit Verma,2024-02-29 05:42:47,2024-03-03 01:42:47,68.0,No,No
TKT-01705,Printer,High,Closed,HR,Amit Sharma,2024-09-17 19:33:19,2024-09-17 22:33:19,3.0,No,No
TKT-01706,Email,Critical,Closed,HR,Neha Gupta,2023-06-05 15:50:59,2023-06-05 21:50:59,6.0,Yes,No
TKT-01707,Printer,High,Resolved,HR,Priya Singh,2023-10-11 09:45:22,2023-10-12 07:45:22,22.0,No,No
TKT-01708,Access/Login,Critical,Closed,Operations,Rohit Verma,2023-02-22 23:00:16,2023-02-23 08:00:16,9.0,Yes,No
TKT-01709,Software,Medium,Resolved,Operations,Neha Gupta,2023-03-08 01:18:59,2023-03-10 06:18:59,53.0,Yes,No
TKT-01710,Printer,Medium,Resolved,Operations,Anjali Mehta,2024-10-15 11:00:17,2024-10-17 06:00:17,43.0,No,No
TKT-01711,Printer,Low,Resolved,Finance,Amit Sharma,2024-06-01 22:47:46,2024-06-04 13:47:46,63.0,No,Yes
TKT-01712,Network,Medium,Closed,Marketing,Rohit Verma,2023-11-29 20:25:29,2023-11-30 15:25:29,19.0,No,No
TKT-01713,Printer,Medium,Resolved,Sales,Anjali Mehta,2023-09-12 04:37:26,2023-09-14 13:37:26,57.0,Yes,No
TKT-01714,Access/Login,Medium,Resolved,IT,Neha Gupta,2024-08-22 17:28:19,2024-08-22 22:28:19,5.0,No,No
TKT-01715,Network,Medium,Resolved,IT,Vikram Joshi,2024-03-01 17:59:33,2024-03-02 11:59:33,18.0,No,No
TKT-01716,Printer,Medium,Resolved,Marketing,Vikram Joshi,2024-06-19 03:59:51,2024-06-19 13:59:51,10.0,No,No
TKT-01717,Email,Critical,Resolved,Marketing,Suresh Kumar,2024-04-13 03:49:05,2024-04-13 09:49:05,6.0,Yes,Yes
TKT-01718,Access/Login,Medium,Resolved,Operations,Suresh Kumar,2024-01-23 22:50:06,2024-01-25 18:50:06,44.0,No,No
TKT-01719,Access/Login,Medium,Closed,Legal,Rohit Verma,2023-02-12 13:17:20,2023-02-14 17:17:20,52.0,Yes,Yes
TKT-01720,Access/Login,Critical,Resolved,Operations,Vikram Joshi,2023-07-23 22:38:11,2023-07-24 02:38:11,4.0,No,Yes
TKT-01721,Software,Critical,Closed,Finance,Vikram Joshi,2023-01-07 01:18:49,2023-01-07 08:18:49,7.0,Yes,Yes
TKT-01722,Email,Medium,Closed,IT,Suresh Kumar,2023-12-04 23:35:36,2023-12-06 00:35:36,25.0,No,No
TKT-01723,Printer,Low,Open,Marketing,Vikram Joshi,2023-07-05 17:10:23,,,,No
TKT-01724,Access/Login,Low,Resolved,Legal,Neha Gupta,2024-02-20 18:10:05,2024-02-22 16:10:05,46.0,No,No
TKT-01725,Software,Medium,Resolved,Legal,Rohit Verma,2024-02-22 17:06:30,2024-02-24 15:06:30,46.0,No,No
TKT-01726,Access/Login,Medium,Resolved,IT,Neha Gupta,2023-07-22 04:22:29,2023-07-24 01:22:29,45.0,No,Yes
TKT-01727,Software,Low,Closed,HR,Suresh Kumar,2023-07-13 11:57:34,2023-07-16 22:57:34,83.0,Yes,No
TKT-01728,Network,Medium,Resolved,Marketing,Neha Gupta,2023-05-09 14:23:49,2023-05-10 18:23:49,28.0,No,No
TKT-01729,Printer,Medium,Closed,Finance,Vikram Joshi,2023-01-29 11:38:25,2023-01-30 21:38:25,34.0,No,Yes
TKT-01730,Software,Medium,Closed,Finance,Rohit Verma,2023-05-27 03:59:25,2023-05-28 02:59:25,23.0,No,Yes
TKT-01731,Software,Medium,Resolved,Marketing,Suresh Kumar,2024-03-14 23:39:17,2024-03-15 19:39:17,20.0,No,No
TKT-01732,Access/Login,Medium,Resolved,Operations,Vikram Joshi,2024-12-21 00:02:31,2024-12-23 12:02:31,60.0,Yes,Yes
TKT-01733,Access/Login,High,Resolved,Marketing,Amit Sharma,2023-10-16 22:01:44,2023-10-17 16:01:44,18.0,No,No
TKT-01734,Access/Login,Low,Resolved,Sales,Anjali Mehta,2024-01-15 05:17:08,2024-01-18 11:17:08,78.0,Yes,No
TKT-01735,Printer,Critical,Closed,IT,Neha Gupta,2023-12-23 15:51:31,2023-12-23 22:51:31,7.0,Yes,Yes
TKT-01736,Printer,High,Resolved,Marketing,Suresh Kumar,2023-12-24 04:37:40,2023-12-24 20:37:40,16.0,No,Yes
TKT-01737,Hardware,Low,Open,Legal,Vikram Joshi,2023-08-16 13:36:20,,,,No
TKT-01738,Printer,Low,Resolved,Sales,Priya Singh,2023-05-15 07:44:16,2023-05-17 00:44:16,41.0,No,No
TKT-01739,Network,Low,Closed,HR,Neha Gupta,2024-08-07 00:35:04,2024-08-10 00:35:04,72.0,No,No
TKT-01740,Network,Low,Resolved,Legal,Neha Gupta,2024-08-06 21:15:08,2024-08-08 16:15:08,43.0,No,No
TKT-01741,Hardware,High,Resolved,Sales,Amit Sharma,2024-12-02 01:34:51,2024-12-02 21:34:51,20.0,No,No
TKT-01742,Printer,Low,In Progress,Finance,Suresh Kumar,2023-09-06 02:03:02,,,,No
TKT-01743,Printer,Low,Closed,Marketing,Priya Singh,2024-01-08 13:19:05,2024-01-09 17:19:05,28.0,No,No
TKT-01744,Network,Medium,Resolved,Finance,Suresh Kumar,2024-06-08 03:43:24,2024-06-08 17:43:24,14.0,No,Yes
TKT-01745,Network,Medium,Closed,Legal,Suresh Kumar,2023-04-15 07:10:33,2023-04-16 18:10:33,35.0,No,Yes
TKT-01746,Network,Medium,Closed,Operations,Rohit Verma,2023-09-11 08:29:14,2023-09-12 12:29:14,28.0,No,No
TKT-01747,Printer,Low,Closed,Finance,Neha Gupta,2023-05-12 20:49:48,2023-05-15 06:49:48,58.0,No,No
TKT-01748,Network,Low,Resolved,Finance,Rohit Verma,2024-07-02 10:07:55,2024-07-06 01:07:55,87.0,Yes,No
TKT-01749,Printer,Low,Resolved,Operations,Anjali Mehta,2024-02-28 11:17:40,2024-02-28 22:17:40,11.0,No,No
TKT-01750,Software,High,Resolved,HR,Neha Gupta,2024-02-27 23:49:50,2024-02-28 11:49:50,12.0,No,No
TKT-01751,Hardware,Low,In Progress,Legal,Anjali Mehta,2023-08-07 07:27:47,,,,No
TKT-01752,Access/Login,Medium,Resolved,Sales,Vikram Joshi,2023-09-02 11:16:35,2023-09-04 12:16:35,49.0,Yes,Yes
TKT-01753,Software,Medium,Resolved,HR,Suresh Kumar,2023-03-30 22:30:39,2023-04-01 14:30:39,40.0,No,No
TKT-01754,Printer,Low,Open,HR,Priya Singh,2024-07-11 14:45:50,,,,No
TKT-01755,Software,Low,Closed,IT,Neha Gupta,2024-01-24 23:19:57,2024-01-25 21:19:57,22.0,No,No
TKT-01756,Network,High,Resolved,IT,Amit Sharma,2023-05-06 15:10:05,2023-05-07 08:10:05,17.0,No,Yes
TKT-01757,Hardware,Medium,Resolved,IT,Rohit Verma,2024-04-24 20:44:28,2024-04-25 01:44:28,5.0,No,No
TKT-01758,Hardware,High,Resolved,Marketing,Priya Singh,2024-05-01 13:38:18,2024-05-02 11:38:18,22.0,No,No
TKT-01759,Access/Login,Critical,Resolved,IT,Suresh Kumar,2024-07-12 12:23:08,2024-07-12 15:23:08,3.0,No,No
TKT-01760,Network,Medium,Closed,Marketing,Rohit Verma,2024-02-02 22:59:49,2024-02-05 10:59:49,60.0,Yes,No
TKT-01761,Network,Low,Closed,Sales,Anjali Mehta,2023-07-09 04:15:42,2023-07-11 22:15:42,66.0,No,Yes
TKT-01762,Access/Login,Low,Open,Operations,Neha Gupta,2023-09-04 07:13:15,,,,No
TKT-01763,Access/Login,Medium,Resolved,Legal,Neha Gupta,2024-10-20 00:58:01,2024-10-21 21:58:01,45.0,No,Yes
TKT-01764,Software,Low,Resolved,Finance,Priya Singh,2024-06-18 23:48:11,2024-06-21 00:48:11,49.0,No,No
TKT-01765,Email,Medium,Closed,Operations,Priya Singh,2024-10-27 00:43:44,2024-10-29 00:43:44,48.0,No,Yes
TKT-01766,Software,Low,Resolved,Finance,Vikram Joshi,2023-04-20 14:51:10,2023-04-21 20:51:10,30.0,No,No
TKT-01767,Network,Critical,In Progress,Marketing,Suresh Kumar,2024-08-23 12:54:44,,,,No
TKT-01768,Software,Critical,Resolved,Legal,Vikram Joshi,2023-08-23 10:10:50,2023-08-23 15:10:50,5.0,Yes,No
TKT-01769,Network,High,Open,Sales,Neha Gupta,2024-01-26 08:32:01,,,,No
TKT-01770,Access/Login,Low,In Progress,HR,Neha Gupta,2024-02-11 22:26:45,,,,Yes
TKT-01771,Access/Login,High,Resolved,Marketing,Priya Singh,2023-07-24 07:18:52,2023-07-25 07:18:52,24.0,No,No
TKT-01772,Network,High,Resolved,IT,Vikram Joshi,2024-01-16 15:09:58,2024-01-17 10:09:58,19.0,No,No
TKT-01773,Printer,Low,Resolved,Operations,Neha Gupta,2024-12-26 04:48:14,2024-12-28 01:48:14,45.0,No,No
TKT-01774,Software,Medium,Resolved,Marketing,Suresh Kumar,2023-07-29 07:08:17,2023-07-29 14:08:17,7.0,No,Yes
TKT-01775,Printer,Critical,Closed,Finance,Rohit Verma,2024-12-26 22:40:11,2024-12-26 23:40:11,1.0,No,No
TKT-01776,Hardware,Low,Resolved,Operations,Rohit Verma,2024-09-02 15:02:57,2024-09-05 09:02:57,66.0,No,No
TKT-01777,Software,High,Resolved,Legal,Anjali Mehta,2023-11-06 14:51:56,2023-11-06 20:51:56,6.0,No,No
TKT-01778,Email,Low,Resolved,HR,Neha Gupta,2024-01-29 23:32:06,2024-01-31 16:32:06,41.0,No,No
TKT-01779,Printer,Low,Closed,Sales,Anjali Mehta,2023-07-14 06:56:03,2023-07-14 18:56:03,12.0,No,No
TKT-01780,Printer,High,Resolved,Legal,Rohit Verma,2024-01-29 21:39:10,2024-01-31 03:39:10,30.0,Yes,No
TKT-01781,Software,Medium,Resolved,Sales,Rohit Verma,2023-08-29 16:12:47,2023-08-31 16:12:47,48.0,No,No
TKT-01782,Network,Medium,In Progress,Finance,Amit Sharma,2023-04-26 18:09:18,,,,No
TKT-01783,Hardware,High,Resolved,Operations,Rohit Verma,2024-05-11 20:40:58,2024-05-12 11:40:58,15.0,No,Yes
TKT-01784,Email,High,Resolved,Operations,Neha Gupta,2023-06-30 10:36:25,2023-06-30 22:36:25,12.0,No,No
TKT-01785,Printer,Low,Resolved,Operations,Vikram Joshi,2023-08-14 06:24:39,2023-08-15 06:24:39,24.0,No,No
TKT-01786,Hardware,Medium,Resolved,Marketing,Priya Singh,2023-01-21 13:47:51,2023-01-23 19:47:51,54.0,Yes,Yes
TKT-01787,Network,Medium,Open,Marketing,Priya Singh,2023-02-05 07:34:38,,,,Yes
TKT-01788,Network,Medium,Closed,Marketing,Vikram Joshi,2024-12-23 06:05:42,2024-12-23 12:05:42,6.0,No,No
TKT-01789,Network,Low,Open,HR,Amit Sharma,2023-10-05 22:35:14,,,,No
TKT-01790,Network,High,Closed,Legal,Rohit Verma,2024-01-09 17:38:41,2024-01-10 15:38:41,22.0,No,No
TKT-01791,Email,Critical,Open,Marketing,Vikram Joshi,2023-09-09 13:08:30,,,,Yes
TKT-01792,Software,Medium,Resolved,Operations,Suresh Kumar,2024-07-07 18:42:45,2024-07-10 00:42:45,54.0,Yes,Yes
TKT-01793,Network,Critical,Resolved,Sales,Priya Singh,2023-12-30 07:43:05,2023-12-30 10:43:05,3.0,No,Yes
TKT-01794,Access/Login,Critical,Resolved,Finance,Vikram Joshi,2024-01-27 17:23:32,2024-01-28 01:23:32,8.0,Yes,Yes
TKT-01795,Hardware,High,Resolved,IT,Vikram Joshi,2023-08-29 04:26:54,2023-08-29 07:26:54,3.0,No,No
TKT-01796,Access/Login,Medium,Resolved,IT,Suresh Kumar,2023-09-13 11:22:30,2023-09-13 21:22:30,10.0,No,No
TKT-01797,Email,High,Resolved,Legal,Priya Singh,2023-11-30 03:18:46,2023-12-01 04:18:46,25.0,Yes,No
TKT-01798,Network,High,Resolved,Finance,Priya Singh,2024-09-07 12:44:33,2024-09-08 06:44:33,18.0,No,Yes
TKT-01799,Access/Login,Low,Resolved,IT,Amit Sharma,2024-02-22 04:03:39,2024-02-22 14:03:39,10.0,No,No
TKT-01800,Access/Login,Critical,Resolved,Sales,Rohit Verma,2024-12-08 20:14:43,2024-12-09 01:14:43,5.0,Yes,Yes
TKT-01801,Software,Critical,Resolved,Marketing,Vikram Joshi,2023-08-31 16:52:22,2023-08-31 21:52:22,5.0,Yes,No
TKT-01802,Printer,Medium,Resolved,Finance,Vikram Joshi,2023-07-04 04:11:48,2023-07-04 20:11:48,16.0,No,No
TKT-01803,Software,Medium,Resolved,IT,Vikram Joshi,2023-10-06 12:20:56,2023-10-06 20:20:56,8.0,No,No
TKT-01804,Printer,Medium,Resolved,IT,Vikram Joshi,2024-09-14 21:32:36,2024-09-16 04:32:36,31.0,No,Yes
TKT-01805,Email,Critical,Closed,Legal,Anjali Mehta,2024-02-22 14:24:25,2024-02-22 16:24:25,2.0,No,No
TKT-01806,Software,Low,Resolved,IT,Anjali Mehta,2024-12-17 02:32:24,2024-12-19 11:32:24,57.0,No,No
TKT-01807,Network,Low,Resolved,HR,Neha Gupta,2023-08-07 13:04:22,2023-08-08 03:04:22,14.0,No,No
TKT-01808,Access/Login,Low,Resolved,Operations,Anjali Mehta,2023-12-25 20:52:30,2023-12-29 01:52:30,77.0,Yes,No
TKT-01809,Hardware,Medium,Resolved,IT,Amit Sharma,2023-09-08 03:19:43,2023-09-09 14:19:43,35.0,No,No
TKT-01810,Email,Medium,Open,Legal,Anjali Mehta,2023-02-09 23:25:26,,,,No
TKT-01811,Network,Low,Closed,Sales,Suresh Kumar,2024-08-13 00:39:15,2024-08-13 22:39:15,22.0,No,No
TKT-01812,Software,Low,Closed,Legal,Priya Singh,2023-03-10 16:26:50,2023-03-12 06:26:50,38.0,No,No
TKT-01813,Printer,Medium,Open,HR,Priya Singh,2023-04-19 07:41:45,,,,No
TKT-01814,Network,High,Resolved,Operations,Suresh Kumar,2024-08-21 05:12:11,2024-08-22 11:12:11,30.0,Yes,No
TKT-01815,Software,Medium,Resolved,Finance,Suresh Kumar,2023-05-24 13:07:12,2023-05-26 17:07:12,52.0,Yes,No
TKT-01816,Printer,Low,Resolved,Finance,Amit Sharma,2023-09-07 04:45:24,2023-09-08 08:45:24,28.0,No,No
TKT-01817,Software,Medium,Resolved,IT,Neha Gupta,2023-04-07 02:52:03,2023-04-07 19:52:03,17.0,No,No
TKT-01818,Access/Login,Medium,Resolved,Operations,Rohit Verma,2024-05-31 00:15:16,2024-06-01 09:15:16,33.0,No,No
TKT-01819,Printer,High,In Progress,Sales,Priya Singh,2024-11-25 10:50:36,,,,No
TKT-01820,Email,Medium,Resolved,Legal,Rohit Verma,2023-09-19 04:03:41,2023-09-20 01:03:41,21.0,No,No
TKT-01821,Access/Login,Medium,In Progress,Finance,Amit Sharma,2023-12-20 09:23:06,,,,No
TKT-01822,Hardware,Medium,Resolved,Legal,Rohit Verma,2024-10-21 17:42:23,2024-10-23 02:42:23,33.0,No,No
TKT-01823,Hardware,Critical,In Progress,Finance,Neha Gupta,2024-12-01 09:06:20,,,,Yes
TKT-01824,Hardware,Low,Closed,Operations,Suresh Kumar,2024-05-27 16:14:56,2024-05-28 21:14:56,29.0,No,No
TKT-01825,Email,Low,Closed,Operations,Priya Singh,2023-06-07 02:21:19,2023-06-10 07:21:19,77.0,Yes,No
TKT-01826,Hardware,Medium,Closed,Legal,Suresh Kumar,2024-09-23 07:38:52,2024-09-25 17:38:52,58.0,Yes,No
TKT-01827,Email,Critical,Closed,Legal,Priya Singh,2023-05-02 16:31:31,2023-05-02 21:31:31,5.0,Yes,No
TKT-01828,Access/Login,Critical,In Progress,IT,Neha Gupta,2024-02-22 11:57:23,,,,No
TKT-01829,Hardware,Low,Closed,Marketing,Rohit Verma,2024-12-10 04:16:24,2024-12-11 16:16:24,36.0,No,No
TKT-01830,Hardware,Low,Resolved,Finance,Neha Gupta,2023-08-08 09:49:33,2023-08-09 15:49:33,30.0,No,No
TKT-01831,Access/Login,High,Closed,IT,Suresh Kumar,2024-01-17 16:45:24,2024-01-18 20:45:24,28.0,Yes,No
TKT-01832,Hardware,Low,In Progress,Finance,Neha Gupta,2023-08-19 10:15:06,,,,Yes
TKT-01833,Printer,Low,Resolved,Marketing,Rohit Verma,2023-11-18 19:16:42,2023-11-20 22:16:42,51.0,No,Yes
TKT-01834,Email,Medium,Resolved,Marketing,Suresh Kumar,2024-05-25 09:02:25,2024-05-26 04:02:25,19.0,No,Yes
TKT-01835,Network,High,Closed,Operations,Neha Gupta,2024-05-11 01:49:33,2024-05-12 07:49:33,30.0,Yes,Yes
TKT-01836,Network,Critical,Resolved,Legal,Rohit Verma,2024-11-01 07:27:02,2024-11-01 14:27:02,7.0,Yes,No
TKT-01837,Email,Low,Closed,Legal,Vikram Joshi,2024-11-14 12:45:23,2024-11-17 12:45:23,72.0,No,No
TKT-01838,Email,Low,In Progress,Operations,Suresh Kumar,2023-11-09 13:18:51,,,,No
TKT-01839,Printer,Critical,Resolved,Marketing,Amit Sharma,2024-06-12 16:34:36,2024-06-12 21:34:36,5.0,Yes,No
TKT-01840,Network,Medium,Resolved,Marketing,Vikram Joshi,2024-07-05 12:03:38,2024-07-06 15:03:38,27.0,No,No
TKT-01841,Hardware,High,Resolved,Operations,Neha Gupta,2023-01-18 21:52:25,2023-01-19 12:52:25,15.0,No,No
TKT-01842,Hardware,Critical,Open,IT,Suresh Kumar,2023-09-29 13:22:27,,,,No
TKT-01843,Email,Medium,In Progress,IT,Amit Sharma,2023-11-18 04:16:48,,,,Yes
TKT-01844,Email,Low,In Progress,Finance,Rohit Verma,2024-05-07 23:52:20,,,,No
TKT-01845,Access/Login,High,Closed,HR,Rohit Verma,2024-02-20 13:22:48,2024-02-21 05:22:48,16.0,No,No
TKT-01846,Email,Low,Resolved,Legal,Anjali Mehta,2023-12-24 12:23:23,2023-12-27 05:23:23,65.0,No,Yes
TKT-01847,Email,Low,Closed,Sales,Amit Sharma,2024-08-03 20:38:41,2024-08-05 19:38:41,47.0,No,Yes
TKT-01848,Printer,Medium,Open,Sales,Vikram Joshi,2023-02-25 06:41:18,,,,Yes
TKT-01849,Access/Login,High,Resolved,Marketing,Anjali Mehta,2023-06-29 01:27:59,2023-06-30 04:27:59,27.0,Yes,No
TKT-01850,Software,Medium,Open,Marketing,Rohit Verma,2023-03-09 08:08:50,,,,No
TKT-01851,Access/Login,High,Resolved,Operations,Suresh Kumar,2023-12-05 17:13:15,2023-12-06 21:13:15,28.0,Yes,No
TKT-01852,Hardware,Critical,Resolved,IT,Rohit Verma,2024-11-04 11:26:30,2024-11-04 14:26:30,3.0,No,No
TKT-01853,Access/Login,Low,Open,IT,Rohit Verma,2024-06-05 12:22:26,,,,No
TKT-01854,Software,Critical,Resolved,HR,Priya Singh,2024-05-27 18:49:26,2024-05-28 03:49:26,9.0,Yes,No
TKT-01855,Network,High,Closed,IT,Suresh Kumar,2023-05-29 06:14:31,2023-05-29 10:14:31,4.0,No,No
TKT-01856,Printer,Medium,Open,IT,Vikram Joshi,2024-10-05 02:57:32,,,,Yes
TKT-01857,Email,Medium,Resolved,IT,Amit Sharma,2024-08-09 17:32:04,2024-08-11 13:32:04,44.0,No,No
TKT-01858,Network,Critical,Resolved,HR,Priya Singh,2024-08-26 12:33:49,2024-08-26 17:33:49,5.0,Yes,No
TKT-01859,Hardware,Medium,Open,Finance,Priya Singh,2023-05-29 03:37:47,,,,No
TKT-01860,Software,Low,Resolved,HR,Vikram Joshi,2024-01-18 17:48:56,2024-01-22 09:48:56,88.0,Yes,No
TKT-01861,Access/Login,Medium,In Progress,Finance,Neha Gupta,2024-05-04 08:38:02,,,,Yes
TKT-01862,Access/Login,Medium,Open,IT,Anjali Mehta,2023-09-29 23:33:20,,,,No
TKT-01863,Network,Medium,Resolved,Finance,Rohit Verma,2023-11-09 12:25:26,2023-11-10 15:25:26,27.0,No,No
TKT-01864,Network,High,In Progress,Finance,Vikram Joshi,2023-03-28 13:14:27,,,,No
TKT-01865,Email,High,Closed,HR,Vikram Joshi,2024-04-05 00:44:11,2024-04-06 01:44:11,25.0,Yes,No
TKT-01866,Printer,High,In Progress,Legal,Priya Singh,2024-02-09 22:54:21,,,,No
TKT-01867,Access/Login,Medium,Resolved,IT,Amit Sharma,2023-05-05 17:52:19,2023-05-05 23:52:19,6.0,No,No
TKT-01868,Email,Medium,Open,IT,Vikram Joshi,2024-01-22 07:32:01,,,,No
TKT-01869,Hardware,Critical,Resolved,Sales,Anjali Mehta,2024-08-25 01:28:24,2024-08-25 09:28:24,8.0,Yes,Yes
TKT-01870,Access/Login,High,In Progress,IT,Priya Singh,2023-11-21 23:47:53,,,,No
TKT-01871,Network,Low,Closed,Operations,Neha Gupta,2024-12-15 17:50:07,2024-12-16 21:50:07,28.0,No,Yes
TKT-01872,Network,High,In Progress,HR,Anjali Mehta,2023-03-24 06:49:02,,,,No
TKT-01873,Email,Low,Resolved,Finance,Anjali Mehta,2023-11-07 09:09:57,2023-11-08 19:09:57,34.0,No,No
TKT-01874,Software,Low,In Progress,Marketing,Amit Sharma,2024-08-06 13:12:45,,,,No
TKT-01875,Email,High,Closed,Legal,Neha Gupta,2023-03-07 13:16:44,2023-03-08 06:16:44,17.0,No,No
TKT-01876,Network,Low,Resolved,Finance,Anjali Mehta,2023-10-20 19:03:14,2023-10-23 12:03:14,65.0,No,No
TKT-01877,Software,Low,Resolved,Sales,Anjali Mehta,2024-03-03 05:58:38,2024-03-04 01:58:38,20.0,No,Yes
TKT-01878,Email,Low,Open,HR,Suresh Kumar,2024-09-20 08:47:30,,,,No
TKT-01879,Software,Low,In Progress,HR,Amit Sharma,2023-08-17 12:09:25,,,,No
TKT-01880,Email,Medium,Open,Finance,Priya Singh,2024-12-08 17:01:18,,,,Yes
TKT-01881,Software,Critical,Resolved,Marketing,Priya Singh,2024-03-27 00:00:21,2024-03-27 03:00:21,3.0,No,No
TKT-01882,Access/Login,High,Open,Finance,Suresh Kumar,2023-11-15 04:24:14,,,,No
TKT-01883,Hardware,Medium,In Progress,Legal,Amit Sharma,2023-10-13 07:54:38,,,,No
TKT-01884,Printer,Low,Closed,HR,Neha Gupta,2023-07-06 12:41:16,2023-07-07 22:41:16,34.0,No,No
TKT-01885,Network,Critical,In Progress,Operations,Vikram Joshi,2023-02-09 08:23:26,,,,No
TKT-01886,Printer,Medium,Resolved,Sales,Priya Singh,2023-04-14 12:20:56,2023-04-16 21:20:56,57.0,Yes,No
TKT-01887,Access/Login,Low,Resolved,IT,Vikram Joshi,2023-02-28 13:02:19,2023-03-04 02:02:19,85.0,Yes,No
TKT-01888,Hardware,Medium,Resolved,Operations,Suresh Kumar,2023-12-08 20:00:58,2023-12-10 21:00:58,49.0,Yes,No
TKT-01889,Access/Login,High,Closed,Sales,Rohit Verma,2023-04-20 22:33:16,2023-04-22 00:33:16,26.0,Yes,No
TKT-01890,Network,Critical,Resolved,IT,Neha Gupta,2023-03-03 00:58:24,2023-03-03 08:58:24,8.0,Yes,No
TKT-01891,Hardware,Medium,Resolved,IT,Rohit Verma,2024-03-29 10:53:51,2024-03-31 17:53:51,55.0,Yes,No
TKT-01892,Printer,Medium,Closed,HR,Priya Singh,2024-11-07 16:10:34,2024-11-08 16:10:34,24.0,No,No
TKT-01893,Printer,Critical,Closed,Marketing,Rohit Verma,2024-01-09 19:36:03,2024-01-09 20:36:03,1.0,No,No
TKT-01894,Network,Medium,Resolved,Operations,Amit Sharma,2023-01-11 04:26:55,2023-01-13 08:26:55,52.0,Yes,No
TKT-01895,Software,Medium,Closed,HR,Priya Singh,2023-03-10 12:16:38,2023-03-11 22:16:38,34.0,No,No
TKT-01896,Printer,Medium,Closed,IT,Priya Singh,2023-04-19 02:03:26,2023-04-20 23:03:26,45.0,No,No
TKT-01897,Hardware,Critical,Resolved,Marketing,Amit Sharma,2024-02-22 00:43:51,2024-02-22 04:43:51,4.0,No,No
TKT-01898,Printer,High,Open,Finance,Neha Gupta,2024-08-17 15:46:37,,,,Yes
TKT-01899,Hardware,Low,Closed,Operations,Anjali Mehta,2023-12-12 08:32:22,2023-12-14 03:32:22,43.0,No,No
TKT-01900,Printer,High,Closed,Finance,Anjali Mehta,2024-10-22 17:01:20,2024-10-23 17:01:20,24.0,No,No
TKT-01901,Access/Login,High,Resolved,Legal,Priya Singh,2024-10-18 02:35:46,2024-10-18 23:35:46,21.0,No,No
TKT-01902,Printer,Medium,Resolved,Legal,Neha Gupta,2024-06-20 07:21:02,2024-06-22 06:21:02,47.0,No,No
TKT-01903,Hardware,Medium,Resolved,Legal,Neha Gupta,2024-10-15 06:46:52,2024-10-15 22:46:52,16.0,No,No
TKT-01904,Software,Critical,Resolved,Marketing,Anjali Mehta,2024-07-26 17:50:37,2024-07-26 22:50:37,5.0,Yes,No
TKT-01905,Network,High,Resolved,Legal,Amit Sharma,2024-07-29 20:14:53,2024-07-31 02:14:53,30.0,Yes,No
TKT-01906,Hardware,Medium,Resolved,Finance,Suresh Kumar,2024-02-16 03:12:42,2024-02-17 14:12:42,35.0,No,No
TKT-01907,Hardware,Low,Open,Finance,Amit Sharma,2023-08-02 08:15:47,,,,No
TKT-01908,Network,Medium,Resolved,Operations,Vikram Joshi,2023-09-02 00:29:20,2023-09-03 23:29:20,47.0,No,Yes
TKT-01909,Software,High,Resolved,HR,Priya Singh,2023-06-28 15:42:24,2023-06-29 01:42:24,10.0,No,No
TKT-01910,Network,Medium,In Progress,HR,Neha Gupta,2023-10-21 05:21:22,,,,Yes
TKT-01911,Hardware,Low,Closed,Sales,Anjali Mehta,2024-08-15 05:03:33,2024-08-17 23:03:33,66.0,No,No
TKT-01912,Hardware,High,Closed,Sales,Suresh Kumar,2024-03-13 23:17:29,2024-03-14 18:17:29,19.0,No,No
TKT-01913,Hardware,Low,Resolved,Operations,Suresh Kumar,2023-08-04 14:39:47,2023-08-05 02:39:47,12.0,No,No
TKT-01914,Printer,Critical,Resolved,Finance,Amit Sharma,2024-02-26 03:52:33,2024-02-26 04:52:33,1.0,No,No
TKT-01915,Email,Low,Resolved,Operations,Amit Sharma,2024-06-03 05:33:03,2024-06-04 19:33:03,38.0,No,No
TKT-01916,Email,Medium,Resolved,Legal,Neha Gupta,2023-08-04 15:54:26,2023-08-06 13:54:26,46.0,No,No
TKT-01917,Printer,Medium,Resolved,Marketing,Priya Singh,2023-01-23 08:04:36,2023-01-25 04:04:36,44.0,No,No
TKT-01918,Printer,Medium,In Progress,Finance,Neha Gupta,2024-01-14 12:47:56,,,,Yes
TKT-01919,Network,Medium,Resolved,IT,Rohit Verma,2023-09-15 16:28:04,2023-09-16 20:28:04,28.0,No,No
TKT-01920,Access/Login,High,Resolved,IT,Neha Gupta,2023-02-20 14:38:45,2023-02-20 23:38:45,9.0,No,No
TKT-01921,Software,High,Resolved,IT,Neha Gupta,2024-09-30 01:29:32,2024-10-01 02:29:32,25.0,Yes,No
TKT-01922,Access/Login,Critical,Resolved,Sales,Rohit Verma,2024-08-06 06:19:41,2024-08-06 15:19:41,9.0,Yes,No
TKT-01923,Software,Low,Closed,Operations,Priya Singh,2023-08-16 15:58:19,2023-08-20 08:58:19,89.0,Yes,No
TKT-01924,Email,High,Closed,Sales,Anjali Mehta,2023-10-13 06:22:51,2023-10-13 20:22:51,14.0,No,No
TKT-01925,Access/Login,Low,Closed,Sales,Vikram Joshi,2024-08-04 06:56:16,2024-08-07 23:56:16,89.0,Yes,Yes
TKT-01926,Software,Medium,Open,Marketing,Neha Gupta,2024-12-13 04:00:40,,,,No
TKT-01927,Hardware,Medium,Resolved,Marketing,Priya Singh,2023-02-21 06:39:36,2023-02-23 10:39:36,52.0,Yes,No
TKT-01928,Software,Medium,Closed,Legal,Priya Singh,2023-04-14 17:56:43,2023-04-16 00:56:43,31.0,No,No
TKT-01929,Software,High,Resolved,IT,Rohit Verma,2023-04-08 20:38:25,2023-04-09 17:38:25,21.0,No,Yes
TKT-01930,Printer,Medium,Resolved,HR,Vikram Joshi,2024-09-18 20:39:04,2024-09-19 06:39:04,10.0,No,No
TKT-01931,Hardware,Medium,Resolved,Sales,Priya Singh,2024-05-13 21:59:16,2024-05-14 15:59:16,18.0,No,No
TKT-01932,Network,Medium,Resolved,Legal,Neha Gupta,2024-11-22 04:20:58,2024-11-23 06:20:58,26.0,No,No
TKT-01933,Network,Medium,Open,Finance,Priya Singh,2023-01-14 22:37:09,,,,Yes
TKT-01934,Email,Medium,Closed,Marketing,Neha Gupta,2024-08-20 02:07:26,2024-08-22 03:07:26,49.0,Yes,No
TKT-01935,Hardware,Medium,Resolved,IT,Amit Sharma,2024-01-23 12:49:42,2024-01-24 01:49:42,13.0,No,No
TKT-01936,Access/Login,Medium,Resolved,HR,Suresh Kumar,2024-11-19 14:39:50,2024-11-20 23:39:50,33.0,No,No
TKT-01937,Software,Medium,Resolved,IT,Anjali Mehta,2024-05-14 17:40:25,2024-05-15 20:40:25,27.0,No,No
TKT-01938,Hardware,High,Resolved,Finance,Suresh Kumar,2023-10-29 12:18:13,2023-10-30 02:18:13,14.0,No,Yes
TKT-01939,Hardware,Critical,Closed,Marketing,Priya Singh,2023-04-02 02:05:39,2023-04-02 04:05:39,2.0,No,Yes
TKT-01940,Network,Medium,Closed,HR,Suresh Kumar,2023-08-30 01:35:11,2023-08-31 08:35:11,31.0,No,No
TKT-01941,Network,Low,Resolved,Operations,Amit Sharma,2024-08-08 09:27:49,2024-08-11 09:27:49,72.0,No,No
TKT-01942,Hardware,Medium,Closed,Sales,Neha Gupta,2024-08-09 00:01:10,2024-08-10 02:01:10,26.0,No,No
TKT-01943,Printer,Critical,Closed,Marketing,Amit Sharma,2023-09-11 13:20:41,2023-09-11 16:20:41,3.0,No,No
TKT-01944,Email,Low,Closed,Sales,Neha Gupta,2023-12-03 16:23:05,2023-12-05 03:23:05,35.0,No,Yes
TKT-01945,Hardware,Medium,Resolved,IT,Rohit Verma,2024-06-23 20:02:47,2024-06-26 04:02:47,56.0,Yes,Yes
TKT-01946,Access/Login,High,Resolved,Sales,Anjali Mehta,2024-05-27 10:34:54,2024-05-27 18:34:54,8.0,No,No
TKT-01947,Network,Low,In Progress,Marketing,Amit Sharma,2024-08-24 09:00:27,,,,Yes
TKT-01948,Hardware,High,Open,HR,Priya Singh,2024-03-21 10:22:02,,,,No
TKT-01949,Software,Medium,Resolved,HR,Vikram Joshi,2023-07-07 10:29:32,2023-07-07 15:29:32,5.0,No,No
TKT-01950,Printer,High,Open,Operations,Amit Sharma,2024-01-28 13:28:31,,,,Yes
TKT-01951,Printer,High,Closed,HR,Suresh Kumar,2023-08-12 20:00:00,2023-08-13 20:00:00,24.0,No,Yes
TKT-01952,Software,Critical,In Progress,Finance,Amit Sharma,2023-08-02 12:57:01,,,,No
TKT-01953,Software,Low,Resolved,Sales,Anjali Mehta,2023-03-16 20:25:44,2023-03-20 01:25:44,77.0,Yes,No
TKT-01954,Printer,Critical,Closed,Finance,Neha Gupta,2023-04-09 18:53:29,2023-04-10 04:53:29,10.0,Yes,Yes
TKT-01955,Hardware,Medium,Closed,HR,Priya Singh,2024-06-29 19:45:03,2024-06-30 16:45:03,21.0,No,Yes
TKT-01956,Email,Critical,Closed,Marketing,Vikram Joshi,2024-02-23 04:31:38,2024-02-23 10:31:38,6.0,Yes,No
TKT-01957,Software,Low,Closed,Operations,Rohit Verma,2023-12-06 07:24:32,2023-12-09 21:24:32,86.0,Yes,No
TKT-01958,Software,Medium,Open,Marketing,Priya Singh,2023-10-19 20:44:22,,,,No
TKT-01959,Network,High,Resolved,HR,Neha Gupta,2024-11-28 12:09:16,2024-11-28 15:09:16,3.0,No,No
TKT-01960,Access/Login,Low,Closed,Marketing,Neha Gupta,2024-12-08 16:18:21,2024-12-09 03:18:21,11.0,No,Yes
TKT-01961,Network,Medium,In Progress,Sales,Anjali Mehta,2023-04-16 21:00:25,,,,Yes
TKT-01962,Network,High,Resolved,Sales,Anjali Mehta,2024-06-26 20:08:51,2024-06-27 13:08:51,17.0,No,No
TKT-01963,Access/Login,Medium,In Progress,Finance,Priya Singh,2023-04-29 12:20:50,,,,Yes
TKT-01964,Access/Login,Medium,Resolved,Legal,Vikram Joshi,2023-10-16 20:07:33,2023-10-18 06:07:33,34.0,No,No
TKT-01965,Access/Login,Low,Closed,IT,Neha Gupta,2024-09-01 03:08:09,2024-09-01 16:08:09,13.0,No,Yes
TKT-01966,Access/Login,Critical,Closed,IT,Rohit Verma,2023-08-13 15:22:47,2023-08-13 18:22:47,3.0,No,Yes
TKT-01967,Software,Medium,Resolved,HR,Amit Sharma,2023-10-29 10:47:43,2023-10-30 21:47:43,35.0,No,Yes
TKT-01968,Network,Low,Resolved,Finance,Rohit Verma,2024-05-31 02:57:50,2024-06-03 10:57:50,80.0,Yes,No
TKT-01969,Access/Login,Medium,Resolved,IT,Vikram Joshi,2023-07-31 19:19:42,2023-08-02 07:19:42,36.0,No,No
TKT-01970,Network,Critical,Resolved,Sales,Anjali Mehta,2023-12-08 01:03:27,2023-12-08 04:03:27,3.0,No,No
TKT-01971,Software,Medium,Resolved,Finance,Neha Gupta,2023-03-11 12:44:58,2023-03-11 17:44:58,5.0,No,Yes
TKT-01972,Network,Medium,Closed,IT,Suresh Kumar,2024-05-28 20:39:13,2024-05-30 15:39:13,43.0,No,No
TKT-01973,Network,Medium,Resolved,Marketing,Vikram Joshi,2023-06-28 07:34:19,2023-06-29 11:34:19,28.0,No,No
TKT-01974,Hardware,Low,Resolved,Finance,Priya Singh,2023-05-02 00:37:40,2023-05-04 03:37:40,51.0,No,No
TKT-01975,Printer,Critical,In Progress,Legal,Rohit Verma,2024-12-04 21:53:24,,,,No
TKT-01976,Printer,Low,Resolved,Sales,Vikram Joshi,2024-05-08 01:39:36,2024-05-11 19:39:36,90.0,Yes,No
TKT-01977,Email,Low,Open,IT,Suresh Kumar,2024-12-20 08:20:59,,,,No
TKT-01978,Hardware,Medium,Resolved,Sales,Amit Sharma,2024-03-13 16:33:21,2024-03-15 04:33:21,36.0,No,No
TKT-01979,Printer,Low,Resolved,Legal,Priya Singh,2024-02-14 00:38:18,2024-02-15 21:38:18,45.0,No,No
TKT-01980,Hardware,Medium,Resolved,HR,Rohit Verma,2023-04-03 03:27:53,2023-04-05 12:27:53,57.0,Yes,No
TKT-01981,Email,Low,Resolved,Sales,Neha Gupta,2024-06-12 22:56:25,2024-06-15 00:56:25,50.0,No,No
TKT-01982,Software,High,Closed,Operations,Suresh Kumar,2023-05-12 08:56:45,2023-05-13 09:56:45,25.0,Yes,No
TKT-01983,Printer,High,Closed,Operations,Rohit Verma,2023-05-23 00:20:40,2023-05-23 14:20:40,14.0,No,No
TKT-01984,Printer,High,Resolved,Sales,Priya Singh,2024-10-31 07:56:58,2024-10-31 09:56:58,2.0,No,No
TKT-01985,Printer,Medium,Resolved,Sales,Neha Gupta,2023-07-15 16:04:27,2023-07-17 01:04:27,33.0,No,Yes
TKT-01986,Email,Low,Resolved,Sales,Amit Sharma,2023-12-18 14:58:53,2023-12-20 11:58:53,45.0,No,No
TKT-01987,Printer,Medium,Resolved,Operations,Priya Singh,2024-05-14 02:19:55,2024-05-14 08:19:55,6.0,No,No
TKT-01988,Network,Medium,Resolved,Sales,Vikram Joshi,2024-05-04 02:50:51,2024-05-05 18:50:51,40.0,No,Yes
TKT-01989,Printer,Medium,Resolved,Operations,Vikram Joshi,2023-03-13 00:02:16,2023-03-14 22:02:16,46.0,No,No
TKT-01990,Email,High,Resolved,Operations,Amit Sharma,2024-05-26 19:47:16,2024-05-26 23:47:16,4.0,No,Yes
TKT-01991,Software,Low,Closed,Marketing,Priya Singh,2023-10-16 21:51:02,2023-10-17 18:51:02,21.0,No,No
TKT-01992,Network,Low,Resolved,HR,Neha Gupta,2024-01-30 09:12:42,2024-02-01 22:12:42,61.0,No,No
TKT-01993,Access/Login,Medium,Resolved,Finance,Suresh Kumar,2024-07-19 17:21:12,2024-07-22 02:21:12,57.0,Yes,No
TKT-01994,Software,Low,In Progress,Sales,Priya Singh,2023-07-15 04:39:44,,,,Yes
TKT-01995,Hardware,Low,Open,Finance,Neha Gupta,2023-02-14 15:41:06,,,,No
TKT-01996,Software,Critical,Resolved,Sales,Rohit Verma,2024-04-02 22:51:01,2024-04-03 05:51:01,7.0,Yes,No
TKT-01997,Hardware,Medium,Resolved,HR,Anjali Mehta,2024-03-17 00:36:26,2024-03-18 16:36:26,40.0,No,Yes
TKT-01998,Software,Medium,Resolved,Operations,Neha Gupta,2023-04-20 14:58:57,2023-04-21 17:58:57,27.0,No,No
TKT-01999,Email,High,Closed,Legal,Priya Singh,2023-07-02 05:44:31,2023-07-02 11:44:31,6.0,No,Yes
TKT-02000,Hardware,Critical,Closed,Sales,Rohit Verma,2023-08-03 15:15:59,2023-08-03 22:15:59,7.0,Yes,No
TKT-02001,Software,High,Closed,Sales,Rohit Verma,2024-01-31 20:32:46,2024-02-02 02:32:46,30.0,Yes,No
TKT-02002,Access/Login,Low,Resolved,HR,Neha Gupta,2024-03-15 23:55:35,2024-03-19 14:55:35,87.0,Yes,No
TKT-02003,Access/Login,Low,Resolved,IT,Vikram Joshi,2024-03-22 23:16:18,2024-03-23 22:16:18,23.0,No,No
TKT-02004,Software,High,Closed,Sales,Vikram Joshi,2023-10-25 23:05:03,2023-10-27 03:05:03,28.0,Yes,No
TKT-02005,Network,Medium,Closed,Finance,Suresh Kumar,2023-06-10 01:38:25,2023-06-10 19:38:25,18.0,No,Yes
TKT-02006,Network,Low,Open,Legal,Rohit Verma,2023-02-15 03:37:31,,,,No
TKT-02007,Printer,Medium,In Progress,Operations,Vikram Joshi,2024-07-15 07:37:16,,,,No
TKT-02008,Email,Low,In Progress,Legal,Priya Singh,2023-09-17 21:51:09,,,,Yes
TKT-02009,Hardware,Medium,Open,Sales,Amit Sharma,2023-03-05 13:31:52,,,,Yes
TKT-02010,Software,Low,Resolved,Marketing,Priya Singh,2024-09-19 13:17:37,2024-09-22 05:17:37,64.0,No,No
TKT-02011,Hardware,Low,Closed,Sales,Vikram Joshi,2023-03-07 10:04:56,2023-03-08 00:04:56,14.0,No,No
TKT-02012,Network,Medium,In Progress,Legal,Priya Singh,2024-05-23 08:27:18,,,,No
TKT-02013,Access/Login,Low,Resolved,Marketing,Priya Singh,2024-12-24 09:46:30,2024-12-27 05:46:30,68.0,No,No
TKT-02014,Printer,Medium,Resolved,Marketing,Suresh Kumar,2023-01-22 11:25:17,2023-01-22 20:25:17,9.0,No,Yes
TKT-02015,Software,Low,Closed,HR,Amit Sharma,2023-11-23 04:38:01,2023-11-26 05:38:01,73.0,Yes,No
TKT-02016,Access/Login,Low,Resolved,HR,Anjali Mehta,2024-03-21 05:15:25,2024-03-21 23:15:25,18.0,No,No
TKT-02017,Printer,Low,Resolved,Legal,Rohit Verma,2023-04-24 17:41:01,2023-04-25 06:41:01,13.0,No,No
TKT-02018,Software,Medium,Open,Marketing,Amit Sharma,2023-06-07 01:07:31,,,,No
TKT-02019,Email,Critical,Resolved,Finance,Anjali Mehta,2023-12-23 09:32:06,2023-12-23 11:32:06,2.0,No,Yes
TKT-02020,Email,Medium,Open,Operations,Priya Singh,2024-03-26 17:27:08,,,,No
TKT-02021,Printer,Medium,Resolved,Marketing,Anjali Mehta,2023-05-24 09:51:15,2023-05-25 16:51:15,31.0,No,No
TKT-02022,Access/Login,Medium,In Progress,Legal,Rohit Verma,2023-08-29 21:23:54,,,,No
TKT-02023,Printer,Medium,Resolved,IT,Amit Sharma,2023-07-15 13:37:48,2023-07-16 10:37:48,21.0,No,Yes
TKT-02024,Network,Critical,Closed,IT,Vikram Joshi,2024-09-28 18:14:37,2024-09-28 21:14:37,3.0,No,Yes
TKT-02025,Hardware,Medium,In Progress,Marketing,Priya Singh,2024-07-17 19:51:35,,,,No
TKT-02026,Email,Low,Open,Finance,Vikram Joshi,2023-07-09 03:35:38,,,,Yes
TKT-02027,Hardware,Critical,Closed,Operations,Amit Sharma,2024-01-16 19:25:54,2024-01-17 04:25:54,9.0,Yes,No
TKT-02028,Printer,Critical,Closed,Marketing,Anjali Mehta,2023-02-16 23:05:07,2023-02-17 05:05:07,6.0,Yes,No
TKT-02029,Printer,High,Resolved,IT,Suresh Kumar,2023-12-23 18:31:52,2023-12-24 14:31:52,20.0,No,Yes
TKT-02030,Printer,Medium,Closed,HR,Priya Singh,2023-03-13 18:35:27,2023-03-14 08:35:27,14.0,No,No
TKT-02031,Printer,Low,Closed,Operations,Vikram Joshi,2024-04-19 17:59:30,2024-04-20 16:59:30,23.0,No,No
TKT-02032,Printer,Critical,Resolved,IT,Rohit Verma,2023-08-21 03:05:12,2023-08-21 05:05:12,2.0,No,No
TKT-02033,Software,Low,Resolved,HR,Priya Singh,2024-01-10 09:54:45,2024-01-11 18:54:45,33.0,No,No
TKT-02034,Hardware,Low,In Progress,IT,Rohit Verma,2023-03-30 18:33:29,,,,No
TKT-02035,Network,Medium,Resolved,Sales,Neha Gupta,2024-05-28 09:31:49,2024-05-30 03:31:49,42.0,No,No
TKT-02036,Email,Low,Resolved,HR,Neha Gupta,2023-02-15 04:16:39,2023-02-17 06:16:39,50.0,No,No
TKT-02037,Printer,Medium,Closed,Legal,Suresh Kumar,2024-08-23 10:29:19,2024-08-24 18:29:19,32.0,No,No
TKT-02038,Email,High,In Progress,Marketing,Neha Gupta,2024-02-09 16:22:00,,,,No
TKT-02039,Hardware,Medium,Closed,HR,Priya Singh,2024-10-23 14:22:41,2024-10-24 01:22:41,11.0,No,No
TKT-02040,Printer,Medium,Closed,IT,Amit Sharma,2023-04-19 20:13:47,2023-04-20 20:13:47,24.0,No,No
TKT-02041,Software,Medium,Resolved,Marketing,Priya Singh,2024-04-12 09:23:49,2024-04-14 21:23:49,60.0,Yes,No
TKT-02042,Email,Medium,Closed,IT,Rohit Verma,2023-09-07 17:33:01,2023-09-08 22:33:01,29.0,No,No
TKT-02043,Printer,High,Resolved,HR,Anjali Mehta,2023-05-03 08:15:58,2023-05-03 15:15:58,7.0,No,No
TKT-02044,Network,High,Resolved,Operations,Rohit Verma,2023-12-29 17:36:09,2023-12-30 16:36:09,23.0,No,No
TKT-02045,Hardware,Low,Resolved,HR,Neha Gupta,2024-10-12 12:14:37,2024-10-13 20:14:37,32.0,No,Yes
TKT-02046,Network,Low,Resolved,Marketing,Suresh Kumar,2023-10-27 13:33:29,2023-10-30 14:33:29,73.0,Yes,No
TKT-02047,Printer,Critical,Resolved,Finance,Priya Singh,2023-09-07 03:53:40,2023-09-07 13:53:40,10.0,Yes,No
TKT-02048,Hardware,Medium,Resolved,Marketing,Neha Gupta,2023-11-23 04:22:31,2023-11-25 06:22:31,50.0,Yes,No
TKT-02049,Printer,Medium,Resolved,HR,Rohit Verma,2024-03-27 19:06:15,2024-03-29 11:06:15,40.0,No,No
TKT-02050,Hardware,Low,Resolved,Marketing,Rohit Verma,2023-09-24 09:35:12,2023-09-27 07:35:12,70.0,No,Yes
TKT-02051,Software,Low,Resolved,Operations,Priya Singh,2023-08-29 13:18:36,2023-08-31 00:18:36,35.0,No,No
TKT-02052,Network,Medium,Resolved,Legal,Anjali Mehta,2024-07-06 23:49:06,2024-07-08 17:49:06,42.0,No,Yes
TKT-02053,Email,Low,Resolved,Sales,Priya Singh,2023-07-02 15:25:08,2023-07-05 03:25:08,60.0,No,Yes
TKT-02054,Email,High,Resolved,Marketing,Rohit Verma,2023-09-08 04:25:41,2023-09-08 06:25:41,2.0,No,No
TKT-02055,Software,Medium,Resolved,IT,Vikram Joshi,2023-10-30 21:40:12,2023-10-31 14:40:12,17.0,No,No
TKT-02056,Access/Login,Medium,Resolved,IT,Suresh Kumar,2024-10-29 00:29:07,2024-10-30 15:29:07,39.0,No,No
TKT-02057,Software,Medium,Open,Finance,Vikram Joshi,2024-03-17 21:47:47,,,,Yes
TKT-02058,Email,Low,Closed,IT,Vikram Joshi,2024-10-10 16:13:33,2024-10-14 10:13:33,90.0,Yes,No
TKT-02059,Access/Login,Low,Resolved,Legal,Rohit Verma,2023-05-20 14:41:38,2023-05-23 02:41:38,60.0,No,Yes
TKT-02060,Access/Login,Medium,Open,Finance,Anjali Mehta,2024-07-09 12:10:24,,,,No
TKT-02061,Access/Login,Medium,Closed,Finance,Priya Singh,2024-06-24 18:40:49,2024-06-26 08:40:49,38.0,No,No
TKT-02062,Hardware,Medium,Resolved,HR,Suresh Kumar,2023-08-16 11:53:46,2023-08-18 13:53:46,50.0,Yes,No
TKT-02063,Printer,Low,Resolved,Sales,Neha Gupta,2023-05-11 01:23:57,2023-05-13 06:23:57,53.0,No,No
TKT-02064,Email,Medium,Resolved,IT,Suresh Kumar,2023-01-20 10:57:51,2023-01-21 15:57:51,29.0,No,No
TKT-02065,Printer,Medium,Closed,Operations,Anjali Mehta,2023-07-30 03:44:43,2023-07-30 16:44:43,13.0,No,Yes
TKT-02066,Hardware,Medium,In Progress,Operations,Suresh Kumar,2024-04-20 11:54:48,,,,Yes
TKT-02067,Printer,Low,Resolved,Sales,Suresh Kumar,2023-03-13 18:31:55,2023-03-16 21:31:55,75.0,Yes,No
TKT-02068,Software,Medium,Resolved,Sales,Priya Singh,2024-07-27 07:08:45,2024-07-28 21:08:45,38.0,No,Yes
TKT-02069,Network,Low,Resolved,Marketing,Priya Singh,2024-03-31 13:26:23,2024-04-04 05:26:23,88.0,Yes,Yes
TKT-02070,Software,Medium,Resolved,Operations,Suresh Kumar,2023-05-12 20:27:31,2023-05-13 14:27:31,18.0,No,No
TKT-02071,Email,Medium,Resolved,Marketing,Rohit Verma,2024-04-30 09:35:50,2024-05-01 03:35:50,18.0,No,No
TKT-02072,Software,High,Open,Sales,Priya Singh,2023-02-16 03:56:24,,,,No
TKT-02073,Email,Medium,Resolved,Sales,Suresh Kumar,2023-12-12 15:09:30,2023-12-13 12:09:30,21.0,No,No
TKT-02074,Email,Critical,Resolved,Finance,Vikram Joshi,2023-11-24 14:30:00,2023-11-24 23:30:00,9.0,Yes,No
TKT-02075,Email,High,Closed,IT,Priya Singh,2023-07-17 13:06:30,2023-07-18 04:06:30,15.0,No,No
TKT-02076,Email,Low,Resolved,Sales,Amit Sharma,2024-03-03 06:36:46,2024-03-04 09:36:46,27.0,No,Yes
TKT-02077,Hardware,Low,Resolved,HR,Suresh Kumar,2023-02-21 19:57:22,2023-02-25 01:57:22,78.0,Yes,No
TKT-02078,Printer,Medium,Resolved,Marketing,Suresh Kumar,2023-08-15 18:28:17,2023-08-15 23:28:17,5.0,No,No
TKT-02079,Email,High,Resolved,Finance,Priya Singh,2024-10-23 02:35:33,2024-10-23 23:35:33,21.0,No,No
TKT-02080,Network,Critical,Resolved,Finance,Priya Singh,2023-05-23 13:37:06,2023-05-23 19:37:06,6.0,Yes,No
TKT-02081,Software,Low,In Progress,IT,Priya Singh,2023-09-15 02:58:19,,,,No
TKT-02082,Hardware,Medium,Closed,Sales,Vikram Joshi,2023-08-08 04:34:18,2023-08-08 16:34:18,12.0,No,No
TKT-02083,Access/Login,Low,Resolved,Finance,Priya Singh,2024-08-25 21:12:45,2024-08-27 11:12:45,38.0,No,Yes
TKT-02084,Software,Medium,Resolved,Legal,Suresh Kumar,2023-05-04 02:52:12,2023-05-05 11:52:12,33.0,No,No
TKT-02085,Hardware,High,Resolved,IT,Neha Gupta,2024-04-15 03:13:47,2024-04-16 09:13:47,30.0,Yes,No
TKT-02086,Email,High,Resolved,Legal,Rohit Verma,2023-01-07 06:38:18,2023-01-07 23:38:18,17.0,No,Yes
TKT-02087,Email,Medium,Resolved,Operations,Suresh Kumar,2024-03-22 08:59:40,2024-03-24 18:59:40,58.0,Yes,No
TKT-02088,Software,Medium,Closed,Operations,Vikram Joshi,2024-06-16 22:33:09,2024-06-17 13:33:09,15.0,No,Yes
TKT-02089,Software,Low,Resolved,Sales,Priya Singh,2024-12-23 20:13:27,2024-12-25 19:13:27,47.0,No,No
TKT-02090,Access/Login,Critical,Closed,Operations,Priya Singh,2024-08-17 22:21:17,2024-08-17 23:21:17,1.0,No,Yes
TKT-02091,Access/Login,Medium,Resolved,HR,Neha Gupta,2023-06-19 21:27:34,2023-06-22 00:27:34,51.0,Yes,No
TKT-02092,Hardware,Medium,Resolved,Sales,Rohit Verma,2023-09-29 04:01:08,2023-09-30 15:01:08,35.0,No,No
TKT-02093,Software,High,Closed,Operations,Suresh Kumar,2023-02-05 07:37:29,2023-02-05 10:37:29,3.0,No,Yes
TKT-02094,Network,Low,Resolved,Marketing,Priya Singh,2023-01-03 03:18:20,2023-01-04 00:18:20,21.0,No,No
TKT-02095,Hardware,Low,Closed,Sales,Neha Gupta,2023-09-19 04:43:16,2023-09-20 09:43:16,29.0,No,No
TKT-02096,Network,High,Resolved,IT,Rohit Verma,2023-04-03 03:19:59,2023-04-03 07:19:59,4.0,No,No
TKT-02097,Hardware,Medium,Closed,Legal,Vikram Joshi,2024-07-14 09:06:39,2024-07-15 08:06:39,23.0,No,Yes
TKT-02098,Access/Login,High,Resolved,Legal,Priya Singh,2023-06-29 06:05:52,2023-06-29 10:05:52,4.0,No,No
TKT-02099,Hardware,Low,Closed,Operations,Amit Sharma,2024-04-15 01:25:53,2024-04-17 22:25:53,69.0,No,No
TKT-02100,Printer,Low,Closed,Finance,Priya Singh,2024-10-28 02:29:34,2024-10-28 13:29:34,11.0,No,No
TKT-02101,Network,Medium,Resolved,Operations,Amit Sharma,2024-04-16 16:49:26,2024-04-17 05:49:26,13.0,No,No
TKT-02102,Access/Login,Low,Resolved,Legal,Suresh Kumar,2024-12-04 05:53:51,2024-12-06 14:53:51,57.0,No,No
TKT-02103,Access/Login,Low,Resolved,HR,Anjali Mehta,2024-04-05 20:23:19,2024-04-07 13:23:19,41.0,No,No
TKT-02104,Hardware,Low,Resolved,HR,Rohit Verma,2024-06-27 00:52:55,2024-06-29 20:52:55,68.0,No,No
TKT-02105,Printer,High,Closed,Marketing,Neha Gupta,2024-04-26 15:42:05,2024-04-27 13:42:05,22.0,No,No
TKT-02106,Network,High,Closed,Legal,Anjali Mehta,2023-02-07 10:23:39,2023-02-07 20:23:39,10.0,No,No
TKT-02107,Access/Login,Low,Open,Finance,Vikram Joshi,2023-07-17 20:54:05,,,,No
TKT-02108,Network,High,Resolved,IT,Neha Gupta,2023-11-15 02:11:52,2023-11-15 15:11:52,13.0,No,No
TKT-02109,Network,Medium,Closed,Finance,Neha Gupta,2024-05-06 15:47:12,2024-05-08 00:47:12,33.0,No,No
TKT-02110,Printer,Low,Closed,IT,Priya Singh,2024-06-23 23:15:25,2024-06-25 03:15:25,28.0,No,Yes
TKT-02111,Access/Login,Low,Resolved,Marketing,Neha Gupta,2024-06-01 11:14:25,2024-06-03 20:14:25,57.0,No,Yes
TKT-02112,Access/Login,Critical,Resolved,Finance,Anjali Mehta,2024-12-13 05:38:27,2024-12-13 06:38:27,1.0,No,No
TKT-02113,Network,Medium,Resolved,Marketing,Vikram Joshi,2023-10-28 03:27:35,2023-10-28 12:27:35,9.0,No,Yes
TKT-02114,Network,High,Closed,HR,Vikram Joshi,2023-10-14 06:28:43,2023-10-14 19:28:43,13.0,No,Yes
TKT-02115,Software,Medium,Closed,HR,Amit Sharma,2024-02-16 06:19:50,2024-02-18 10:19:50,52.0,Yes,No
TKT-02116,Network,Low,Closed,Marketing,Suresh Kumar,2024-03-21 11:24:52,2024-03-23 20:24:52,57.0,No,No
TKT-02117,Network,High,Resolved,Operations,Rohit Verma,2023-05-21 20:02:43,2023-05-21 23:02:43,3.0,No,Yes
TKT-02118,Email,Low,Resolved,IT,Neha Gupta,2023-05-06 09:07:57,2023-05-09 12:07:57,75.0,Yes,Yes
TKT-02119,Printer,High,Closed,Finance,Vikram Joshi,2024-06-03 15:49:45,2024-06-04 14:49:45,23.0,No,No
TKT-02120,Printer,High,Resolved,Finance,Vikram Joshi,2023-04-22 12:33:11,2023-04-23 09:33:11,21.0,No,Yes
TKT-02121,Network,Medium,Resolved,Sales,Amit Sharma,2023-12-13 20:42:51,2023-12-14 13:42:51,17.0,No,No
TKT-02122,Software,Medium,Open,Finance,Neha Gupta,2024-10-20 11:53:01,,,,Yes
TKT-02123,Hardware,Critical,Resolved,HR,Rohit Verma,2024-02-14 20:13:16,2024-02-15 00:13:16,4.0,No,No
TKT-02124,Access/Login,Critical,Resolved,Marketing,Neha Gupta,2024-08-22 01:04:20,2024-08-22 09:04:20,8.0,Yes,No
TKT-02125,Network,Medium,In Progress,Legal,Neha Gupta,2023-10-28 20:31:52,,,,Yes
TKT-02126,Printer,Medium,Closed,Operations,Priya Singh,2024-09-23 15:44:20,2024-09-25 05:44:20,38.0,No,No
TKT-02127,Email,High,Resolved,Legal,Amit Sharma,2023-08-30 12:44:27,2023-08-30 22:44:27,10.0,No,No
TKT-02128,Email,Medium,In Progress,IT,Amit Sharma,2024-11-01 00:04:27,,,,No
TKT-02129,Hardware,High,Closed,Legal,Vikram Joshi,2024-10-22 22:35:18,2024-10-23 14:35:18,16.0,No,No
TKT-02130,Hardware,Medium,Closed,IT,Anjali Mehta,2024-06-27 18:10:08,2024-06-29 01:10:08,31.0,No,No
TKT-02131,Network,Low,Resolved,IT,Anjali Mehta,2024-02-05 18:07:22,2024-02-06 12:07:22,18.0,No,No
TKT-02132,Access/Login,Medium,Resolved,IT,Neha Gupta,2023-04-18 21:13:29,2023-04-19 23:13:29,26.0,No,No
TKT-02133,Network,Low,Open,IT,Neha Gupta,2024-01-16 03:44:34,,,,No
TKT-02134,Software,Low,Closed,Finance,Rohit Verma,2024-07-06 22:46:49,2024-07-08 04:46:49,30.0,No,Yes
TKT-02135,Access/Login,High,Resolved,HR,Vikram Joshi,2023-09-21 04:12:34,2023-09-21 23:12:34,19.0,No,No
TKT-02136,Access/Login,High,In Progress,Legal,Vikram Joshi,2024-11-20 05:45:41,,,,No
TKT-02137,Software,Low,Resolved,Legal,Rohit Verma,2023-02-12 05:49:31,2023-02-14 12:49:31,55.0,No,Yes
TKT-02138,Hardware,Low,Resolved,HR,Amit Sharma,2024-06-14 16:43:42,2024-06-18 04:43:42,84.0,Yes,No
TKT-02139,Hardware,High,Resolved,Finance,Neha Gupta,2023-09-01 01:23:12,2023-09-01 11:23:12,10.0,No,No
TKT-02140,Network,Medium,Closed,Legal,Suresh Kumar,2024-12-10 20:53:58,2024-12-11 09:53:58,13.0,No,No
TKT-02141,Email,High,Resolved,Legal,Anjali Mehta,2024-03-13 19:35:26,2024-03-14 12:35:26,17.0,No,No
TKT-02142,Software,Medium,Resolved,Legal,Rohit Verma,2023-07-16 15:30:02,2023-07-18 16:30:02,49.0,Yes,Yes
TKT-02143,Network,Critical,Resolved,Marketing,Anjali Mehta,2024-11-30 06:09:15,2024-11-30 10:09:15,4.0,No,Yes
TKT-02144,Network,Medium,Resolved,IT,Priya Singh,2024-05-07 05:12:46,2024-05-07 12:12:46,7.0,No,No
TKT-02145,Email,High,Resolved,IT,Priya Singh,2023-02-11 04:52:13,2023-02-11 08:52:13,4.0,No,Yes
TKT-02146,Network,Medium,Closed,Marketing,Neha Gupta,2024-02-20 07:31:14,2024-02-21 14:31:14,31.0,No,No
TKT-02147,Printer,Medium,In Progress,Finance,Neha Gupta,2023-03-31 09:08:28,,,,No
TKT-02148,Software,Medium,Resolved,Legal,Vikram Joshi,2024-07-29 03:22:35,2024-07-30 08:22:35,29.0,No,No
TKT-02149,Access/Login,Medium,Resolved,Marketing,Vikram Joshi,2024-08-07 08:17:07,2024-08-08 17:17:07,33.0,No,No
TKT-02150,Printer,Critical,Resolved,Sales,Vikram Joshi,2023-02-23 18:56:23,2023-02-23 21:56:23,3.0,No,No
TKT-02151,Hardware,High,Resolved,Sales,Neha Gupta,2023-02-25 01:26:03,2023-02-26 07:26:03,30.0,Yes,Yes
TKT-02152,Software,Low,Resolved,Operations,Suresh Kumar,2024-07-27 00:09:16,2024-07-30 01:09:16,73.0,Yes,Yes
TKT-02153,Access/Login,Low,Resolved,Sales,Anjali Mehta,2023-08-16 02:31:36,2023-08-18 07:31:36,53.0,No,No
TKT-02154,Network,Low,Resolved,Legal,Suresh Kumar,2023-09-14 03:54:25,2023-09-15 14:54:25,35.0,No,No
TKT-02155,Printer,Medium,Closed,Operations,Rohit Verma,2023-07-06 03:47:15,2023-07-07 09:47:15,30.0,No,No
TKT-02156,Email,Medium,Closed,IT,Vikram Joshi,2023-10-07 21:28:07,2023-10-09 07:28:07,34.0,No,Yes
TKT-02157,Email,Low,In Progress,IT,Amit Sharma,2023-04-04 10:00:08,,,,No
TKT-02158,Email,Medium,Closed,IT,Vikram Joshi,2023-03-16 15:39:16,2023-03-18 01:39:16,34.0,No,No
TKT-02159,Email,Low,Resolved,Operations,Priya Singh,2023-04-29 17:58:18,2023-05-02 12:58:18,67.0,No,Yes
TKT-02160,Software,Medium,Closed,IT,Rohit Verma,2023-11-22 19:16:13,2023-11-24 09:16:13,38.0,No,No
TKT-02161,Software,Critical,Resolved,IT,Amit Sharma,2023-10-26 02:20:01,2023-10-26 07:20:01,5.0,Yes,No
TKT-02162,Email,High,Closed,IT,Amit Sharma,2023-09-18 15:59:45,2023-09-19 16:59:45,25.0,Yes,No
TKT-02163,Email,Medium,Resolved,Operations,Priya Singh,2023-05-20 21:28:25,2023-05-22 20:28:25,47.0,No,Yes
TKT-02164,Hardware,High,In Progress,IT,Suresh Kumar,2023-07-11 11:44:46,,,,No
TKT-02165,Hardware,Medium,Resolved,Marketing,Priya Singh,2023-01-27 12:45:02,2023-01-27 18:45:02,6.0,No,No
TKT-02166,Printer,High,Resolved,Sales,Anjali Mehta,2024-08-29 20:40:36,2024-08-30 03:40:36,7.0,No,No
TKT-02167,Software,High,Resolved,Legal,Rohit Verma,2023-10-23 03:41:11,2023-10-24 03:41:11,24.0,No,No
TKT-02168,Printer,Low,In Progress,Legal,Amit Sharma,2023-07-09 06:05:50,,,,Yes
TKT-02169,Software,Low,Resolved,HR,Suresh Kumar,2023-08-13 16:30:02,2023-08-16 22:30:02,78.0,Yes,Yes
TKT-02170,Access/Login,Medium,Resolved,HR,Rohit Verma,2024-08-29 15:36:12,2024-08-30 18:36:12,27.0,No,No
TKT-02171,Software,Medium,Resolved,HR,Suresh Kumar,2024-03-13 18:43:43,2024-03-14 03:43:43,9.0,No,No
TKT-02172,Network,Low,Open,Operations,Priya Singh,2024-09-03 19:24:51,,,,No
TKT-02173,Hardware,Medium,Resolved,Legal,Neha Gupta,2024-01-15 22:28:32,2024-01-18 06:28:32,56.0,Yes,No
TKT-02174,Software,Low,Closed,IT,Vikram Joshi,2023-05-26 21:48:02,2023-05-30 10:48:02,85.0,Yes,No
TKT-02175,Printer,Low,Closed,Legal,Neha Gupta,2023-06-09 19:23:33,2023-06-13 04:23:33,81.0,Yes,No
TKT-02176,Network,Medium,Resolved,HR,Amit Sharma,2023-05-04 17:24:01,2023-05-05 10:24:01,17.0,No,No
TKT-02177,Network,Low,Closed,Sales,Anjali Mehta,2024-08-12 02:31:04,2024-08-14 07:31:04,53.0,No,No
TKT-02178,Network,High,Resolved,Legal,Amit Sharma,2024-06-28 07:46:22,2024-06-29 02:46:22,19.0,No,No
TKT-02179,Email,Low,Resolved,Operations,Anjali Mehta,2023-01-03 03:36:30,2023-01-05 08:36:30,53.0,No,No
TKT-02180,Printer,Medium,Resolved,Legal,Neha Gupta,2024-03-06 16:21:40,2024-03-06 23:21:40,7.0,No,No
TKT-02181,Hardware,Critical,Closed,Finance,Anjali Mehta,2023-02-01 13:21:50,2023-02-01 16:21:50,3.0,No,No
TKT-02182,Network,Medium,Resolved,HR,Suresh Kumar,2024-02-07 08:52:15,2024-02-07 17:52:15,9.0,No,No
TKT-02183,Printer,Low,Resolved,Sales,Rohit Verma,2024-02-08 14:21:13,2024-02-09 23:21:13,33.0,No,No
TKT-02184,Email,Medium,Open,Sales,Amit Sharma,2023-04-14 17:04:58,,,,No
TKT-02185,Network,High,Resolved,Finance,Suresh Kumar,2023-05-17 21:32:09,2023-05-18 00:32:09,3.0,No,No
TKT-02186,Network,High,Closed,Operations,Vikram Joshi,2023-11-02 20:08:58,2023-11-03 20:08:58,24.0,No,No
TKT-02187,Email,High,Closed,Operations,Anjali Mehta,2024-05-11 07:34:09,2024-05-12 13:34:09,30.0,Yes,Yes
TKT-02188,Hardware,Medium,Open,HR,Anjali Mehta,2023-05-05 04:41:59,,,,No
TKT-02189,Software,Low,In Progress,Operations,Amit Sharma,2024-09-27 01:00:48,,,,No
TKT-02190,Network,Medium,Resolved,Finance,Suresh Kumar,2023-06-15 06:43:52,2023-06-17 13:43:52,55.0,Yes,No
TKT-02191,Network,Low,Closed,Operations,Anjali Mehta,2023-06-26 21:51:49,2023-06-27 20:51:49,23.0,No,No
TKT-02192,Access/Login,Low,Closed,Finance,Anjali Mehta,2024-12-11 13:40:49,2024-12-14 16:40:49,75.0,Yes,No
TKT-02193,Printer,Medium,Resolved,Legal,Anjali Mehta,2023-02-21 23:02:34,2023-02-23 11:02:34,36.0,No,No
TKT-02194,Hardware,Medium,Closed,IT,Priya Singh,2024-11-04 19:45:48,2024-11-05 18:45:48,23.0,No,No
TKT-02195,Access/Login,Critical,Resolved,Operations,Rohit Verma,2023-11-13 17:22:54,2023-11-13 19:22:54,2.0,No,No
TKT-02196,Printer,Medium,Closed,IT,Amit Sharma,2023-05-31 02:58:52,2023-06-01 08:58:52,30.0,No,No
TKT-02197,Printer,Low,Resolved,Finance,Vikram Joshi,2024-09-20 10:10:24,2024-09-23 22:10:24,84.0,Yes,No
TKT-02198,Software,High,Resolved,Finance,Anjali Mehta,2023-05-04 00:20:09,2023-05-04 04:20:09,4.0,No,No
TKT-02199,Software,Critical,Resolved,HR,Suresh Kumar,2024-07-14 01:09:04,2024-07-14 03:09:04,2.0,No,Yes
TKT-02200,Printer,Low,Resolved,Finance,Neha Gupta,2023-06-22 02:45:40,2023-06-23 06:45:40,28.0,No,No
TKT-02201,Network,Medium,Resolved,Marketing,Suresh Kumar,2024-11-15 17:50:34,2024-11-17 02:50:34,33.0,No,No
TKT-02202,Printer,Low,Resolved,Finance,Vikram Joshi,2023-04-03 05:30:01,2023-04-04 22:30:01,41.0,No,No
TKT-02203,Access/Login,Low,Resolved,IT,Priya Singh,2024-08-27 10:08:52,2024-08-28 03:08:52,17.0,No,No
TKT-02204,Printer,Medium,Resolved,IT,Amit Sharma,2024-02-20 21:24:04,2024-02-21 11:24:04,14.0,No,No
TKT-02205,Software,Medium,Resolved,Legal,Vikram Joshi,2024-10-01 08:02:09,2024-10-01 17:02:09,9.0,No,No
TKT-02206,Network,Medium,Resolved,Finance,Anjali Mehta,2024-04-11 15:24:44,2024-04-14 01:24:44,58.0,Yes,No
TKT-02207,Network,Low,Resolved,Finance,Amit Sharma,2024-06-03 07:07:33,2024-06-04 23:07:33,40.0,No,No
TKT-02208,Software,Critical,Closed,Marketing,Priya Singh,2024-03-18 11:18:56,2024-03-18 17:18:56,6.0,Yes,No
TKT-02209,Email,Low,Resolved,Legal,Anjali Mehta,2023-07-17 11:06:11,2023-07-20 15:06:11,76.0,Yes,No
TKT-02210,Hardware,Low,In Progress,HR,Priya Singh,2023-03-16 03:57:45,,,,No
TKT-02211,Printer,Critical,Open,Operations,Vikram Joshi,2024-05-06 08:29:43,,,,No
TKT-02212,Email,Low,In Progress,Sales,Vikram Joshi,2024-06-04 02:21:43,,,,No
TKT-02213,Hardware,Medium,Resolved,Marketing,Rohit Verma,2023-07-15 06:19:05,2023-07-16 03:19:05,21.0,No,Yes
TKT-02214,Email,Low,Resolved,Legal,Suresh Kumar,2024-06-13 18:27:09,2024-06-17 04:27:09,82.0,Yes,No
TKT-02215,Access/Login,Medium,Resolved,Finance,Rohit Verma,2023-12-31 12:08:22,2024-01-02 23:08:22,59.0,Yes,Yes
TKT-02216,Access/Login,High,Closed,IT,Priya Singh,2023-07-17 18:26:06,2023-07-17 20:26:06,2.0,No,No
TKT-02217,Hardware,Medium,Resolved,IT,Vikram Joshi,2023-12-01 12:29:22,2023-12-02 06:29:22,18.0,No,No
TKT-02218,Email,Critical,Resolved,Marketing,Suresh Kumar,2023-08-02 10:43:20,2023-08-02 14:43:20,4.0,No,No
TKT-02219,Printer,Low,Resolved,HR,Rohit Verma,2023-07-18 06:00:39,2023-07-18 17:00:39,11.0,No,No
TKT-02220,Network,Medium,Open,Finance,Amit Sharma,2023-04-07 06:20:48,,,,No
TKT-02221,Hardware,High,Closed,Operations,Anjali Mehta,2024-05-19 02:37:01,2024-05-19 11:37:01,9.0,No,Yes
TKT-02222,Access/Login,Medium,Closed,Marketing,Vikram Joshi,2023-02-12 22:02:45,2023-02-15 08:02:45,58.0,Yes,Yes
TKT-02223,Access/Login,High,Resolved,Operations,Suresh Kumar,2024-03-05 21:26:10,2024-03-06 07:26:10,10.0,No,No
TKT-02224,Access/Login,Medium,In Progress,Legal,Neha Gupta,2023-07-15 04:42:27,,,,Yes
TKT-02225,Printer,Low,Closed,HR,Anjali Mehta,2023-10-15 20:07:15,2023-10-17 17:07:15,45.0,No,Yes
TKT-02226,Software,High,Closed,Finance,Vikram Joshi,2024-11-08 08:17:55,2024-11-08 14:17:55,6.0,No,No
TKT-02227,Access/Login,Low,Resolved,Operations,Priya Singh,2024-04-18 13:41:03,2024-04-19 03:41:03,14.0,No,No
TKT-02228,Network,Medium,Open,Sales,Vikram Joshi,2023-03-25 11:16:50,,,,Yes
TKT-02229,Software,Medium,Resolved,Sales,Amit Sharma,2023-03-28 00:05:48,2023-03-28 16:05:48,16.0,No,No
TKT-02230,Hardware,Low,Resolved,HR,Priya Singh,2023-08-09 23:28:17,2023-08-12 14:28:17,63.0,No,No
TKT-02231,Printer,High,Resolved,Operations,Anjali Mehta,2023-11-06 02:38:28,2023-11-06 20:38:28,18.0,No,No
TKT-02232,Email,Critical,Open,Finance,Vikram Joshi,2024-12-04 09:02:42,,,,No
TKT-02233,Software,Critical,Resolved,Operations,Vikram Joshi,2023-06-23 00:27:31,2023-06-23 05:27:31,5.0,Yes,No
TKT-02234,Email,Low,Closed,Legal,Vikram Joshi,2023-01-31 04:18:19,2023-01-31 16:18:19,12.0,No,No
TKT-02235,Access/Login,High,Resolved,HR,Vikram Joshi,2023-08-16 06:15:05,2023-08-17 09:15:05,27.0,Yes,No
TKT-02236,Hardware,Low,Closed,Legal,Amit Sharma,2024-02-18 02:39:38,2024-02-21 11:39:38,81.0,Yes,Yes
TKT-02237,Printer,High,Resolved,Operations,Priya Singh,2023-02-08 10:37:36,2023-02-09 13:37:36,27.0,Yes,No
TKT-02238,Software,Critical,Closed,Operations,Suresh Kumar,2024-03-20 17:58:11,2024-03-21 02:58:11,9.0,Yes,No
TKT-02239,Hardware,Medium,Closed,Sales,Rohit Verma,2023-11-15 17:02:53,2023-11-17 09:02:53,40.0,No,No
TKT-02240,Hardware,Medium,Open,Finance,Priya Singh,2024-05-31 23:53:23,,,,No
TKT-02241,Email,Low,Resolved,IT,Anjali Mehta,2024-04-28 20:46:40,2024-05-02 03:46:40,79.0,Yes,Yes
TKT-02242,Access/Login,Low,Resolved,Legal,Rohit Verma,2023-01-28 08:10:06,2023-01-28 21:10:06,13.0,No,Yes
TKT-02243,Hardware,High,Closed,Legal,Vikram Joshi,2024-12-25 09:28:31,2024-12-25 21:28:31,12.0,No,No
TKT-02244,Printer,High,Closed,HR,Anjali Mehta,2024-05-21 20:05:25,2024-05-22 23:05:25,27.0,Yes,No
TKT-02245,Access/Login,High,Closed,Sales,Amit Sharma,2024-06-13 11:41:11,2024-06-14 08:41:11,21.0,No,No
TKT-02246,Printer,Low,Resolved,IT,Anjali Mehta,2023-01-27 21:03:41,2023-01-28 21:03:41,24.0,No,No
TKT-02247,Network,Low,Resolved,Legal,Priya Singh,2023-05-26 10:58:02,2023-05-30 00:58:02,86.0,Yes,No
TKT-02248,Access/Login,Low,Closed,Legal,Amit Sharma,2024-03-23 01:59:09,2024-03-24 06:59:09,29.0,No,Yes
TKT-02249,Email,Medium,Resolved,IT,Neha Gupta,2023-02-28 02:31:40,2023-03-01 15:31:40,37.0,No,No
TKT-02250,Hardware,Low,Resolved,Marketing,Rohit Verma,2023-05-08 06:19:19,2023-05-09 23:19:19,41.0,No,No
TKT-02251,Hardware,Medium,Closed,Operations,Priya Singh,2023-03-03 03:56:18,2023-03-04 08:56:18,29.0,No,No
TKT-02252,Software,Medium,Closed,Operations,Priya Singh,2023-12-24 20:23:40,2023-12-26 00:23:40,28.0,No,Yes
TKT-02253,Network,Medium,Resolved,Operations,Neha Gupta,2024-07-15 02:06:21,2024-07-16 18:06:21,40.0,No,No
TKT-02254,Printer,Medium,Resolved,Finance,Neha Gupta,2024-09-06 07:03:02,2024-09-08 18:03:02,59.0,Yes,No
TKT-02255,Access/Login,Medium,Closed,HR,Vikram Joshi,2023-09-17 00:35:02,2023-09-19 06:35:02,54.0,Yes,Yes
TKT-02256,Software,Low,Resolved,Legal,Amit Sharma,2024-08-01 10:31:28,2024-08-02 11:31:28,25.0,No,No
TKT-02257,Email,Low,Closed,Operations,Anjali Mehta,2023-03-27 05:14:19,2023-03-27 15:14:19,10.0,No,No
TKT-02258,Printer,Low,In Progress,IT,Priya Singh,2023-09-16 01:40:28,,,,Yes
TKT-02259,Email,Medium,Resolved,Finance,Priya Singh,2024-05-28 19:03:06,2024-05-29 09:03:06,14.0,No,No
TKT-02260,Email,Medium,Closed,Operations,Suresh Kumar,2024-08-19 04:59:20,2024-08-20 11:59:20,31.0,No,No
TKT-02261,Hardware,Low,Resolved,Marketing,Priya Singh,2023-03-19 04:56:20,2023-03-21 13:56:20,57.0,No,Yes
TKT-02262,Access/Login,Low,Resolved,Legal,Rohit Verma,2023-07-25 09:54:56,2023-07-26 05:54:56,20.0,No,No
TKT-02263,Access/Login,Low,In Progress,IT,Priya Singh,2024-04-06 02:33:19,,,,Yes
TKT-02264,Hardware,Low,Closed,Marketing,Anjali Mehta,2023-11-11 15:50:12,2023-11-14 00:50:12,57.0,No,Yes
TKT-02265,Network,Low,Open,Marketing,Amit Sharma,2024-01-07 00:52:40,,,,Yes
TKT-02266,Access/Login,High,Open,Operations,Suresh Kumar,2024-06-26 07:26:27,,,,No
TKT-02267,Printer,Low,Resolved,Marketing,Suresh Kumar,2023-03-06 15:28:44,2023-03-09 19:28:44,76.0,Yes,No
TKT-02268,Network,High,Resolved,Operations,Vikram Joshi,2023-06-18 06:54:37,2023-06-19 06:54:37,24.0,No,Yes
TKT-02269,Hardware,Low,Closed,Legal,Rohit Verma,2023-11-08 23:16:26,2023-11-10 15:16:26,40.0,No,No
TKT-02270,Network,Low,Closed,Operations,Rohit Verma,2023-06-08 10:31:36,2023-06-09 11:31:36,25.0,No,No
TKT-02271,Software,High,Resolved,Marketing,Suresh Kumar,2023-09-24 22:41:53,2023-09-25 14:41:53,16.0,No,Yes
TKT-02272,Email,Low,In Progress,Finance,Suresh Kumar,2024-02-22 01:15:26,,,,No
TKT-02273,Access/Login,Low,Resolved,Sales,Priya Singh,2024-04-03 07:21:40,2024-04-03 22:21:40,15.0,No,No
TKT-02274,Printer,Low,Resolved,Legal,Suresh Kumar,2023-05-03 03:11:02,2023-05-06 05:11:02,74.0,Yes,No
TKT-02275,Access/Login,Low,In Progress,Legal,Neha Gupta,2024-06-26 21:57:22,,,,No
TKT-02276,Hardware,Low,Resolved,Legal,Amit Sharma,2023-05-08 18:11:49,2023-05-09 07:11:49,13.0,No,No
TKT-02277,Access/Login,Low,Resolved,Operations,Suresh Kumar,2023-05-22 15:37:00,2023-05-23 02:37:00,11.0,No,No
TKT-02278,Network,Medium,Closed,Sales,Anjali Mehta,2024-07-17 02:32:59,2024-07-19 11:32:59,57.0,Yes,No
TKT-02279,Printer,Critical,In Progress,Operations,Anjali Mehta,2023-03-10 20:41:50,,,,No
TKT-02280,Network,Low,Resolved,Sales,Suresh Kumar,2024-09-07 13:56:24,2024-09-08 08:56:24,19.0,No,Yes
TKT-02281,Printer,High,Resolved,Operations,Rohit Verma,2024-12-19 03:08:33,2024-12-19 17:08:33,14.0,No,No
TKT-02282,Access/Login,Medium,Resolved,Finance,Vikram Joshi,2023-06-23 00:00:41,2023-06-23 17:00:41,17.0,No,No
TKT-02283,Software,Medium,Closed,HR,Priya Singh,2024-03-24 07:11:13,2024-03-25 05:11:13,22.0,No,Yes
TKT-02284,Access/Login,Low,Resolved,HR,Anjali Mehta,2024-04-25 04:11:36,2024-04-27 03:11:36,47.0,No,No
TKT-02285,Access/Login,Critical,Resolved,Sales,Anjali Mehta,2023-10-13 05:03:52,2023-10-13 11:03:52,6.0,Yes,No
TKT-02286,Software,Medium,Resolved,IT,Vikram Joshi,2024-12-24 09:43:20,2024-12-25 23:43:20,38.0,No,No
TKT-02287,Hardware,High,Resolved,Legal,Amit Sharma,2023-06-02 09:55:33,2023-06-03 14:55:33,29.0,Yes,No
TKT-02288,Email,High,Resolved,IT,Suresh Kumar,2023-06-02 03:43:52,2023-06-03 08:43:52,29.0,Yes,No
TKT-02289,Access/Login,Low,Resolved,Sales,Anjali Mehta,2024-08-17 04:26:52,2024-08-18 17:26:52,37.0,No,Yes
TKT-02290,Network,High,Resolved,Legal,Neha Gupta,2024-09-24 06:11:54,2024-09-24 13:11:54,7.0,No,No
TKT-02291,Email,Low,Closed,IT,Neha Gupta,2023-05-13 14:11:23,2023-05-16 23:11:23,81.0,Yes,Yes
TKT-02292,Email,Low,Closed,Sales,Rohit Verma,2024-11-25 12:50:28,2024-11-26 03:50:28,15.0,No,No
TKT-02293,Email,Low,Closed,IT,Vikram Joshi,2023-10-11 23:58:45,2023-10-13 09:58:45,34.0,No,No
TKT-02294,Access/Login,High,In Progress,Marketing,Suresh Kumar,2024-01-10 08:38:19,,,,No
TKT-02295,Software,Medium,Closed,HR,Amit Sharma,2023-02-24 19:39:21,2023-02-26 18:39:21,47.0,No,No
TKT-02296,Printer,Medium,Closed,HR,Suresh Kumar,2023-04-02 13:21:52,2023-04-04 06:21:52,41.0,No,Yes
TKT-02297,Network,Low,Resolved,HR,Anjali Mehta,2023-09-29 09:48:24,2023-10-02 04:48:24,67.0,No,No
TKT-02298,Access/Login,High,Closed,Operations,Anjali Mehta,2023-05-06 20:52:07,2023-05-07 17:52:07,21.0,No,Yes
TKT-02299,Access/Login,High,Closed,Legal,Suresh Kumar,2024-11-11 13:24:55,2024-11-12 10:24:55,21.0,No,No
TKT-02300,Hardware,High,Resolved,Operations,Vikram Joshi,2023-02-25 07:17:17,2023-02-25 21:17:17,14.0,No,Yes
TKT-02301,Software,Low,Closed,Sales,Amit Sharma,2024-07-30 21:37:33,2024-08-02 23:37:33,74.0,Yes,No
TKT-02302,Software,Critical,Open,HR,Priya Singh,2023-12-30 01:15:43,,,,Yes
TKT-02303,Access/Login,Medium,Closed,HR,Neha Gupta,2024-11-23 07:52:24,2024-11-25 08:52:24,49.0,Yes,Yes
TKT-02304,Access/Login,Low,Closed,IT,Vikram Joshi,2024-03-13 10:48:57,2024-03-16 01:48:57,63.0,No,No
TKT-02305,Software,High,Resolved,Marketing,Priya Singh,2023-01-27 20:56:28,2023-01-28 05:56:28,9.0,No,No
TKT-02306,Printer,Medium,In Progress,Marketing,Priya Singh,2024-01-17 08:04:06,,,,No
TKT-02307,Hardware,High,In Progress,Legal,Amit Sharma,2023-08-24 15:20:02,,,,No
TKT-02308,Software,Critical,Closed,IT,Rohit Verma,2023-02-20 20:14:39,2023-02-20 23:14:39,3.0,No,No
TKT-02309,Access/Login,Medium,Resolved,Marketing,Priya Singh,2024-02-04 06:16:48,2024-02-06 05:16:48,47.0,No,Yes
TKT-02310,Email,Medium,Resolved,IT,Anjali Mehta,2024-10-30 23:26:12,2024-11-02 09:26:12,58.0,Yes,No
TKT-02311,Email,Medium,Resolved,Marketing,Vikram Joshi,2024-01-06 15:46:22,2024-01-08 21:46:22,54.0,Yes,Yes
TKT-02312,Network,Medium,In Progress,Legal,Amit Sharma,2023-01-31 20:23:28,,,,No
TKT-02313,Access/Login,Medium,Resolved,Legal,Vikram Joshi,2024-02-24 01:01:13,2024-02-26 12:01:13,59.0,Yes,Yes
TKT-02314,Printer,High,Open,Legal,Priya Singh,2024-03-16 18:23:44,,,,Yes
TKT-02315,Hardware,Medium,Closed,Operations,Neha Gupta,2024-04-01 10:02:43,2024-04-01 19:02:43,9.0,No,No
TKT-02316,Access/Login,Medium,Resolved,Marketing,Priya Singh,2023-06-21 01:52:07,2023-06-22 03:52:07,26.0,No,No
TKT-02317,Hardware,Critical,Resolved,HR,Suresh Kumar,2024-07-12 17:08:31,2024-07-13 03:08:31,10.0,Yes,No
TKT-02318,Hardware,High,Resolved,IT,Neha Gupta,2024-12-10 15:59:10,2024-12-11 13:59:10,22.0,No,No
TKT-02319,Software,High,In Progress,Marketing,Neha Gupta,2023-01-27 06:41:57,,,,No
TKT-02320,Software,Medium,Resolved,IT,Neha Gupta,2024-07-07 00:09:36,2024-07-08 19:09:36,43.0,No,Yes
TKT-02321,Software,Low,In Progress,Finance,Anjali Mehta,2023-04-28 18:01:45,,,,No
TKT-02322,Printer,Low,Resolved,HR,Suresh Kumar,2023-01-30 08:34:44,2023-01-31 05:34:44,21.0,No,No
TKT-02323,Printer,Medium,Resolved,IT,Amit Sharma,2023-08-16 17:27:40,2023-08-18 10:27:40,41.0,No,No
TKT-02324,Hardware,High,Resolved,IT,Suresh Kumar,2023-09-29 15:00:42,2023-09-29 19:00:42,4.0,No,No
TKT-02325,Software,Low,Resolved,Finance,Rohit Verma,2024-08-01 15:46:54,2024-08-03 22:46:54,55.0,No,No
TKT-02326,Network,Critical,Resolved,IT,Suresh Kumar,2024-05-22 00:05:59,2024-05-22 04:05:59,4.0,No,No
TKT-02327,Software,Medium,Resolved,Finance,Amit Sharma,2024-02-09 00:11:24,2024-02-09 12:11:24,12.0,No,No
TKT-02328,Software,High,In Progress,Sales,Priya Singh,2024-04-13 17:49:45,,,,Yes
TKT-02329,Network,Medium,Resolved,IT,Amit Sharma,2024-12-14 09:29:43,2024-12-15 08:29:43,23.0,No,Yes
TKT-02330,Email,Low,In Progress,Legal,Suresh Kumar,2023-07-24 23:58:52,,,,No
TKT-02331,Network,Medium,In Progress,HR,Neha Gupta,2024-06-04 04:39:17,,,,No
TKT-02332,Access/Login,Low,Resolved,HR,Neha Gupta,2023-02-11 03:34:44,2023-02-14 01:34:44,70.0,No,Yes
TKT-02333,Access/Login,High,Resolved,Operations,Priya Singh,2023-09-21 19:49:06,2023-09-21 21:49:06,2.0,No,No
TKT-02334,Printer,Low,Resolved,Legal,Suresh Kumar,2024-06-22 04:18:26,2024-06-25 10:18:26,78.0,Yes,Yes
TKT-02335,Printer,Low,Closed,IT,Priya Singh,2023-06-07 14:25:32,2023-06-11 01:25:32,83.0,Yes,No
TKT-02336,Printer,Medium,Resolved,Legal,Neha Gupta,2024-09-03 21:57:09,2024-09-06 09:57:09,60.0,Yes,No
TKT-02337,Software,High,Open,Finance,Suresh Kumar,2023-07-23 02:33:42,,,,Yes
TKT-02338,Software,Medium,Resolved,Marketing,Amit Sharma,2024-09-13 23:46:09,2024-09-16 06:46:09,55.0,Yes,No
TKT-02339,Email,High,Resolved,Marketing,Amit Sharma,2024-05-23 12:50:32,2024-05-24 12:50:32,24.0,No,No
TKT-02340,Access/Login,High,Resolved,IT,Suresh Kumar,2024-08-07 17:42:34,2024-08-08 20:42:34,27.0,Yes,No
TKT-02341,Network,High,Resolved,Finance,Amit Sharma,2024-09-08 21:06:45,2024-09-09 06:06:45,9.0,No,Yes
TKT-02342,Network,Medium,Resolved,IT,Anjali Mehta,2024-05-02 13:32:58,2024-05-02 18:32:58,5.0,No,No
TKT-02343,Email,Critical,In Progress,Marketing,Rohit Verma,2024-12-06 06:54:53,,,,No
TKT-02344,Email,Medium,In Progress,HR,Suresh Kumar,2023-07-04 21:03:52,,,,No
TKT-02345,Access/Login,High,In Progress,Operations,Suresh Kumar,2023-05-23 14:42:06,,,,No
TKT-02346,Software,Medium,Closed,Sales,Vikram Joshi,2023-02-19 15:01:34,2023-02-22 03:01:34,60.0,Yes,Yes
TKT-02347,Software,High,Resolved,Sales,Vikram Joshi,2023-03-19 23:46:33,2023-03-20 23:46:33,24.0,No,Yes
TKT-02348,Printer,High,Resolved,Marketing,Suresh Kumar,2023-03-20 22:53:10,2023-03-21 09:53:10,11.0,No,No
TKT-02349,Network,High,Resolved,Marketing,Suresh Kumar,2023-05-31 18:24:45,2023-06-01 16:24:45,22.0,No,No
TKT-02350,Printer,Low,Resolved,Marketing,Suresh Kumar,2023-06-13 04:58:23,2023-06-16 06:58:23,74.0,Yes,No
TKT-02351,Printer,Medium,Resolved,Finance,Priya Singh,2023-10-30 12:45:03,2023-10-31 18:45:03,30.0,No,No
TKT-02352,Access/Login,Low,Closed,Marketing,Priya Singh,2024-03-08 20:54:50,2024-03-09 09:54:50,13.0,No,No
TKT-02353,Access/Login,High,In Progress,HR,Anjali Mehta,2023-01-26 05:25:22,,,,No
TKT-02354,Email,Medium,Resolved,Finance,Vikram Joshi,2024-01-09 22:51:26,2024-01-11 15:51:26,41.0,No,No
TKT-02355,Access/Login,High,Resolved,Legal,Priya Singh,2023-12-30 09:07:33,2023-12-31 05:07:33,20.0,No,Yes
TKT-02356,Access/Login,Critical,Resolved,Marketing,Suresh Kumar,2024-11-24 17:40:36,2024-11-24 18:40:36,1.0,No,Yes
TKT-02357,Access/Login,Medium,Closed,Legal,Priya Singh,2024-11-01 21:00:13,2024-11-02 05:00:13,8.0,No,No
TKT-02358,Hardware,Medium,Open,Legal,Neha Gupta,2024-08-03 07:41:37,,,,Yes
TKT-02359,Printer,Medium,Resolved,Marketing,Amit Sharma,2023-02-01 22:54:50,2023-02-02 20:54:50,22.0,No,No
TKT-02360,Software,High,Resolved,Sales,Rohit Verma,2023-12-14 20:52:10,2023-12-15 14:52:10,18.0,No,No
TKT-02361,Access/Login,Medium,Resolved,Sales,Vikram Joshi,2024-05-15 07:47:01,2024-05-16 06:47:01,23.0,No,No
TKT-02362,Printer,Critical,Closed,Marketing,Suresh Kumar,2024-02-18 00:30:48,2024-02-18 04:30:48,4.0,No,Yes
TKT-02363,Software,Medium,In Progress,Operations,Amit Sharma,2023-07-18 09:56:22,,,,No
TKT-02364,Hardware,Medium,In Progress,Finance,Suresh Kumar,2024-01-09 16:57:49,,,,No
TKT-02365,Network,Medium,In Progress,Finance,Neha Gupta,2024-10-12 19:40:56,,,,Yes
TKT-02366,Network,Medium,Closed,Sales,Amit Sharma,2023-09-25 01:01:39,2023-09-27 13:01:39,60.0,Yes,No
TKT-02367,Email,High,Resolved,HR,Anjali Mehta,2023-11-27 10:01:02,2023-11-27 20:01:02,10.0,No,No
TKT-02368,Email,Medium,Closed,Legal,Neha Gupta,2024-02-26 02:25:33,2024-02-28 11:25:33,57.0,Yes,No
TKT-02369,Hardware,Low,Closed,HR,Anjali Mehta,2024-12-17 19:31:15,2024-12-20 22:31:15,75.0,Yes,No
TKT-02370,Hardware,Critical,Closed,Finance,Amit Sharma,2024-02-20 05:03:32,2024-02-20 11:03:32,6.0,Yes,No
TKT-02371,Email,Low,Closed,HR,Vikram Joshi,2024-08-18 00:02:51,2024-08-20 08:02:51,56.0,No,Yes
TKT-02372,Hardware,Medium,Resolved,Sales,Vikram Joshi,2024-04-27 20:24:32,2024-04-28 13:24:32,17.0,No,Yes
TKT-02373,Printer,Low,Closed,Finance,Vikram Joshi,2024-03-05 20:22:48,2024-03-08 11:22:48,63.0,No,No
TKT-02374,Hardware,Low,Resolved,Legal,Rohit Verma,2024-05-15 09:36:01,2024-05-16 00:36:01,15.0,No,No
TKT-02375,Software,Medium,Closed,HR,Rohit Verma,2023-08-01 07:47:06,2023-08-01 14:47:06,7.0,No,No
TKT-02376,Software,Medium,Closed,HR,Anjali Mehta,2024-05-29 18:38:03,2024-05-31 08:38:03,38.0,No,No
TKT-02377,Hardware,Medium,Open,Legal,Neha Gupta,2023-05-06 13:17:30,,,,Yes
TKT-02378,Software,High,Closed,Legal,Vikram Joshi,2023-06-09 07:18:55,2023-06-09 14:18:55,7.0,No,No
TKT-02379,Network,Medium,In Progress,Legal,Neha Gupta,2023-04-27 13:07:57,,,,No
TKT-02380,Email,Medium,Closed,Operations,Neha Gupta,2023-05-21 09:00:51,2023-05-22 09:00:51,24.0,No,Yes
TKT-02381,Software,Medium,Resolved,Sales,Anjali Mehta,2024-02-04 06:49:45,2024-02-05 21:49:45,39.0,No,Yes
TKT-02382,Printer,Medium,In Progress,Legal,Vikram Joshi,2024-08-05 08:28:31,,,,No
TKT-02383,Network,Low,Resolved,Operations,Amit Sharma,2024-02-02 14:40:30,2024-02-03 10:40:30,20.0,No,No
TKT-02384,Network,Low,In Progress,HR,Amit Sharma,2023-10-19 01:38:19,,,,No
TKT-02385,Network,Medium,Closed,Finance,Amit Sharma,2023-06-14 22:19:52,2023-06-15 11:19:52,13.0,No,No
TKT-02386,Network,High,Resolved,HR,Rohit Verma,2023-04-14 22:44:15,2023-04-15 01:44:15,3.0,No,No
TKT-02387,Software,Medium,Resolved,Marketing,Priya Singh,2024-01-05 17:55:29,2024-01-06 16:55:29,23.0,No,No
TKT-02388,Email,Medium,Resolved,Operations,Suresh Kumar,2024-07-13 14:04:29,2024-07-14 04:04:29,14.0,No,Yes
TKT-02389,Access/Login,Medium,Closed,IT,Anjali Mehta,2024-07-10 00:05:42,2024-07-11 22:05:42,46.0,No,No
TKT-02390,Printer,Low,Resolved,Operations,Anjali Mehta,2024-03-24 14:29:51,2024-03-25 21:29:51,31.0,No,Yes
TKT-02391,Hardware,Medium,Open,Finance,Anjali Mehta,2023-08-01 16:36:56,,,,No
TKT-02392,Printer,Low,Open,Finance,Priya Singh,2024-04-04 20:41:33,,,,No
TKT-02393,Printer,Medium,Resolved,IT,Anjali Mehta,2023-06-03 19:01:20,2023-06-04 05:01:20,10.0,No,Yes
TKT-02394,Access/Login,Low,Resolved,Marketing,Suresh Kumar,2023-01-27 22:59:21,2023-01-30 19:59:21,69.0,No,No
TKT-02395,Software,High,Resolved,Marketing,Amit Sharma,2023-01-09 01:53:42,2023-01-10 04:53:42,27.0,Yes,No
TKT-02396,Network,Medium,Resolved,Marketing,Rohit Verma,2023-09-05 20:48:45,2023-09-07 17:48:45,45.0,No,No
TKT-02397,Software,Medium,Open,HR,Rohit Verma,2023-11-01 10:34:46,,,,No
TKT-02398,Printer,High,Resolved,Marketing,Suresh Kumar,2024-04-19 19:51:22,2024-04-20 00:51:22,5.0,No,No
TKT-02399,Hardware,Medium,Resolved,IT,Amit Sharma,2023-05-24 15:27:29,2023-05-25 07:27:29,16.0,No,No
TKT-02400,Printer,Low,Resolved,Marketing,Anjali Mehta,2024-04-02 12:03:47,2024-04-04 01:03:47,37.0,No,No
TKT-02401,Software,Critical,In Progress,Sales,Priya Singh,2023-09-23 22:51:24,,,,Yes
TKT-02402,Email,Low,Resolved,Finance,Amit Sharma,2024-06-10 10:30:12,2024-06-13 02:30:12,64.0,No,No
TKT-02403,Hardware,Medium,Resolved,Operations,Priya Singh,2024-11-15 02:32:33,2024-11-15 17:32:33,15.0,No,No
TKT-02404,Printer,Critical,Closed,Legal,Suresh Kumar,2023-02-15 15:33:32,2023-02-15 20:33:32,5.0,Yes,No
TKT-02405,Network,Medium,Resolved,Marketing,Neha Gupta,2023-01-06 20:48:44,2023-01-07 15:48:44,19.0,No,No
TKT-02406,Network,Low,Resolved,Sales,Rohit Verma,2023-11-23 15:47:38,2023-11-25 09:47:38,42.0,No,No
TKT-02407,Email,High,Resolved,IT,Suresh Kumar,2024-08-21 08:50:06,2024-08-21 10:50:06,2.0,No,No
TKT-02408,Email,Low,Resolved,HR,Rohit Verma,2023-05-10 07:28:18,2023-05-12 00:28:18,41.0,No,No
TKT-02409,Access/Login,High,In Progress,Marketing,Amit Sharma,2024-07-20 08:34:21,,,,Yes
TKT-02410,Software,Medium,Closed,Operations,Priya Singh,2024-01-27 09:31:38,2024-01-27 23:31:38,14.0,No,Yes
TKT-02411,Software,High,Resolved,Legal,Anjali Mehta,2023-05-19 01:27:17,2023-05-19 09:27:17,8.0,No,No
TKT-02412,Hardware,High,Resolved,Operations,Neha Gupta,2023-06-27 05:26:38,2023-06-28 04:26:38,23.0,No,No
TKT-02413,Email,Medium,Open,IT,Rohit Verma,2024-07-13 17:22:34,,,,Yes
TKT-02414,Printer,Medium,Resolved,Marketing,Suresh Kumar,2024-04-24 07:39:46,2024-04-24 15:39:46,8.0,No,No
TKT-02415,Software,Low,In Progress,Finance,Neha Gupta,2023-05-24 17:36:53,,,,No
TKT-02416,Network,Low,Resolved,Legal,Vikram Joshi,2023-09-16 08:59:01,2023-09-17 14:59:01,30.0,No,Yes
TKT-02417,Hardware,Low,Resolved,Operations,Priya Singh,2023-09-09 11:26:20,2023-09-13 00:26:20,85.0,Yes,Yes
TKT-02418,Hardware,Medium,Resolved,Marketing,Vikram Joshi,2024-05-29 12:30:26,2024-05-30 05:30:26,17.0,No,No
TKT-02419,Software,Critical,Closed,IT,Amit Sharma,2024-05-07 03:07:20,2024-05-07 11:07:20,8.0,Yes,No
TKT-02420,Hardware,Medium,Resolved,IT,Amit Sharma,2024-05-24 06:43:03,2024-05-26 09:43:03,51.0,Yes,No
TKT-02421,Software,Low,Open,Marketing,Neha Gupta,2024-09-18 07:51:39,,,,No
TKT-02422,Hardware,Low,Closed,Marketing,Amit Sharma,2023-10-23 14:37:32,2023-10-24 14:37:32,24.0,No,No
TKT-02423,Hardware,Low,Resolved,HR,Suresh Kumar,2024-06-19 18:08:44,2024-06-20 08:08:44,14.0,No,No
TKT-02424,Printer,High,Closed,IT,Priya Singh,2023-11-22 19:00:07,2023-11-23 20:00:07,25.0,Yes,No
TKT-02425,Hardware,Low,Resolved,IT,Rohit Verma,2024-02-27 17:28:26,2024-02-29 05:28:26,36.0,No,No
TKT-02426,Access/Login,Medium,Closed,Sales,Vikram Joshi,2024-05-01 18:09:45,2024-05-02 05:09:45,11.0,No,No
TKT-02427,Software,Low,Resolved,Legal,Suresh Kumar,2024-12-20 00:54:23,2024-12-22 12:54:23,60.0,No,No
TKT-02428,Network,High,Closed,Sales,Priya Singh,2023-11-19 17:55:03,2023-11-20 04:55:03,11.0,No,Yes
TKT-02429,Software,Low,Open,Finance,Anjali Mehta,2024-03-11 07:21:44,,,,No
TKT-02430,Hardware,High,Closed,HR,Vikram Joshi,2023-06-04 03:13:38,2023-06-05 02:13:38,23.0,No,Yes
TKT-02431,Email,Medium,Closed,Operations,Neha Gupta,2024-07-21 13:19:10,2024-07-23 19:19:10,54.0,Yes,Yes
TKT-02432,Access/Login,Low,Resolved,IT,Rohit Verma,2024-03-14 01:26:58,2024-03-17 09:26:58,80.0,Yes,No
TKT-02433,Access/Login,Medium,In Progress,Finance,Vikram Joshi,2023-02-07 22:15:50,,,,No
TKT-02434,Hardware,Low,Resolved,HR,Neha Gupta,2023-04-08 22:24:56,2023-04-09 23:24:56,25.0,No,Yes
TKT-02435,Access/Login,Low,Resolved,HR,Priya Singh,2024-02-26 13:20:04,2024-03-01 03:20:04,86.0,Yes,No
TKT-02436,Printer,High,Resolved,IT,Vikram Joshi,2024-11-02 11:21:22,2024-11-03 02:21:22,15.0,No,Yes
TKT-02437,Software,Low,Resolved,Marketing,Amit Sharma,2023-06-10 10:54:05,2023-06-12 15:54:05,53.0,No,Yes
TKT-02438,Printer,Medium,Resolved,Marketing,Anjali Mehta,2024-09-16 16:07:28,2024-09-16 23:07:28,7.0,No,No
TKT-02439,Hardware,Low,Resolved,IT,Neha Gupta,2023-11-24 08:02:42,2023-11-27 18:02:42,82.0,Yes,No
TKT-02440,Network,Medium,Closed,Operations,Amit Sharma,2024-08-08 01:19:27,2024-08-09 10:19:27,33.0,No,No
TKT-02441,Network,Low,Open,Finance,Rohit Verma,2024-09-03 16:55:39,,,,No
TKT-02442,Network,Medium,Resolved,HR,Suresh Kumar,2023-06-08 13:13:33,2023-06-10 19:13:33,54.0,Yes,No
TKT-02443,Hardware,Low,Resolved,Marketing,Vikram Joshi,2023-12-04 07:09:07,2023-12-06 21:09:07,62.0,No,No
TKT-02444,Access/Login,Medium,Closed,HR,Neha Gupta,2023-07-11 17:53:47,2023-07-13 01:53:47,32.0,No,No
TKT-02445,Email,Low,Resolved,Marketing,Anjali Mehta,2024-02-15 06:08:05,2024-02-17 14:08:05,56.0,No,No
TKT-02446,Email,Low,Closed,Sales,Anjali Mehta,2023-01-21 00:22:03,2023-01-21 17:22:03,17.0,No,Yes
TKT-02447,Email,Low,Resolved,Finance,Amit Sharma,2023-11-09 11:07:25,2023-11-12 08:07:25,69.0,No,No
TKT-02448,Hardware,Critical,Open,Sales,Rohit Verma,2023-08-17 07:34:57,,,,No
TKT-02449,Software,High,Resolved,Marketing,Priya Singh,2023-04-13 09:11:26,2023-04-14 05:11:26,20.0,No,No
TKT-02450,Software,Medium,Open,Marketing,Rohit Verma,2024-07-04 14:16:25,,,,No
TKT-02451,Email,Low,Resolved,HR,Suresh Kumar,2024-10-09 12:33:08,2024-10-09 22:33:08,10.0,No,No
TKT-02452,Email,Medium,Open,IT,Rohit Verma,2024-12-25 03:58:42,,,,No
TKT-02453,Hardware,Medium,Resolved,Finance,Vikram Joshi,2024-02-28 01:41:53,2024-03-01 02:41:53,49.0,Yes,No
TKT-02454,Hardware,Low,In Progress,IT,Neha Gupta,2023-06-27 22:51:35,,,,No
TKT-02455,Printer,Medium,Closed,Legal,Amit Sharma,2024-02-04 17:18:55,2024-02-06 02:18:55,33.0,No,Yes
TKT-02456,Printer,Medium,In Progress,HR,Amit Sharma,2024-06-22 03:11:32,,,,Yes
TKT-02457,Email,Low,Closed,Legal,Anjali Mehta,2024-05-17 14:50:10,2024-05-21 08:50:10,90.0,Yes,No
TKT-02458,Hardware,Medium,Closed,Marketing,Amit Sharma,2024-12-27 16:51:57,2024-12-29 23:51:57,55.0,Yes,No
TKT-02459,Network,Medium,Closed,Legal,Suresh Kumar,2024-07-08 23:17:08,2024-07-10 21:17:08,46.0,No,No
TKT-02460,Access/Login,Critical,Resolved,Operations,Suresh Kumar,2024-09-01 05:41:42,2024-09-01 07:41:42,2.0,No,Yes
TKT-02461,Software,Medium,Resolved,HR,Vikram Joshi,2024-04-29 08:41:15,2024-04-30 13:41:15,29.0,No,No
TKT-02462,Printer,Low,Resolved,IT,Amit Sharma,2023-03-10 23:06:44,2023-03-12 04:06:44,29.0,No,No
TKT-02463,Hardware,Medium,Closed,Finance,Priya Singh,2023-11-20 04:12:33,2023-11-22 09:12:33,53.0,Yes,No
TKT-02464,Software,Low,Closed,Operations,Anjali Mehta,2023-02-21 00:38:43,2023-02-24 13:38:43,85.0,Yes,No
TKT-02465,Email,Critical,In Progress,IT,Vikram Joshi,2024-12-09 21:16:34,,,,No
TKT-02466,Software,High,Open,Marketing,Priya Singh,2023-08-14 01:01:47,,,,No
TKT-02467,Email,Medium,In Progress,Legal,Priya Singh,2024-02-28 11:46:26,,,,No
TKT-02468,Software,Medium,Closed,Marketing,Vikram Joshi,2024-02-24 02:23:50,2024-02-24 23:23:50,21.0,No,Yes
TKT-02469,Hardware,Low,Closed,Legal,Suresh Kumar,2024-06-25 09:05:36,2024-06-28 20:05:36,83.0,Yes,No
TKT-02470,Email,Medium,Resolved,HR,Amit Sharma,2023-10-30 21:41:14,2023-10-31 03:41:14,6.0,No,No
TKT-02471,Email,Medium,In Progress,Marketing,Suresh Kumar,2024-09-15 05:55:01,,,,Yes
TKT-02472,Email,Critical,Open,Sales,Suresh Kumar,2023-03-02 21:23:31,,,,No
TKT-02473,Access/Login,Critical,Open,Operations,Suresh Kumar,2024-03-25 18:50:41,,,,No
TKT-02474,Network,Medium,Resolved,Finance,Amit Sharma,2023-10-17 23:08:50,2023-10-18 20:08:50,21.0,No,No
TKT-02475,Access/Login,Medium,Resolved,HR,Vikram Joshi,2024-01-23 17:22:40,2024-01-26 03:22:40,58.0,Yes,No
TKT-02476,Email,Low,Closed,HR,Vikram Joshi,2024-04-24 02:33:32,2024-04-24 22:33:32,20.0,No,No
TKT-02477,Printer,High,Resolved,Finance,Suresh Kumar,2024-06-01 03:20:21,2024-06-02 09:20:21,30.0,Yes,Yes
TKT-02478,Software,Medium,Closed,Operations,Anjali Mehta,2024-01-08 00:14:01,2024-01-09 23:14:01,47.0,No,No
TKT-02479,Network,Low,Resolved,Marketing,Amit Sharma,2023-09-17 19:07:05,2023-09-19 14:07:05,43.0,No,Yes
TKT-02480,Access/Login,Low,Resolved,IT,Suresh Kumar,2024-10-22 04:52:31,2024-10-23 21:52:31,41.0,No,No
TKT-02481,Printer,High,Closed,Operations,Priya Singh,2023-02-20 00:56:50,2023-02-20 14:56:50,14.0,No,No
TKT-02482,Hardware,High,Resolved,Legal,Vikram Joshi,2024-11-27 19:29:38,2024-11-28 06:29:38,11.0,No,No
TKT-02483,Email,Critical,Closed,Sales,Vikram Joshi,2023-09-15 20:56:28,2023-09-16 05:56:28,9.0,Yes,No
TKT-02484,Software,High,In Progress,IT,Amit Sharma,2024-01-28 05:13:44,,,,Yes
TKT-02485,Software,Low,Resolved,Operations,Rohit Verma,2024-10-13 09:17:35,2024-10-14 08:17:35,23.0,No,Yes
TKT-02486,Network,Medium,Resolved,Marketing,Neha Gupta,2024-08-18 21:21:59,2024-08-20 12:21:59,39.0,No,Yes
TKT-02487,Hardware,Medium,Closed,Legal,Vikram Joshi,2024-02-08 08:29:15,2024-02-09 06:29:15,22.0,No,No
TKT-02488,Email,Medium,Resolved,HR,Neha Gupta,2023-09-24 22:39:01,2023-09-25 19:39:01,21.0,No,Yes
TKT-02489,Software,Critical,Closed,IT,Suresh Kumar,2024-12-25 09:25:34,2024-12-25 10:25:34,1.0,No,No
TKT-02490,Email,High,Resolved,HR,Priya Singh,2024-08-31 18:09:06,2024-09-02 00:09:06,30.0,Yes,Yes
TKT-02491,Network,Medium,In Progress,Marketing,Vikram Joshi,2024-10-14 16:50:22,,,,No
TKT-02492,Printer,Medium,Resolved,IT,Anjali Mehta,2023-11-20 09:12:11,2023-11-20 14:12:11,5.0,No,No
TKT-02493,Software,Low,Resolved,Operations,Suresh Kumar,2023-05-06 00:46:08,2023-05-06 22:46:08,22.0,No,Yes
TKT-02494,Software,Medium,In Progress,Legal,Rohit Verma,2024-02-26 16:58:42,,,,No
TKT-02495,Email,Low,Resolved,HR,Vikram Joshi,2024-04-26 19:44:29,2024-04-28 05:44:29,34.0,No,No
TKT-02496,Hardware,High,Resolved,Legal,Amit Sharma,2024-01-22 19:09:54,2024-01-23 20:09:54,25.0,Yes,No
TKT-02497,Printer,Low,Closed,Marketing,Rohit Verma,2024-07-25 23:21:23,2024-07-29 13:21:23,86.0,Yes,No
TKT-02498,Printer,Low,Closed,Marketing,Amit Sharma,2024-12-19 16:04:41,2024-12-22 05:04:41,61.0,No,No
TKT-02499,Software,Low,Resolved,Sales,Neha Gupta,2024-10-06 00:47:57,2024-10-09 04:47:57,76.0,Yes,Yes
TKT-02500,Network,Medium,In Progress,Marketing,Neha Gupta,2023-08-12 01:31:53,,,,Yes
TKT-02501,Printer,Medium,Open,Finance,Anjali Mehta,2023-11-20 09:47:25,,,,No
TKT-02502,Email,Medium,In Progress,IT,Suresh Kumar,2024-08-02 12:01:00,,,,No
TKT-02503,Network,Medium,Resolved,Sales,Vikram Joshi,2024-02-14 22:55:46,2024-02-15 10:55:46,12.0,No,No
TKT-02504,Software,High,Closed,HR,Vikram Joshi,2024-02-05 21:04:32,2024-02-06 06:04:32,9.0,No,No
TKT-02505,Printer,Low,Resolved,IT,Amit Sharma,2024-07-09 03:00:11,2024-07-11 19:00:11,64.0,No,No
TKT-02506,Software,High,Closed,Legal,Suresh Kumar,2024-01-19 23:51:53,2024-01-20 14:51:53,15.0,No,No
TKT-02507,Software,Medium,Closed,Finance,Amit Sharma,2024-03-04 07:00:10,2024-03-06 01:00:10,42.0,No,No
TKT-02508,Network,Medium,Resolved,HR,Amit Sharma,2023-07-02 23:13:40,2023-07-04 18:13:40,43.0,No,Yes
TKT-02509,Network,High,Resolved,Operations,Rohit Verma,2024-12-18 00:30:59,2024-12-18 11:30:59,11.0,No,No
TKT-02510,Access/Login,Medium,Resolved,Marketing,Vikram Joshi,2023-10-21 14:47:45,2023-10-23 10:47:45,44.0,No,Yes
TKT-02511,Access/Login,Medium,Resolved,IT,Rohit Verma,2023-08-07 22:29:21,2023-08-08 03:29:21,5.0,No,No
TKT-02512,Network,Medium,Resolved,Legal,Neha Gupta,2023-03-16 17:03:26,2023-03-18 08:03:26,39.0,No,No
TKT-02513,Email,Medium,In Progress,Legal,Rohit Verma,2023-01-01 02:45:14,,,,Yes
TKT-02514,Email,Low,Resolved,Legal,Vikram Joshi,2023-07-29 13:11:06,2023-07-31 22:11:06,57.0,No,Yes
TKT-02515,Access/Login,High,Open,Finance,Vikram Joshi,2023-07-24 09:10:27,,,,No
TKT-02516,Hardware,Low,Closed,Operations,Suresh Kumar,2023-09-08 23:51:49,2023-09-11 05:51:49,54.0,No,No
TKT-02517,Printer,Critical,Resolved,Legal,Priya Singh,2024-08-25 06:28:59,2024-08-25 11:28:59,5.0,Yes,Yes
TKT-02518,Software,Critical,Closed,IT,Neha Gupta,2023-09-24 07:23:44,2023-09-24 10:23:44,3.0,No,Yes
TKT-02519,Network,Medium,Resolved,HR,Amit Sharma,2024-09-28 09:33:49,2024-09-29 07:33:49,22.0,No,Yes
TKT-02520,Hardware,Medium,In Progress,Operations,Vikram Joshi,2023-10-09 12:48:22,,,,No
TKT-02521,Printer,Medium,Resolved,Legal,Suresh Kumar,2023-06-22 13:35:58,2023-06-23 00:35:58,11.0,No,No
TKT-02522,Email,Critical,Resolved,IT,Suresh Kumar,2024-09-17 15:46:23,2024-09-17 17:46:23,2.0,No,No
TKT-02523,Software,Medium,Open,Sales,Neha Gupta,2023-04-09 00:15:34,,,,Yes
TKT-02524,Software,Critical,Resolved,Sales,Vikram Joshi,2024-10-30 08:50:48,2024-10-30 15:50:48,7.0,Yes,No
TKT-02525,Hardware,Low,Resolved,Finance,Amit Sharma,2023-07-06 06:27:51,2023-07-07 18:27:51,36.0,No,No
TKT-02526,Printer,High,Resolved,Finance,Neha Gupta,2024-01-14 03:12:27,2024-01-14 23:12:27,20.0,No,Yes
TKT-02527,Email,Low,Closed,Legal,Anjali Mehta,2023-12-24 01:12:54,2023-12-25 08:12:54,31.0,No,Yes
TKT-02528,Software,Medium,Resolved,Operations,Anjali Mehta,2023-11-10 08:48:35,2023-11-11 21:48:35,37.0,No,No
TKT-02529,Network,High,In Progress,Sales,Amit Sharma,2024-03-04 17:05:37,,,,No
TKT-02530,Network,Medium,Resolved,IT,Rohit Verma,2024-01-09 08:13:31,2024-01-11 20:13:31,60.0,Yes,No
TKT-02531,Hardware,Low,Resolved,Marketing,Neha Gupta,2023-08-07 02:03:10,2023-08-09 00:03:10,46.0,No,No
TKT-02532,Printer,High,Resolved,Operations,Anjali Mehta,2023-05-05 18:48:21,2023-05-06 10:48:21,16.0,No,No
TKT-02533,Software,Low,Resolved,Marketing,Anjali Mehta,2023-12-19 01:16:52,2023-12-20 08:16:52,31.0,No,No
TKT-02534,Software,High,Closed,IT,Anjali Mehta,2023-01-08 16:27:46,2023-01-08 20:27:46,4.0,No,Yes
TKT-02535,Network,High,Closed,HR,Vikram Joshi,2023-07-20 13:22:42,2023-07-21 16:22:42,27.0,Yes,No
TKT-02536,Software,High,Resolved,Marketing,Anjali Mehta,2023-04-28 14:26:18,2023-04-29 04:26:18,14.0,No,No
TKT-02537,Software,Medium,Closed,Legal,Priya Singh,2024-09-01 21:07:23,2024-09-03 17:07:23,44.0,No,Yes
TKT-02538,Network,High,Open,HR,Amit Sharma,2023-12-24 00:00:24,,,,Yes
TKT-02539,Access/Login,Medium,Resolved,HR,Vikram Joshi,2023-07-07 02:52:31,2023-07-08 05:52:31,27.0,No,No
TKT-02540,Network,Low,Closed,Sales,Rohit Verma,2023-07-19 15:50:31,2023-07-21 10:50:31,43.0,No,No
TKT-02541,Software,High,Open,Marketing,Amit Sharma,2023-02-06 10:36:25,,,,No
TKT-02542,Access/Login,High,Closed,HR,Anjali Mehta,2024-06-27 21:09:15,2024-06-28 19:09:15,22.0,No,No
TKT-02543,Hardware,Low,Resolved,Operations,Suresh Kumar,2023-11-12 22:07:45,2023-11-14 16:07:45,42.0,No,Yes
TKT-02544,Email,Medium,Resolved,Operations,Suresh Kumar,2024-12-08 07:43:14,2024-12-10 13:43:14,54.0,Yes,Yes
TKT-02545,Hardware,Medium,In Progress,IT,Suresh Kumar,2023-05-13 11:07:43,,,,Yes
TKT-02546,Network,High,Closed,Sales,Neha Gupta,2024-04-27 10:43:45,2024-04-28 13:43:45,27.0,Yes,Yes
TKT-02547,Printer,Critical,Closed,IT,Anjali Mehta,2023-05-04 17:49:12,2023-05-04 20:49:12,3.0,No,No
TKT-02548,Software,High,Closed,Operations,Neha Gupta,2024-09-29 23:38:34,2024-09-30 08:38:34,9.0,No,Yes
TKT-02549,Email,High,Resolved,HR,Anjali Mehta,2024-12-23 14:15:32,2024-12-23 16:15:32,2.0,No,No
TKT-02550,Software,Critical,Closed,Finance,Suresh Kumar,2023-09-08 19:59:47,2023-09-09 05:59:47,10.0,Yes,No
TKT-02551,Email,Critical,Resolved,HR,Amit Sharma,2023-10-23 14:45:09,2023-10-23 18:45:09,4.0,No,No
TKT-02552,Software,High,Resolved,Marketing,Suresh Kumar,2024-08-19 07:20:47,2024-08-19 22:20:47,15.0,No,No
TKT-02553,Hardware,Low,Resolved,Legal,Anjali Mehta,2024-07-13 22:49:26,2024-07-17 12:49:26,86.0,Yes,Yes
TKT-02554,Printer,Medium,Resolved,HR,Suresh Kumar,2024-06-02 00:38:08,2024-06-04 09:38:08,57.0,Yes,Yes
TKT-02555,Network,Medium,Resolved,HR,Anjali Mehta,2023-10-22 00:43:13,2023-10-23 16:43:13,40.0,No,Yes
TKT-02556,Printer,Low,In Progress,Operations,Suresh Kumar,2023-05-02 14:21:25,,,,No
TKT-02557,Access/Login,High,Closed,Operations,Anjali Mehta,2023-11-16 18:47:47,2023-11-17 06:47:47,12.0,No,No
TKT-02558,Access/Login,High,Closed,Legal,Anjali Mehta,2024-03-23 05:21:35,2024-03-23 07:21:35,2.0,No,Yes
TKT-02559,Printer,High,Resolved,Legal,Vikram Joshi,2024-09-13 00:00:37,2024-09-13 02:00:37,2.0,No,No
TKT-02560,Network,Critical,In Progress,Operations,Neha Gupta,2024-01-22 21:42:54,,,,No
TKT-02561,Hardware,Critical,Resolved,IT,Anjali Mehta,2023-06-19 15:28:26,2023-06-19 17:28:26,2.0,No,No
TKT-02562,Hardware,Low,Closed,Sales,Rohit Verma,2024-08-01 19:50:24,2024-08-02 16:50:24,21.0,No,No
TKT-02563,Network,Low,Resolved,Sales,Amit Sharma,2023-05-10 09:43:06,2023-05-12 22:43:06,61.0,No,No
TKT-02564,Network,High,Resolved,Operations,Suresh Kumar,2023-07-15 19:58:35,2023-07-16 21:58:35,26.0,Yes,Yes
TKT-02565,Software,Medium,Closed,Sales,Suresh Kumar,2023-04-30 06:58:10,2023-05-01 11:58:10,29.0,No,Yes
TKT-02566,Email,Medium,Resolved,Operations,Neha Gupta,2023-10-31 01:28:27,2023-11-01 15:28:27,38.0,No,No
TKT-02567,Access/Login,Medium,Closed,Marketing,Suresh Kumar,2024-09-28 07:39:52,2024-09-29 18:39:52,35.0,No,Yes
TKT-02568,Email,Low,Resolved,Legal,Suresh Kumar,2023-09-28 17:25:33,2023-10-01 09:25:33,64.0,No,No
TKT-02569,Hardware,Medium,Open,HR,Anjali Mehta,2024-04-13 19:37:00,,,,Yes
TKT-02570,Hardware,Low,Open,Legal,Rohit Verma,2023-06-10 14:53:52,,,,Yes
TKT-02571,Email,Medium,Open,IT,Amit Sharma,2023-02-02 09:26:03,,,,No
TKT-02572,Email,Medium,Resolved,HR,Vikram Joshi,2023-10-14 05:58:56,2023-10-15 09:58:56,28.0,No,Yes
TKT-02573,Network,Critical,Resolved,IT,Neha Gupta,2023-03-23 17:47:48,2023-03-23 20:47:48,3.0,No,No
TKT-02574,Access/Login,Low,Closed,Legal,Amit Sharma,2023-07-06 11:40:30,2023-07-07 09:40:30,22.0,No,No
TKT-02575,Software,Low,Closed,Operations,Neha Gupta,2023-12-08 13:40:53,2023-12-09 16:40:53,27.0,No,No
TKT-02576,Software,Low,In Progress,Sales,Suresh Kumar,2023-09-03 01:46:56,,,,Yes
TKT-02577,Printer,High,In Progress,Sales,Anjali Mehta,2024-11-04 02:12:38,,,,No
TKT-02578,Email,Medium,Resolved,IT,Vikram Joshi,2024-04-02 15:11:08,2024-04-03 16:11:08,25.0,No,No
TKT-02579,Software,Low,Closed,Finance,Vikram Joshi,2023-01-21 02:51:51,2023-01-23 10:51:51,56.0,No,Yes
TKT-02580,Printer,Medium,In Progress,HR,Amit Sharma,2024-09-14 18:34:42,,,,Yes
TKT-02581,Access/Login,Low,Resolved,Finance,Priya Singh,2023-12-21 00:16:05,2023-12-22 03:16:05,27.0,No,No
TKT-02582,Software,Medium,In Progress,Operations,Rohit Verma,2024-04-30 05:18:35,,,,No
TKT-02583,Access/Login,Medium,In Progress,Legal,Suresh Kumar,2023-11-21 21:17:17,,,,No
TKT-02584,Printer,Medium,Resolved,IT,Amit Sharma,2023-08-07 23:35:22,2023-08-09 14:35:22,39.0,No,No
TKT-02585,Hardware,Medium,Resolved,Sales,Suresh Kumar,2024-05-07 23:58:56,2024-05-08 09:58:56,10.0,No,No
TKT-02586,Network,Critical,Closed,Legal,Neha Gupta,2023-08-14 16:44:28,2023-08-14 18:44:28,2.0,No,No
TKT-02587,Network,Low,Resolved,HR,Anjali Mehta,2024-11-08 22:02:42,2024-11-11 06:02:42,56.0,No,No
TKT-02588,Hardware,High,Resolved,HR,Amit Sharma,2024-12-14 08:31:19,2024-12-15 11:31:19,27.0,Yes,Yes
TKT-02589,Email,Medium,Resolved,IT,Rohit Verma,2024-04-28 05:39:54,2024-04-29 18:39:54,37.0,No,Yes
TKT-02590,Email,High,Closed,Finance,Vikram Joshi,2024-05-06 10:37:17,2024-05-07 06:37:17,20.0,No,No
TKT-02591,Access/Login,Medium,Closed,Finance,Vikram Joshi,2023-01-18 20:58:01,2023-01-19 23:58:01,27.0,No,No
TKT-02592,Network,Low,Resolved,HR,Neha Gupta,2023-12-31 02:13:13,2023-12-31 23:13:13,21.0,No,Yes
TKT-02593,Software,Critical,Resolved,Sales,Vikram Joshi,2024-04-15 16:45:51,2024-04-15 18:45:51,2.0,No,No
TKT-02594,Hardware,Low,Resolved,Sales,Vikram Joshi,2023-08-18 06:04:53,2023-08-21 15:04:53,81.0,Yes,No
TKT-02595,Software,Medium,Resolved,Sales,Priya Singh,2023-08-03 06:44:29,2023-08-04 15:44:29,33.0,No,No
TKT-02596,Software,Medium,In Progress,IT,Suresh Kumar,2024-11-28 19:13:06,,,,No
TKT-02597,Email,Medium,Closed,IT,Priya Singh,2023-11-01 04:50:31,2023-11-02 20:50:31,40.0,No,No
TKT-02598,Network,Critical,Closed,Operations,Rohit Verma,2024-06-24 17:34:58,2024-06-24 21:34:58,4.0,No,No
TKT-02599,Access/Login,Critical,Closed,Marketing,Vikram Joshi,2023-05-29 05:18:33,2023-05-29 14:18:33,9.0,Yes,No
TKT-02600,Hardware,Medium,Resolved,Legal,Neha Gupta,2024-03-16 14:44:48,2024-03-18 16:44:48,50.0,Yes,Yes
TKT-02601,Network,Medium,Resolved,HR,Rohit Verma,2023-03-06 20:23:57,2023-03-07 11:23:57,15.0,No,No
TKT-02602,Software,High,Resolved,HR,Suresh Kumar,2024-03-13 23:00:28,2024-03-14 11:00:28,12.0,No,No
TKT-02603,Hardware,Medium,Closed,Marketing,Amit Sharma,2023-03-07 01:02:13,2023-03-07 12:02:13,11.0,No,No
TKT-02604,Hardware,Critical,In Progress,IT,Vikram Joshi,2024-06-04 05:29:47,,,,No
TKT-02605,Printer,Low,Resolved,Sales,Anjali Mehta,2023-03-11 12:47:50,2023-03-14 06:47:50,66.0,No,Yes
TKT-02606,Printer,High,Resolved,HR,Neha Gupta,2024-04-12 03:05:21,2024-04-12 12:05:21,9.0,No,No
TKT-02607,Network,Medium,Resolved,Finance,Amit Sharma,2024-04-09 09:06:33,2024-04-11 08:06:33,47.0,No,No
TKT-02608,Access/Login,Critical,Closed,Operations,Rohit Verma,2023-02-18 17:49:39,2023-02-19 00:49:39,7.0,Yes,Yes
TKT-02609,Printer,Critical,Resolved,HR,Rohit Verma,2023-02-27 22:51:24,2023-02-28 01:51:24,3.0,No,No
TKT-02610,Network,Critical,Closed,Marketing,Suresh Kumar,2024-11-18 23:48:40,2024-11-19 09:48:40,10.0,Yes,No
TKT-02611,Network,Low,Resolved,Legal,Neha Gupta,2024-11-18 08:43:56,2024-11-19 06:43:56,22.0,No,No
TKT-02612,Software,Medium,Closed,Sales,Anjali Mehta,2023-08-28 10:47:45,2023-08-30 10:47:45,48.0,No,No
TKT-02613,Software,Medium,Open,HR,Amit Sharma,2024-07-25 11:51:35,,,,No
TKT-02614,Software,Critical,Closed,HR,Priya Singh,2024-04-04 04:52:19,2024-04-04 09:52:19,5.0,Yes,No
TKT-02615,Network,Low,Resolved,Finance,Neha Gupta,2024-02-07 01:33:14,2024-02-07 16:33:14,15.0,No,No
TKT-02616,Hardware,Low,Resolved,Operations,Amit Sharma,2023-07-24 13:10:13,2023-07-26 03:10:13,38.0,No,No
TKT-02617,Email,High,In Progress,Sales,Rohit Verma,2023-01-11 09:36:28,,,,No
TKT-02618,Network,Low,Resolved,HR,Amit Sharma,2024-08-14 09:45:04,2024-08-15 02:45:04,17.0,No,No
TKT-02619,Email,Low,Resolved,Operations,Neha Gupta,2024-08-29 04:39:40,2024-09-01 12:39:40,80.0,Yes,No
TKT-02620,Access/Login,High,Resolved,HR,Vikram Joshi,2023-07-09 06:39:06,2023-07-10 00:39:06,18.0,No,Yes
TKT-02621,Printer,Medium,Closed,Finance,Anjali Mehta,2023-01-24 22:42:54,2023-01-26 15:42:54,41.0,No,No
TKT-02622,Network,Medium,In Progress,Sales,Vikram Joshi,2023-01-06 11:35:00,,,,No
TKT-02623,Access/Login,Medium,Closed,Legal,Priya Singh,2024-05-17 20:34:17,2024-05-18 21:34:17,25.0,No,No
TKT-02624,Software,Medium,Open,HR,Neha Gupta,2023-04-25 05:45:21,,,,No
TKT-02625,Software,High,Resolved,HR,Neha Gupta,2024-08-12 09:00:52,2024-08-12 16:00:52,7.0,No,No
TKT-02626,Hardware,Medium,Closed,Operations,Anjali Mehta,2024-05-12 12:45:53,2024-05-13 07:45:53,19.0,No,Yes
TKT-02627,Network,Medium,Resolved,HR,Anjali Mehta,2023-04-04 05:08:48,2023-04-05 22:08:48,41.0,No,No
TKT-02628,Printer,Low,Resolved,Marketing,Vikram Joshi,2023-03-15 19:27:26,2023-03-19 02:27:26,79.0,Yes,No
TKT-02629,Network,Low,Resolved,HR,Amit Sharma,2023-01-18 11:30:22,2023-01-20 22:30:22,59.0,No,No
TKT-02630,Software,Medium,Resolved,Marketing,Rohit Verma,2023-09-04 23:01:21,2023-09-06 01:01:21,26.0,No,No
TKT-02631,Email,High,Closed,Sales,Vikram Joshi,2023-06-24 17:08:38,2023-06-25 00:08:38,7.0,No,Yes
TKT-02632,Software,Medium,Closed,IT,Rohit Verma,2024-11-25 20:13:38,2024-11-27 02:13:38,30.0,No,No
TKT-02633,Software,Medium,Open,Finance,Vikram Joshi,2023-08-01 02:17:44,,,,No
TKT-02634,Network,Medium,Resolved,Sales,Neha Gupta,2024-12-22 09:16:45,2024-12-22 15:16:45,6.0,No,Yes
TKT-02635,Software,Low,Resolved,HR,Vikram Joshi,2024-12-07 06:20:27,2024-12-09 12:20:27,54.0,No,Yes
TKT-02636,Printer,High,Resolved,Finance,Neha Gupta,2023-11-16 04:44:50,2023-11-17 02:44:50,22.0,No,No
TKT-02637,Printer,Medium,Resolved,Operations,Vikram Joshi,2023-06-11 17:53:36,2023-06-13 07:53:36,38.0,No,Yes
TKT-02638,Printer,Low,Resolved,HR,Neha Gupta,2023-05-12 06:50:19,2023-05-13 05:50:19,23.0,No,No
TKT-02639,Access/Login,Low,Resolved,Operations,Suresh Kumar,2024-11-22 23:34:14,2024-11-23 19:34:14,20.0,No,No
TKT-02640,Email,High,Closed,IT,Priya Singh,2023-03-15 03:12:56,2023-03-15 22:12:56,19.0,No,No
TKT-02641,Hardware,High,Closed,Legal,Rohit Verma,2023-11-25 13:47:15,2023-11-26 08:47:15,19.0,No,Yes
TKT-02642,Software,Low,In Progress,Operations,Priya Singh,2024-07-05 05:18:45,,,,No
TKT-02643,Email,Low,In Progress,Sales,Vikram Joshi,2023-05-24 03:47:18,,,,No
TKT-02644,Software,Low,Closed,Finance,Amit Sharma,2023-08-12 13:02:33,2023-08-13 05:02:33,16.0,No,Yes
TKT-02645,Email,Low,Resolved,Legal,Priya Singh,2023-03-02 03:03:47,2023-03-03 06:03:47,27.0,No,No
TKT-02646,Network,Low,Resolved,Sales,Anjali Mehta,2023-10-28 16:32:24,2023-10-30 05:32:24,37.0,No,Yes
TKT-02647,Printer,Low,Resolved,Sales,Suresh Kumar,2024-08-15 22:43:31,2024-08-19 13:43:31,87.0,Yes,No
TKT-02648,Printer,Low,Closed,HR,Priya Singh,2023-02-18 16:17:50,2023-02-19 06:17:50,14.0,No,Yes
TKT-02649,Network,Critical,Closed,Finance,Vikram Joshi,2023-09-29 04:55:13,2023-09-29 12:55:13,8.0,Yes,No
TKT-02650,Access/Login,Medium,In Progress,Marketing,Amit Sharma,2023-12-09 21:29:34,,,,Yes
TKT-02651,Hardware,High,Closed,Operations,Amit Sharma,2023-10-30 01:44:53,2023-10-31 07:44:53,30.0,Yes,No
TKT-02652,Access/Login,Low,Resolved,Marketing,Vikram Joshi,2024-06-10 15:31:20,2024-06-11 08:31:20,17.0,No,No
TKT-02653,Software,Critical,Resolved,IT,Rohit Verma,2023-01-10 23:06:37,2023-01-11 09:06:37,10.0,Yes,No
TKT-02654,Email,Low,Closed,Marketing,Amit Sharma,2024-06-20 11:22:12,2024-06-21 17:22:12,30.0,No,No
TKT-02655,Printer,High,Closed,Marketing,Amit Sharma,2024-01-20 03:08:22,2024-01-20 17:08:22,14.0,No,Yes
TKT-02656,Hardware,High,Resolved,Marketing,Suresh Kumar,2023-10-19 20:12:14,2023-10-20 23:12:14,27.0,Yes,No
TKT-02657,Network,Low,In Progress,Operations,Vikram Joshi,2023-09-30 01:14:10,,,,Yes
TKT-02658,Access/Login,Low,Closed,Legal,Vikram Joshi,2024-12-21 10:51:03,2024-12-22 21:51:03,35.0,No,Yes
TKT-02659,Hardware,Medium,Resolved,Operations,Rohit Verma,2024-11-25 00:06:35,2024-11-27 10:06:35,58.0,Yes,No
TKT-02660,Hardware,Medium,Closed,Finance,Amit Sharma,2024-03-17 15:34:04,2024-03-19 04:34:04,37.0,No,Yes
TKT-02661,Network,Medium,Resolved,Sales,Vikram Joshi,2023-02-18 11:51:22,2023-02-19 11:51:22,24.0,No,Yes
TKT-02662,Access/Login,Critical,Resolved,Finance,Anjali Mehta,2023-07-26 21:23:21,2023-07-27 01:23:21,4.0,No,No
TKT-02663,Printer,Low,Resolved,HR,Rohit Verma,2023-11-05 18:15:18,2023-11-09 09:15:18,87.0,Yes,Yes
TKT-02664,Software,Low,Resolved,Finance,Neha Gupta,2023-11-29 03:23:01,2023-11-30 04:23:01,25.0,No,No
TKT-02665,Network,Low,Resolved,Finance,Vikram Joshi,2023-09-22 00:14:30,2023-09-24 05:14:30,53.0,No,No
TKT-02666,Network,Medium,Resolved,Operations,Vikram Joshi,2023-11-06 23:10:12,2023-11-08 20:10:12,45.0,No,No
TKT-02667,Email,High,In Progress,Operations,Anjali Mehta,2023-07-08 09:23:23,,,,Yes
TKT-02668,Access/Login,Low,Resolved,Sales,Vikram Joshi,2023-07-11 01:42:38,2023-07-11 21:42:38,20.0,No,No
TKT-02669,Printer,Medium,Resolved,Operations,Rohit Verma,2024-10-17 16:49:38,2024-10-18 05:49:38,13.0,No,No
TKT-02670,Access/Login,Critical,Resolved,Sales,Anjali Mehta,2023-02-06 18:14:06,2023-02-06 22:14:06,4.0,No,No
TKT-02671,Software,Low,In Progress,Legal,Amit Sharma,2023-07-16 21:08:39,,,,Yes
TKT-02672,Printer,Medium,Resolved,Sales,Anjali Mehta,2024-02-18 14:50:01,2024-02-19 18:50:01,28.0,No,Yes
TKT-02673,Printer,Medium,Closed,Marketing,Rohit Verma,2023-12-14 14:52:09,2023-12-15 16:52:09,26.0,No,No
TKT-02674,Access/Login,Medium,Open,Legal,Rohit Verma,2023-11-03 22:19:18,,,,No
TKT-02675,Access/Login,Medium,Resolved,Legal,Rohit Verma,2023-06-20 05:35:12,2023-06-21 10:35:12,29.0,No,No
TKT-02676,Email,Medium,Open,IT,Priya Singh,2023-08-18 19:32:59,,,,No
TKT-02677,Network,Low,Resolved,Marketing,Amit Sharma,2023-06-30 19:00:50,2023-07-04 06:00:50,83.0,Yes,No
TKT-02678,Network,Medium,Open,Finance,Vikram Joshi,2024-04-07 05:14:12,,,,Yes
TKT-02679,Network,Medium,Resolved,Legal,Neha Gupta,2024-03-03 20:52:23,2024-03-04 08:52:23,12.0,No,Yes
TKT-02680,Hardware,Medium,In Progress,Finance,Priya Singh,2024-09-13 20:19:17,,,,No
TKT-02681,Hardware,Low,Resolved,Legal,Rohit Verma,2024-09-09 19:26:31,2024-09-10 11:26:31,16.0,No,No
TKT-02682,Email,Low,Closed,Finance,Neha Gupta,2023-06-07 00:27:37,2023-06-08 00:27:37,24.0,No,No
TKT-02683,Network,Low,Open,IT,Suresh Kumar,2023-04-10 11:09:01,,,,No
TKT-02684,Software,Low,In Progress,HR,Amit Sharma,2023-11-15 09:43:13,,,,No
TKT-02685,Access/Login,Critical,Open,Finance,Priya Singh,2023-02-18 09:01:45,,,,Yes
TKT-02686,Access/Login,Low,In Progress,Sales,Rohit Verma,2024-03-09 14:27:47,,,,Yes
TKT-02687,Printer,High,Resolved,Operations,Vikram Joshi,2024-05-21 00:36:41,2024-05-21 10:36:41,10.0,No,No
TKT-02688,Hardware,Low,Resolved,Finance,Vikram Joshi,2023-07-18 11:50:26,2023-07-19 00:50:26,13.0,No,No
TKT-02689,Network,High,Open,Finance,Neha Gupta,2024-09-06 00:51:46,,,,No
TKT-02690,Access/Login,Medium,Resolved,Finance,Priya Singh,2024-02-23 09:41:25,2024-02-23 14:41:25,5.0,No,No
TKT-02691,Hardware,Medium,Resolved,Legal,Anjali Mehta,2023-01-10 21:24:05,2023-01-13 06:24:05,57.0,Yes,No
TKT-02692,Email,Low,In Progress,Sales,Rohit Verma,2023-08-31 19:13:09,,,,No
TKT-02693,Hardware,Critical,Resolved,Marketing,Priya Singh,2023-05-10 05:49:51,2023-05-10 08:49:51,3.0,No,No
TKT-02694,Network,Medium,Open,Finance,Amit Sharma,2024-06-20 05:38:34,,,,No
TKT-02695,Software,Critical,Closed,HR,Vikram Joshi,2023-02-11 13:35:42,2023-02-11 22:35:42,9.0,Yes,Yes
TKT-02696,Printer,Medium,Resolved,Finance,Amit Sharma,2023-01-26 07:52:35,2023-01-26 19:52:35,12.0,No,No
TKT-02697,Email,Medium,Closed,Operations,Vikram Joshi,2023-09-28 06:21:24,2023-09-28 22:21:24,16.0,No,No
TKT-02698,Email,Medium,Closed,Marketing,Vikram Joshi,2023-07-04 01:21:54,2023-07-06 08:21:54,55.0,Yes,No
TKT-02699,Software,High,In Progress,Sales,Vikram Joshi,2023-07-18 05:14:10,,,,No
TKT-02700,Software,Medium,Closed,IT,Priya Singh,2023-02-17 16:44:59,2023-02-18 09:44:59,17.0,No,No
TKT-02701,Email,Medium,Resolved,Sales,Vikram Joshi,2024-07-29 04:01:03,2024-07-31 05:01:03,49.0,Yes,No
TKT-02702,Network,Low,Resolved,IT,Amit Sharma,2024-04-18 01:04:51,2024-04-21 03:04:51,74.0,Yes,No
TKT-02703,Access/Login,Low,Resolved,IT,Amit Sharma,2024-05-13 04:03:38,2024-05-16 07:03:38,75.0,Yes,No
TKT-02704,Access/Login,High,Resolved,Operations,Vikram Joshi,2023-06-04 18:44:34,2023-06-05 23:44:34,29.0,Yes,Yes
TKT-02705,Access/Login,Low,Resolved,HR,Priya Singh,2024-09-09 22:24:50,2024-09-12 10:24:50,60.0,No,No
TKT-02706,Software,High,Closed,Operations,Anjali Mehta,2023-10-04 12:22:23,2023-10-04 16:22:23,4.0,No,No
TKT-02707,Printer,High,Closed,Marketing,Vikram Joshi,2023-05-04 06:30:11,2023-05-05 11:30:11,29.0,Yes,No
TKT-02708,Access/Login,Medium,Resolved,Legal,Rohit Verma,2024-02-12 23:03:16,2024-02-13 13:03:16,14.0,No,No
TKT-02709,Printer,Critical,Resolved,Finance,Anjali Mehta,2024-10-30 06:52:00,2024-10-30 08:52:00,2.0,No,No
TKT-02710,Email,Low,In Progress,Sales,Suresh Kumar,2024-08-17 19:35:24,,,,Yes
TKT-02711,Software,High,Resolved,HR,Neha Gupta,2023-02-17 02:19:16,2023-02-18 08:19:16,30.0,Yes,No
TKT-02712,Network,Low,Closed,IT,Priya Singh,2023-05-10 18:52:27,2023-05-13 17:52:27,71.0,No,No
TKT-02713,Hardware,High,Resolved,HR,Rohit Verma,2023-04-16 15:22:37,2023-04-17 18:22:37,27.0,Yes,Yes
TKT-02714,Network,Low,Resolved,IT,Anjali Mehta,2023-12-22 21:06:20,2023-12-24 23:06:20,50.0,No,No
TKT-02715,Network,High,Closed,Sales,Priya Singh,2023-06-03 06:15:42,2023-06-03 10:15:42,4.0,No,Yes
TKT-02716,Access/Login,Low,Closed,Operations,Vikram Joshi,2024-06-02 04:14:04,2024-06-04 02:14:04,46.0,No,Yes
TKT-02717,Email,High,Resolved,Sales,Neha Gupta,2024-07-28 14:01:54,2024-07-29 15:01:54,25.0,Yes,Yes
TKT-02718,Access/Login,Low,Resolved,Operations,Amit Sharma,2023-04-09 18:15:30,2023-04-11 02:15:30,32.0,No,Yes
TKT-02719,Network,Low,In Progress,Sales,Amit Sharma,2023-02-05 10:46:00,,,,Yes
TKT-02720,Network,Medium,Resolved,Marketing,Amit Sharma,2024-06-20 22:07:11,2024-06-23 01:07:11,51.0,Yes,No
TKT-02721,Software,Medium,Resolved,IT,Rohit Verma,2023-02-09 18:12:38,2023-02-10 02:12:38,8.0,No,No
TKT-02722,Software,Low,Resolved,Finance,Anjali Mehta,2023-09-21 15:35:37,2023-09-22 02:35:37,11.0,No,No
TKT-02723,Hardware,Low,Closed,Finance,Rohit Verma,2024-01-14 07:58:24,2024-01-15 02:58:24,19.0,No,Yes
TKT-02724,Printer,Medium,In Progress,IT,Neha Gupta,2023-07-26 17:27:26,,,,No
TKT-02725,Access/Login,Low,In Progress,IT,Priya Singh,2024-11-08 03:44:03,,,,No
TKT-02726,Access/Login,Low,Closed,Legal,Priya Singh,2024-02-16 12:07:50,2024-02-17 14:07:50,26.0,No,No
TKT-02727,Printer,High,Resolved,Sales,Anjali Mehta,2023-03-25 11:30:21,2023-03-26 06:30:21,19.0,No,Yes
TKT-02728,Access/Login,Medium,Resolved,Finance,Vikram Joshi,2023-07-21 10:00:58,2023-07-23 07:00:58,45.0,No,No
TKT-02729,Printer,Medium,Resolved,Operations,Amit Sharma,2023-04-02 07:38:57,2023-04-04 13:38:57,54.0,Yes,Yes
TKT-02730,Network,Low,In Progress,Marketing,Anjali Mehta,2024-09-04 07:11:04,,,,No
TKT-02731,Software,Low,Resolved,HR,Suresh Kumar,2024-10-26 17:07:24,2024-10-27 11:07:24,18.0,No,Yes
TKT-02732,Network,Medium,Resolved,Sales,Suresh Kumar,2024-12-12 12:30:15,2024-12-14 20:30:15,56.0,Yes,No
TKT-02733,Hardware,High,Resolved,IT,Suresh Kumar,2023-05-04 02:41:34,2023-05-04 13:41:34,11.0,No,No
TKT-02734,Email,Medium,Resolved,IT,Rohit Verma,2024-08-31 23:12:45,2024-09-02 08:12:45,33.0,No,Yes
TKT-02735,Network,High,Resolved,Legal,Priya Singh,2024-06-02 09:29:55,2024-06-03 00:29:55,15.0,No,Yes
TKT-02736,Network,High,Resolved,IT,Priya Singh,2023-07-10 15:24:48,2023-07-11 15:24:48,24.0,No,No
TKT-02737,Access/Login,Low,Closed,IT,Rohit Verma,2024-12-27 17:28:41,2024-12-31 03:28:41,82.0,Yes,No
TKT-02738,Access/Login,Medium,Resolved,Marketing,Suresh Kumar,2024-11-29 10:27:42,2024-11-29 23:27:42,13.0,No,No
TKT-02739,Software,Medium,Resolved,Sales,Suresh Kumar,2023-02-27 15:37:10,2023-03-01 18:37:10,51.0,Yes,No
TKT-02740,Network,Medium,Resolved,Finance,Neha Gupta,2024-10-03 23:15:15,2024-10-05 23:15:15,48.0,No,No
TKT-02741,Network,Low,Resolved,Sales,Suresh Kumar,2024-08-24 22:02:52,2024-08-26 21:02:52,47.0,No,Yes
TKT-02742,Email,High,Closed,Sales,Rohit Verma,2023-04-08 01:26:35,2023-04-08 16:26:35,15.0,No,Yes
TKT-02743,Network,Critical,Closed,Legal,Rohit Verma,2023-12-04 04:26:37,2023-12-04 09:26:37,5.0,Yes,No
TKT-02744,Hardware,High,Resolved,HR,Neha Gupta,2023-10-29 23:37:05,2023-10-30 19:37:05,20.0,No,Yes
TKT-02745,Email,Low,Closed,Legal,Rohit Verma,2023-07-27 03:37:33,2023-07-29 00:37:33,45.0,No,No
TKT-02746,Software,Medium,Resolved,IT,Rohit Verma,2024-12-26 22:36:40,2024-12-28 12:36:40,38.0,No,No
TKT-02747,Software,Low,Resolved,Sales,Suresh Kumar,2024-06-07 18:55:41,2024-06-10 09:55:41,63.0,No,No
TKT-02748,Printer,Critical,In Progress,Marketing,Vikram Joshi,2023-12-19 01:21:57,,,,No
TKT-02749,Email,High,Resolved,Finance,Priya Singh,2024-08-18 22:09:52,2024-08-20 04:09:52,30.0,Yes,Yes
TKT-02750,Access/Login,Low,Closed,HR,Vikram Joshi,2023-07-20 17:43:01,2023-07-23 16:43:01,71.0,No,No
TKT-02751,Network,Medium,Open,Sales,Priya Singh,2023-03-28 06:39:17,,,,No
TKT-02752,Network,Medium,Open,Finance,Vikram Joshi,2024-11-21 05:10:53,,,,No
TKT-02753,Hardware,Medium,Closed,Legal,Rohit Verma,2024-05-17 05:14:49,2024-05-17 14:14:49,9.0,No,No
TKT-02754,Software,Medium,Open,Finance,Anjali Mehta,2024-06-13 19:04:54,,,,No
TKT-02755,Software,High,Resolved,Legal,Neha Gupta,2024-05-17 13:08:50,2024-05-18 13:08:50,24.0,No,No
TKT-02756,Access/Login,Low,Closed,Marketing,Anjali Mehta,2023-09-11 08:44:15,2023-09-14 06:44:15,70.0,No,No
TKT-02757,Hardware,Critical,Closed,HR,Rohit Verma,2023-03-23 07:11:26,2023-03-23 11:11:26,4.0,No,No
TKT-02758,Network,Medium,Resolved,Finance,Amit Sharma,2024-06-21 06:53:38,2024-06-22 01:53:38,19.0,No,No
TKT-02759,Network,Low,Resolved,Finance,Priya Singh,2023-02-08 02:54:45,2023-02-10 16:54:45,62.0,No,No
TKT-02760,Hardware,High,Resolved,IT,Rohit Verma,2024-11-04 00:17:34,2024-11-04 15:17:34,15.0,No,No
TKT-02761,Printer,Low,Resolved,Marketing,Neha Gupta,2023-04-06 14:58:39,2023-04-10 02:58:39,84.0,Yes,No
TKT-02762,Email,High,Resolved,Legal,Anjali Mehta,2024-04-22 12:20:26,2024-04-23 12:20:26,24.0,No,No
TKT-02763,Email,High,Resolved,Operations,Amit Sharma,2023-03-17 19:09:37,2023-03-18 17:09:37,22.0,No,No
TKT-02764,Printer,Medium,Resolved,Sales,Amit Sharma,2024-08-26 09:37:42,2024-08-27 06:37:42,21.0,No,No
TKT-02765,Network,Low,Resolved,Finance,Priya Singh,2023-08-30 04:46:02,2023-09-02 10:46:02,78.0,Yes,No
TKT-02766,Hardware,Low,Open,Operations,Rohit Verma,2023-12-15 17:33:28,,,,No
TKT-02767,Access/Login,High,Closed,Legal,Vikram Joshi,2023-05-29 02:36:04,2023-05-29 10:36:04,8.0,No,No
TKT-02768,Email,Critical,Closed,Finance,Amit Sharma,2023-08-02 21:53:10,2023-08-03 03:53:10,6.0,Yes,No
TKT-02769,Access/Login,Medium,Resolved,Finance,Amit Sharma,2024-11-25 03:42:02,2024-11-25 09:42:02,6.0,No,No
TKT-02770,Network,Medium,Resolved,Marketing,Anjali Mehta,2024-02-19 18:17:07,2024-02-21 17:17:07,47.0,No,No
TKT-02771,Access/Login,Medium,Open,IT,Vikram Joshi,2024-04-02 16:48:08,,,,No
TKT-02772,Email,Medium,Closed,Sales,Priya Singh,2024-08-26 01:49:16,2024-08-26 17:49:16,16.0,No,No
TKT-02773,Software,Low,In Progress,Finance,Priya Singh,2024-11-16 06:34:19,,,,Yes
TKT-02774,Access/Login,Low,Resolved,Sales,Anjali Mehta,2023-03-08 20:37:56,2023-03-09 22:37:56,26.0,No,No
TKT-02775,Network,Medium,In Progress,Legal,Suresh Kumar,2024-01-09 11:00:56,,,,No
TKT-02776,Software,Medium,Resolved,HR,Rohit Verma,2024-06-18 14:30:30,2024-06-19 23:30:30,33.0,No,No
TKT-02777,Network,Medium,Closed,Marketing,Vikram Joshi,2023-01-26 06:26:33,2023-01-28 16:26:33,58.0,Yes,No
TKT-02778,Network,High,Resolved,Operations,Vikram Joshi,2023-06-28 00:22:38,2023-06-28 07:22:38,7.0,No,No
TKT-02779,Hardware,Medium,Closed,Finance,Suresh Kumar,2023-05-26 08:05:19,2023-05-26 22:05:19,14.0,No,No
TKT-02780,Printer,Low,Closed,HR,Priya Singh,2024-10-18 22:07:27,2024-10-20 03:07:27,29.0,No,No
TKT-02781,Email,High,Resolved,IT,Vikram Joshi,2024-04-05 17:39:22,2024-04-06 17:39:22,24.0,No,No
TKT-02782,Email,High,Resolved,Finance,Neha Gupta,2024-05-03 12:01:42,2024-05-03 20:01:42,8.0,No,No
TKT-02783,Email,High,Resolved,Finance,Amit Sharma,2024-12-27 22:12:06,2024-12-28 02:12:06,4.0,No,No
TKT-02784,Hardware,Medium,In Progress,HR,Priya Singh,2024-12-21 23:09:28,,,,Yes
TKT-02785,Printer,Medium,Closed,HR,Neha Gupta,2023-09-14 19:11:01,2023-09-17 07:11:01,60.0,Yes,No
TKT-02786,Network,Medium,Closed,Finance,Suresh Kumar,2023-03-13 02:32:44,2023-03-14 05:32:44,27.0,No,No
TKT-02787,Email,Medium,Closed,Finance,Suresh Kumar,2024-02-19 04:06:10,2024-02-21 08:06:10,52.0,Yes,No
TKT-02788,Access/Login,Low,Resolved,IT,Neha Gupta,2023-01-27 19:04:19,2023-01-29 13:04:19,42.0,No,No
TKT-02789,Access/Login,Low,Resolved,Legal,Rohit Verma,2024-06-15 01:07:41,2024-06-16 06:07:41,29.0,No,Yes
TKT-02790,Software,Medium,Resolved,Legal,Rohit Verma,2024-06-04 23:08:23,2024-06-06 21:08:23,46.0,No,No
TKT-02791,Software,High,Resolved,Operations,Vikram Joshi,2023-01-07 03:20:06,2023-01-07 14:20:06,11.0,No,Yes
TKT-02792,Network,Medium,In Progress,HR,Rohit Verma,2024-11-25 00:26:48,,,,No
TKT-02793,Email,Medium,In Progress,HR,Rohit Verma,2024-11-04 11:24:57,,,,No
TKT-02794,Hardware,High,Closed,IT,Vikram Joshi,2024-08-20 17:20:44,2024-08-21 06:20:44,13.0,No,No
TKT-02795,Email,High,Resolved,Legal,Anjali Mehta,2023-10-03 21:50:55,2023-10-04 07:50:55,10.0,No,No
TKT-02796,Printer,Critical,Resolved,Marketing,Anjali Mehta,2024-11-15 06:33:39,2024-11-15 16:33:39,10.0,Yes,No
TKT-02797,Printer,Medium,Resolved,Finance,Neha Gupta,2024-10-08 16:04:02,2024-10-10 03:04:02,35.0,No,No
TKT-02798,Software,Critical,Closed,HR,Neha Gupta,2024-08-05 17:01:48,2024-08-06 02:01:48,9.0,Yes,No
TKT-02799,Hardware,Low,Closed,HR,Anjali Mehta,2024-04-14 17:42:07,2024-04-17 02:42:07,57.0,No,Yes
TKT-02800,Software,Medium,Resolved,Sales,Vikram Joshi,2023-09-07 00:58:47,2023-09-07 18:58:47,18.0,No,No
TKT-02801,Email,Medium,Closed,Marketing,Suresh Kumar,2024-06-08 20:14:41,2024-06-09 15:14:41,19.0,No,Yes
TKT-02802,Access/Login,Medium,Open,Marketing,Neha Gupta,2024-07-09 23:23:00,,,,No
TKT-02803,Printer,High,Resolved,IT,Neha Gupta,2024-12-19 18:49:58,2024-12-20 17:49:58,23.0,No,No
TKT-02804,Email,Medium,Closed,Operations,Rohit Verma,2024-07-21 22:02:03,2024-07-22 15:02:03,17.0,No,Yes
TKT-02805,Software,Medium,Closed,HR,Amit Sharma,2023-12-01 11:30:56,2023-12-03 04:30:56,41.0,No,No
TKT-02806,Printer,High,Resolved,Marketing,Amit Sharma,2024-02-17 10:17:40,2024-02-17 16:17:40,6.0,No,Yes
TKT-02807,Software,High,Resolved,Sales,Suresh Kumar,2024-07-12 14:24:05,2024-07-13 03:24:05,13.0,No,No
TKT-02808,Software,High,Closed,Operations,Neha Gupta,2024-08-02 00:01:31,2024-08-03 06:01:31,30.0,Yes,No
TKT-02809,Hardware,High,Resolved,Sales,Rohit Verma,2023-08-04 12:50:24,2023-08-04 15:50:24,3.0,No,No
TKT-02810,Network,Critical,Closed,Legal,Vikram Joshi,2024-08-02 02:29:49,2024-08-02 09:29:49,7.0,Yes,No
TKT-02811,Software,Medium,Closed,IT,Neha Gupta,2024-06-16 06:25:41,2024-06-17 17:25:41,35.0,No,Yes
TKT-02812,Email,Medium,Closed,IT,Anjali Mehta,2024-12-11 02:01:20,2024-12-12 01:01:20,23.0,No,No
TKT-02813,Printer,Medium,Closed,Operations,Neha Gupta,2023-06-04 13:34:04,2023-06-05 07:34:04,18.0,No,Yes
TKT-02814,Hardware,Medium,Closed,IT,Vikram Joshi,2023-02-24 01:51:03,2023-02-24 17:51:03,16.0,No,No
TKT-02815,Software,Low,Closed,HR,Rohit Verma,2023-12-06 03:42:55,2023-12-07 09:42:55,30.0,No,No
TKT-02816,Software,High,Resolved,Marketing,Neha Gupta,2024-10-19 11:07:10,2024-10-20 13:07:10,26.0,Yes,Yes
TKT-02817,Hardware,Medium,Closed,Finance,Vikram Joshi,2023-05-22 00:47:27,2023-05-23 18:47:27,42.0,No,No
TKT-02818,Email,Low,Closed,HR,Anjali Mehta,2023-05-12 20:20:42,2023-05-14 02:20:42,30.0,No,No
TKT-02819,Hardware,High,Resolved,Finance,Neha Gupta,2023-10-03 13:00:40,2023-10-03 15:00:40,2.0,No,No
TKT-02820,Printer,Low,Resolved,Finance,Anjali Mehta,2024-10-24 03:41:08,2024-10-25 09:41:08,30.0,No,No
TKT-02821,Email,Medium,Open,HR,Rohit Verma,2024-09-27 14:33:40,,,,No
TKT-02822,Network,Low,Closed,Finance,Suresh Kumar,2024-07-06 09:38:20,2024-07-06 19:38:20,10.0,No,Yes
TKT-02823,Access/Login,High,Closed,Marketing,Vikram Joshi,2023-02-27 16:56:49,2023-02-28 13:56:49,21.0,No,No
TKT-02824,Hardware,Medium,Closed,IT,Priya Singh,2023-09-03 10:03:35,2023-09-05 15:03:35,53.0,Yes,Yes
TKT-02825,Software,Low,Closed,Finance,Vikram Joshi,2024-11-26 01:41:06,2024-11-29 03:41:06,74.0,Yes,No
TKT-02826,Printer,High,In Progress,Finance,Vikram Joshi,2024-03-05 02:07:16,,,,No
TKT-02827,Email,Medium,Resolved,Marketing,Suresh Kumar,2024-02-17 14:35:55,2024-02-18 06:35:55,16.0,No,Yes
TKT-02828,Hardware,Low,Closed,Legal,Amit Sharma,2023-06-13 02:51:05,2023-06-13 12:51:05,10.0,No,No
TKT-02829,Printer,Medium,Resolved,Finance,Anjali Mehta,2023-04-30 18:21:06,2023-05-01 08:21:06,14.0,No,Yes
TKT-02830,Email,High,Resolved,Finance,Neha Gupta,2024-07-17 06:31:48,2024-07-18 11:31:48,29.0,Yes,No
TKT-02831,Email,Medium,Closed,Legal,Anjali Mehta,2024-09-24 18:36:36,2024-09-26 00:36:36,30.0,No,No
TKT-02832,Access/Login,Medium,Closed,IT,Vikram Joshi,2023-09-05 16:22:04,2023-09-07 19:22:04,51.0,Yes,No
TKT-02833,Software,Low,Open,Operations,Suresh Kumar,2024-02-27 13:23:52,,,,No
TKT-02834,Software,High,Closed,IT,Suresh Kumar,2023-09-05 15:17:45,2023-09-05 20:17:45,5.0,No,No
TKT-02835,Email,Medium,Resolved,Operations,Neha Gupta,2024-06-05 03:20:56,2024-06-07 14:20:56,59.0,Yes,No
TKT-02836,Email,Medium,Resolved,IT,Priya Singh,2023-10-07 03:27:56,2023-10-09 05:27:56,50.0,Yes,Yes
TKT-02837,Printer,Medium,Resolved,Legal,Neha Gupta,2023-01-06 14:01:04,2023-01-07 19:01:04,29.0,No,No
TKT-02838,Email,High,Closed,HR,Priya Singh,2024-04-14 15:30:19,2024-04-14 23:30:19,8.0,No,Yes
TKT-02839,Email,Medium,Closed,Finance,Rohit Verma,2023-10-03 16:48:19,2023-10-04 11:48:19,19.0,No,No
TKT-02840,Printer,Medium,Closed,Legal,Neha Gupta,2024-10-18 19:01:23,2024-10-19 08:01:23,13.0,No,No
TKT-02841,Hardware,Medium,Closed,Finance,Vikram Joshi,2024-09-27 04:03:22,2024-09-28 11:03:22,31.0,No,No
TKT-02842,Network,Low,Resolved,Operations,Neha Gupta,2023-12-01 11:53:49,2023-12-04 11:53:49,72.0,No,No
TKT-02843,Email,High,Resolved,Marketing,Anjali Mehta,2024-03-03 02:17:31,2024-03-03 21:17:31,19.0,No,Yes
TKT-02844,Printer,Medium,Closed,IT,Rohit Verma,2024-09-22 08:28:34,2024-09-23 21:28:34,37.0,No,Yes
TKT-02845,Email,High,Resolved,IT,Priya Singh,2023-05-17 22:10:34,2023-05-18 14:10:34,16.0,No,No
TKT-02846,Printer,Medium,Resolved,Operations,Suresh Kumar,2023-01-16 02:42:16,2023-01-16 13:42:16,11.0,No,No
TKT-02847,Email,Medium,Resolved,Sales,Amit Sharma,2023-07-13 18:20:30,2023-07-14 09:20:30,15.0,No,No
TKT-02848,Access/Login,High,Resolved,Finance,Amit Sharma,2024-06-28 21:46:24,2024-06-29 11:46:24,14.0,No,No
TKT-02849,Access/Login,Low,Resolved,Operations,Suresh Kumar,2024-08-23 04:25:14,2024-08-23 21:25:14,17.0,No,No
TKT-02850,Software,Low,Open,Sales,Suresh Kumar,2023-08-02 14:11:55,,,,No
TKT-02851,Email,High,Closed,Finance,Vikram Joshi,2023-01-27 12:16:56,2023-01-28 05:16:56,17.0,No,No
TKT-02852,Printer,High,Closed,Operations,Suresh Kumar,2024-02-10 02:11:28,2024-02-11 06:11:28,28.0,Yes,Yes
TKT-02853,Email,Medium,In Progress,Finance,Amit Sharma,2024-11-19 09:24:50,,,,No
TKT-02854,Hardware,Low,Resolved,Marketing,Rohit Verma,2023-09-20 20:25:14,2023-09-23 07:25:14,59.0,No,No
TKT-02855,Hardware,Medium,Open,Operations,Rohit Verma,2023-07-29 21:38:35,,,,Yes
TKT-02856,Network,Low,Resolved,Operations,Priya Singh,2023-04-07 12:43:26,2023-04-10 06:43:26,66.0,No,No
TKT-02857,Access/Login,Medium,Resolved,Legal,Neha Gupta,2024-12-21 15:15:08,2024-12-23 13:15:08,46.0,No,Yes
TKT-02858,Access/Login,Low,Open,Legal,Amit Sharma,2023-02-26 00:02:39,,,,Yes
TKT-02859,Access/Login,Medium,Closed,HR,Priya Singh,2024-08-25 18:45:29,2024-08-26 17:45:29,23.0,No,Yes
TKT-02860,Software,Medium,In Progress,IT,Neha Gupta,2024-12-18 23:59:11,,,,No
TKT-02861,Email,Critical,Resolved,Sales,Priya Singh,2023-01-21 20:06:00,2023-01-21 23:06:00,3.0,No,Yes
TKT-02862,Software,Low,In Progress,Operations,Suresh Kumar,2024-11-09 19:52:35,,,,Yes
TKT-02863,Network,Critical,Closed,Finance,Vikram Joshi,2023-05-08 15:50:41,2023-05-08 16:50:41,1.0,No,No
TKT-02864,Network,Low,In Progress,Marketing,Anjali Mehta,2024-01-05 19:57:11,,,,No
TKT-02865,Network,Medium,Resolved,IT,Rohit Verma,2024-04-12 20:31:40,2024-04-13 19:31:40,23.0,No,No
TKT-02866,Network,Medium,Closed,Sales,Priya Singh,2023-03-07 02:18:12,2023-03-09 13:18:12,59.0,Yes,No
TKT-02867,Email,Low,Resolved,Legal,Amit Sharma,2024-05-30 16:02:44,2024-05-31 19:02:44,27.0,No,No
TKT-02868,Software,Low,Closed,Legal,Suresh Kumar,2023-10-28 02:31:29,2023-10-28 19:31:29,17.0,No,Yes
TKT-02869,Access/Login,Low,Resolved,HR,Vikram Joshi,2023-06-06 18:50:21,2023-06-07 12:50:21,18.0,No,No
TKT-02870,Software,Critical,Closed,Marketing,Neha Gupta,2023-10-23 08:06:17,2023-10-23 13:06:17,5.0,Yes,No
TKT-02871,Email,Medium,Closed,Operations,Rohit Verma,2023-05-21 19:09:06,2023-05-22 20:09:06,25.0,No,Yes
TKT-02872,Email,Medium,Resolved,Marketing,Rohit Verma,2023-08-21 12:00:33,2023-08-23 12:00:33,48.0,No,No
TKT-02873,Software,High,Resolved,IT,Amit Sharma,2024-08-12 18:32:39,2024-08-13 11:32:39,17.0,No,No
TKT-02874,Email,Low,Resolved,Sales,Amit Sharma,2023-04-07 11:45:25,2023-04-10 16:45:25,77.0,Yes,No
TKT-02875,Network,Medium,Resolved,IT,Neha Gupta,2023-11-18 19:54:06,2023-11-19 17:54:06,22.0,No,Yes
TKT-02876,Network,Medium,Resolved,Finance,Rohit Verma,2024-05-04 04:08:24,2024-05-06 16:08:24,60.0,Yes,Yes
TKT-02877,Hardware,High,Open,HR,Rohit Verma,2023-08-05 13:58:30,,,,Yes
TKT-02878,Access/Login,Low,Resolved,Operations,Priya Singh,2023-08-12 17:20:28,2023-08-13 07:20:28,14.0,No,Yes
TKT-02879,Email,Medium,Resolved,HR,Suresh Kumar,2024-07-28 08:37:51,2024-07-29 15:37:51,31.0,No,Yes
TKT-02880,Printer,Low,Open,Operations,Suresh Kumar,2023-03-20 21:25:11,,,,No
TKT-02881,Access/Login,Medium,Open,Legal,Suresh Kumar,2024-10-28 10:12:47,,,,No
TKT-02882,Access/Login,Medium,Resolved,Sales,Vikram Joshi,2024-01-31 18:53:35,2024-02-02 02:53:35,32.0,No,No
TKT-02883,Printer,Low,Resolved,IT,Anjali Mehta,2023-07-26 08:28:12,2023-07-28 09:28:12,49.0,No,No
TKT-02884,Network,High,Resolved,Legal,Vikram Joshi,2023-11-17 22:51:50,2023-11-18 03:51:50,5.0,No,No
TKT-02885,Email,High,Resolved,Marketing,Neha Gupta,2024-02-17 19:51:35,2024-02-18 05:51:35,10.0,No,Yes
TKT-02886,Access/Login,Low,Resolved,Marketing,Neha Gupta,2024-10-17 23:28:29,2024-10-19 05:28:29,30.0,No,No
TKT-02887,Email,Critical,In Progress,Finance,Priya Singh,2023-01-10 16:44:39,,,,No
TKT-02888,Email,Low,Resolved,Legal,Neha Gupta,2023-04-21 16:32:15,2023-04-23 11:32:15,43.0,No,No
TKT-02889,Email,Medium,Closed,Marketing,Amit Sharma,2023-07-07 23:46:53,2023-07-08 07:46:53,8.0,No,No
TKT-02890,Email,Medium,Resolved,HR,Suresh Kumar,2024-09-13 04:49:32,2024-09-15 14:49:32,58.0,Yes,No
TKT-02891,Software,Low,Resolved,Operations,Neha Gupta,2024-09-23 02:36:43,2024-09-26 06:36:43,76.0,Yes,No
TKT-02892,Software,Medium,Resolved,Marketing,Suresh Kumar,2024-07-11 05:40:12,2024-07-12 05:40:12,24.0,No,No
TKT-02893,Printer,Medium,Resolved,Finance,Suresh Kumar,2024-06-01 18:54:12,2024-06-04 03:54:12,57.0,Yes,Yes
TKT-02894,Network,Medium,Closed,Legal,Suresh Kumar,2023-11-24 02:20:00,2023-11-25 16:20:00,38.0,No,No
TKT-02895,Email,Low,Resolved,IT,Anjali Mehta,2024-05-11 11:17:01,2024-05-14 23:17:01,84.0,Yes,Yes
TKT-02896,Email,Medium,Closed,Marketing,Vikram Joshi,2024-05-16 11:46:04,2024-05-18 20:46:04,57.0,Yes,No
TKT-02897,Email,Medium,Closed,Legal,Neha Gupta,2024-08-27 11:50:10,2024-08-28 21:50:10,34.0,No,No
TKT-02898,Email,Medium,In Progress,Sales,Rohit Verma,2023-09-08 13:01:53,,,,No
TKT-02899,Access/Login,Medium,Open,Operations,Neha Gupta,2024-06-11 08:01:56,,,,No
TKT-02900,Printer,Low,Resolved,Operations,Suresh Kumar,2024-06-23 15:44:37,2024-06-25 20:44:37,53.0,No,Yes
TKT-02901,Hardware,High,Closed,Operations,Neha Gupta,2023-04-05 21:54:47,2023-04-06 07:54:47,10.0,No,No
TKT-02902,Email,Low,Open,Marketing,Vikram Joshi,2024-08-08 01:15:02,,,,No
TKT-02903,Printer,High,Open,IT,Neha Gupta,2024-08-08 01:42:36,,,,No
TKT-02904,Software,Medium,Resolved,IT,Suresh Kumar,2024-08-26 18:31:54,2024-08-27 13:31:54,19.0,No,No
TKT-02905,Hardware,Medium,Closed,Marketing,Suresh Kumar,2024-05-28 10:53:10,2024-05-30 15:53:10,53.0,Yes,No
TKT-02906,Printer,Low,Open,Sales,Priya Singh,2024-11-17 18:25:33,,,,Yes
TKT-02907,Printer,High,Resolved,Finance,Vikram Joshi,2024-06-20 17:01:56,2024-06-20 19:01:56,2.0,No,No
TKT-02908,Email,Low,Closed,IT,Rohit Verma,2023-06-10 15:49:38,2023-06-11 18:49:38,27.0,No,Yes
TKT-02909,Network,Low,Closed,HR,Suresh Kumar,2023-09-15 14:48:39,2023-09-16 07:48:39,17.0,No,No
TKT-02910,Email,High,Open,Marketing,Amit Sharma,2023-03-11 20:12:50,,,,Yes
TKT-02911,Software,Low,Closed,Finance,Neha Gupta,2023-12-21 16:39:07,2023-12-22 10:39:07,18.0,No,No
TKT-02912,Access/Login,Low,Closed,Finance,Neha Gupta,2024-12-06 19:47:32,2024-12-07 15:47:32,20.0,No,No
TKT-02913,Email,High,Resolved,Finance,Priya Singh,2024-06-28 13:53:19,2024-06-29 16:53:19,27.0,Yes,No
TKT-02914,Hardware,High,Closed,Operations,Rohit Verma,2023-02-03 06:57:27,2023-02-03 19:57:27,13.0,No,No
TKT-02915,Access/Login,Medium,Resolved,Sales,Vikram Joshi,2023-09-12 05:25:54,2023-09-14 14:25:54,57.0,Yes,No
TKT-02916,Email,Medium,Resolved,Sales,Vikram Joshi,2023-06-26 06:37:23,2023-06-26 17:37:23,11.0,No,No
TKT-02917,Software,Medium,Closed,HR,Anjali Mehta,2023-02-06 00:12:11,2023-02-08 10:12:11,58.0,Yes,No
TKT-02918,Access/Login,Medium,Resolved,Legal,Priya Singh,2024-11-16 08:01:03,2024-11-18 03:01:03,43.0,No,Yes
TKT-02919,Access/Login,Low,In Progress,Sales,Priya Singh,2024-05-09 20:20:46,,,,No
TKT-02920,Network,Low,Closed,IT,Amit Sharma,2024-08-21 22:51:03,2024-08-22 12:51:03,14.0,No,No
TKT-02921,Network,Medium,Resolved,Operations,Vikram Joshi,2024-03-30 09:44:44,2024-03-31 16:44:44,31.0,No,Yes
TKT-02922,Hardware,Critical,In Progress,HR,Priya Singh,2024-01-13 07:57:38,,,,Yes
TKT-02923,Access/Login,Critical,Resolved,Finance,Neha Gupta,2024-10-22 01:06:27,2024-10-22 04:06:27,3.0,No,No
TKT-02924,Email,High,Resolved,Sales,Anjali Mehta,2024-09-03 11:12:59,2024-09-03 16:12:59,5.0,No,No
TKT-02925,Email,Low,Resolved,Finance,Amit Sharma,2024-11-29 10:11:19,2024-12-02 21:11:19,83.0,Yes,No
TKT-02926,Access/Login,Medium,Resolved,Legal,Vikram Joshi,2023-01-05 05:32:11,2023-01-07 02:32:11,45.0,No,No
TKT-02927,Email,Low,Closed,Legal,Vikram Joshi,2023-09-11 20:57:55,2023-09-13 17:57:55,45.0,No,No
TKT-02928,Network,High,Closed,Sales,Amit Sharma,2023-06-08 19:47:27,2023-06-09 23:47:27,28.0,Yes,No
TKT-02929,Email,High,Resolved,Legal,Neha Gupta,2024-08-27 18:11:10,2024-08-28 04:11:10,10.0,No,No
TKT-02930,Hardware,Medium,Resolved,Operations,Suresh Kumar,2023-05-06 05:26:05,2023-05-08 12:26:05,55.0,Yes,Yes
TKT-02931,Network,High,Closed,HR,Priya Singh,2024-04-08 23:31:13,2024-04-09 19:31:13,20.0,No,No
TKT-02932,Email,Critical,Closed,Finance,Suresh Kumar,2024-04-22 21:52:43,2024-04-23 03:52:43,6.0,Yes,No
TKT-02933,Email,Low,Resolved,IT,Rohit Verma,2024-07-25 23:33:39,2024-07-28 21:33:39,70.0,No,No
TKT-02934,Hardware,Low,Resolved,HR,Suresh Kumar,2024-08-22 20:50:07,2024-08-23 20:50:07,24.0,No,No
TKT-02935,Printer,High,In Progress,Finance,Suresh Kumar,2024-11-23 02:13:29,,,,Yes
TKT-02936,Network,High,In Progress,Sales,Amit Sharma,2023-09-07 07:52:37,,,,No
TKT-02937,Hardware,Medium,Closed,Sales,Neha Gupta,2023-05-18 10:08:47,2023-05-18 23:08:47,13.0,No,No
TKT-02938,Network,Low,Resolved,Marketing,Neha Gupta,2023-10-25 06:11:09,2023-10-28 19:11:09,85.0,Yes,No
TKT-02939,Hardware,Medium,Resolved,Sales,Vikram Joshi,2024-05-11 17:09:38,2024-05-14 03:09:38,58.0,Yes,Yes
TKT-02940,Hardware,Medium,Closed,Sales,Amit Sharma,2023-12-26 14:44:46,2023-12-27 04:44:46,14.0,No,No
TKT-02941,Email,Critical,Resolved,Marketing,Anjali Mehta,2023-08-09 07:00:53,2023-08-09 14:00:53,7.0,Yes,No
TKT-02942,Network,High,Closed,Finance,Priya Singh,2024-12-12 21:15:39,2024-12-13 01:15:39,4.0,No,No
TKT-02943,Network,High,Resolved,HR,Rohit Verma,2024-08-02 08:48:35,2024-08-02 23:48:35,15.0,No,No
TKT-02944,Hardware,Medium,Closed,HR,Priya Singh,2023-08-26 23:40:58,2023-08-28 04:40:58,29.0,No,Yes
TKT-02945,Hardware,Medium,Resolved,IT,Amit Sharma,2024-02-03 12:28:54,2024-02-05 03:28:54,39.0,No,Yes
TKT-02946,Printer,Medium,Resolved,Finance,Vikram Joshi,2023-10-23 04:59:42,2023-10-23 11:59:42,7.0,No,No
TKT-02947,Software,Medium,Open,Marketing,Priya Singh,2023-12-08 01:27:49,,,,No
TKT-02948,Access/Login,Critical,Closed,HR,Rohit Verma,2023-03-18 17:22:39,2023-03-18 23:22:39,6.0,Yes,Yes
TKT-02949,Hardware,Low,Resolved,Finance,Rohit Verma,2024-04-26 13:27:09,2024-04-29 23:27:09,82.0,Yes,No
TKT-02950,Software,Medium,Resolved,Legal,Vikram Joshi,2023-03-19 22:10:22,2023-03-21 20:10:22,46.0,No,Yes
TKT-02951,Software,Low,Resolved,Legal,Neha Gupta,2024-09-14 15:49:02,2024-09-18 01:49:02,82.0,Yes,Yes
TKT-02952,Access/Login,High,Closed,IT,Priya Singh,2023-01-19 01:33:43,2023-01-19 03:33:43,2.0,No,No
TKT-02953,Network,High,Closed,Sales,Anjali Mehta,2023-01-14 12:22:07,2023-01-14 17:22:07,5.0,No,Yes
TKT-02954,Hardware,Medium,Closed,HR,Neha Gupta,2023-05-02 02:02:50,2023-05-03 12:02:50,34.0,No,No
TKT-02955,Software,Medium,In Progress,Finance,Vikram Joshi,2024-01-15 08:00:05,,,,No
TKT-02956,Software,Low,Resolved,Marketing,Neha Gupta,2024-11-17 13:51:54,2024-11-18 00:51:54,11.0,No,Yes
TKT-02957,Software,Critical,Resolved,HR,Priya Singh,2023-10-05 10:38:08,2023-10-05 15:38:08,5.0,Yes,No
TKT-02958,Printer,High,Closed,IT,Priya Singh,2024-01-25 23:01:10,2024-01-26 01:01:10,2.0,No,No
TKT-02959,Printer,Low,Closed,Sales,Rohit Verma,2024-05-16 03:00:42,2024-05-17 01:00:42,22.0,No,No
TKT-02960,Access/Login,Low,Resolved,Legal,Rohit Verma,2024-08-21 22:35:08,2024-08-25 07:35:08,81.0,Yes,No
TKT-02961,Network,Critical,Open,Sales,Suresh Kumar,2023-04-02 11:47:11,,,,Yes
TKT-02962,Hardware,Low,Resolved,Marketing,Amit Sharma,2024-08-02 19:08:20,2024-08-04 21:08:20,50.0,No,No
TKT-02963,Software,High,Closed,IT,Vikram Joshi,2023-10-08 03:40:21,2023-10-09 00:40:21,21.0,No,Yes
TKT-02964,Access/Login,Low,Closed,Legal,Suresh Kumar,2023-12-07 04:58:08,2023-12-09 19:58:08,63.0,No,No
TKT-02965,Access/Login,Critical,In Progress,Operations,Suresh Kumar,2023-11-27 16:05:16,,,,No
TKT-02966,Hardware,Medium,Resolved,Legal,Anjali Mehta,2023-11-25 20:04:38,2023-11-26 06:04:38,10.0,No,Yes
TKT-02967,Email,Low,Resolved,Legal,Suresh Kumar,2023-08-27 02:21:32,2023-08-28 04:21:32,26.0,No,Yes
TKT-02968,Hardware,Low,Closed,Marketing,Vikram Joshi,2023-12-06 05:00:34,2023-12-09 10:00:34,77.0,Yes,No
TKT-02969,Access/Login,Medium,Closed,Finance,Vikram Joshi,2023-07-14 17:47:03,2023-07-17 00:47:03,55.0,Yes,No
TKT-02970,Network,Medium,Closed,Sales,Neha Gupta,2023-04-01 21:21:51,2023-04-03 10:21:51,37.0,No,Yes
TKT-02971,Software,Medium,Closed,Sales,Rohit Verma,2023-10-06 23:07:29,2023-10-07 15:07:29,16.0,No,No
TKT-02972,Software,Low,Resolved,Marketing,Anjali Mehta,2023-08-02 00:01:21,2023-08-05 00:01:21,72.0,No,No
TKT-02973,Hardware,Medium,Resolved,Finance,Vikram Joshi,2024-08-29 23:10:54,2024-08-30 04:10:54,5.0,No,No
TKT-02974,Hardware,Medium,Resolved,Legal,Rohit Verma,2023-10-23 02:00:57,2023-10-24 12:00:57,34.0,No,No
TKT-02975,Hardware,Medium,Resolved,Operations,Suresh Kumar,2023-04-08 11:33:41,2023-04-08 21:33:41,10.0,No,Yes
TKT-02976,Hardware,Medium,Resolved,Operations,Vikram Joshi,2024-09-22 01:26:29,2024-09-23 06:26:29,29.0,No,Yes
TKT-02977,Software,Low,Resolved,IT,Anjali Mehta,2023-04-25 06:54:49,2023-04-28 18:54:49,84.0,Yes,No
TKT-02978,Printer,Medium,Closed,HR,Neha Gupta,2024-08-02 08:57:36,2024-08-03 23:57:36,39.0,No,No
TKT-02979,Network,Medium,Open,HR,Vikram Joshi,2023-04-03 00:21:51,,,,No
TKT-02980,Access/Login,Low,Resolved,Operations,Vikram Joshi,2023-03-11 00:57:10,2023-03-14 13:57:10,85.0,Yes,Yes
TKT-02981,Software,Medium,Open,Marketing,Vikram Joshi,2024-09-20 13:23:38,,,,No
TKT-02982,Email,High,Resolved,Marketing,Suresh Kumar,2024-12-22 02:28:13,2024-12-22 15:28:13,13.0,No,Yes
TKT-02983,Network,Medium,Closed,Legal,Rohit Verma,2023-03-28 07:08:20,2023-03-28 13:08:20,6.0,No,No
TKT-02984,Printer,Low,Resolved,Sales,Vikram Joshi,2024-11-06 08:12:01,2024-11-08 00:12:01,40.0,No,No
TKT-02985,Hardware,Medium,Resolved,Operations,Suresh Kumar,2024-02-09 11:27:08,2024-02-10 08:27:08,21.0,No,No
TKT-02986,Printer,Low,Resolved,IT,Priya Singh,2023-01-08 05:34:47,2023-01-08 21:34:47,16.0,No,Yes
TKT-02987,Software,Low,Closed,HR,Vikram Joshi,2023-02-11 02:48:08,2023-02-12 05:48:08,27.0,No,Yes
TKT-02988,Hardware,Medium,Resolved,Finance,Anjali Mehta,2023-02-19 05:21:26,2023-02-20 18:21:26,37.0,No,Yes
TKT-02989,Network,Critical,Resolved,IT,Priya Singh,2023-12-02 06:55:33,2023-12-02 15:55:33,9.0,Yes,Yes
TKT-02990,Hardware,Medium,Closed,Finance,Neha Gupta,2024-09-08 03:31:04,2024-09-10 10:31:04,55.0,Yes,Yes
TKT-02991,Access/Login,Medium,In Progress,Finance,Rohit Verma,2023-03-24 20:59:39,,,,No
TKT-02992,Hardware,Low,Resolved,Legal,Suresh Kumar,2023-06-20 01:06:37,2023-06-21 04:06:37,27.0,No,No
TKT-02993,Hardware,Medium,Closed,HR,Anjali Mehta,2024-12-28 17:34:01,2024-12-31 00:34:01,55.0,Yes,Yes
TKT-02994,Network,Medium,Resolved,Legal,Neha Gupta,2024-01-15 07:45:36,2024-01-15 14:45:36,7.0,No,No
TKT-02995,Email,Low,Resolved,IT,Neha Gupta,2024-05-11 15:55:54,2024-05-12 04:55:54,13.0,No,Yes
TKT-02996,Email,Low,Resolved,HR,Amit Sharma,2024-07-10 23:21:54,2024-07-11 20:21:54,21.0,No,No
TKT-02997,Software,Critical,Resolved,Marketing,Anjali Mehta,2023-03-06 18:33:42,2023-03-06 20:33:42,2.0,No,No
TKT-02998,Software,Low,In Progress,Operations,Anjali Mehta,2023-01-10 08:03:45,,,,No
TKT-02999,Access/Login,High,Resolved,Legal,Vikram Joshi,2023-05-13 15:47:20,2023-05-14 05:47:20,14.0,No,Yes
TKT-03000,Network,Medium,Open,IT,Neha Gupta,2023-02-22 20:49:37,,,,No
TKT-03001,Access/Login,High,Resolved,Operations,Amit Sharma,2023-04-17 19:00:56,2023-04-17 21:00:56,2.0,No,No
TKT-03002,Access/Login,High,Closed,Finance,Anjali Mehta,2024-01-10 01:42:48,2024-01-11 06:42:48,29.0,Yes,No
TKT-03003,Network,Low,Closed,IT,Amit Sharma,2023-06-23 16:21:43,2023-06-26 16:21:43,72.0,No,No
TKT-03004,Software,Critical,Closed,Marketing,Anjali Mehta,2023-01-03 12:38:27,2023-01-03 15:38:27,3.0,No,No
TKT-03005,Access/Login,Medium,Resolved,IT,Vikram Joshi,2023-08-20 00:55:00,2023-08-22 02:55:00,50.0,Yes,Yes
TKT-03006,Network,Critical,Closed,Finance,Vikram Joshi,2024-11-29 10:59:39,2024-11-29 20:59:39,10.0,Yes,No
TKT-03007,Access/Login,High,Resolved,Operations,Neha Gupta,2023-12-09 06:24:08,2023-12-10 11:24:08,29.0,Yes,Yes
TKT-03008,Email,Low,Resolved,HR,Anjali Mehta,2024-09-21 12:24:38,2024-09-22 18:24:38,30.0,No,Yes
TKT-03009,Network,Low,Resolved,HR,Vikram Joshi,2023-11-24 09:24:58,2023-11-27 12:24:58,75.0,Yes,No
TKT-03010,Access/Login,Critical,In Progress,Finance,Priya Singh,2023-10-06 15:24:52,,,,No
TKT-03011,Network,Low,Closed,Marketing,Vikram Joshi,2023-08-31 22:23:01,2023-09-03 08:23:01,58.0,No,No
TKT-03012,Software,Low,Closed,IT,Vikram Joshi,2023-01-10 00:34:41,2023-01-11 18:34:41,42.0,No,No
TKT-03013,Software,Medium,Closed,Finance,Amit Sharma,2023-07-24 06:48:21,2023-07-26 05:48:21,47.0,No,No
TKT-03014,Network,Medium,Resolved,HR,Amit Sharma,2023-07-10 10:30:00,2023-07-11 22:30:00,36.0,No,No
TKT-03015,Email,Medium,Closed,IT,Priya Singh,2024-05-24 01:46:06,2024-05-26 12:46:06,59.0,Yes,No
TKT-03016,Software,Medium,Resolved,Operations,Vikram Joshi,2024-12-13 02:26:58,2024-12-14 15:26:58,37.0,No,No
TKT-03017,Software,High,Closed,Sales,Suresh Kumar,2023-03-16 07:52:11,2023-03-16 09:52:11,2.0,No,No
TKT-03018,Access/Login,Low,Closed,Sales,Vikram Joshi,2024-12-02 08:59:54,2024-12-03 06:59:54,22.0,No,No
TKT-03019,Software,Low,Open,Sales,Rohit Verma,2024-07-27 06:30:42,,,,Yes
TKT-03020,Hardware,High,Resolved,Legal,Amit Sharma,2024-04-14 23:29:04,2024-04-15 13:29:04,14.0,No,Yes
TKT-03021,Network,Medium,In Progress,IT,Amit Sharma,2024-05-15 02:07:28,,,,No
TKT-03022,Printer,High,Open,IT,Amit Sharma,2023-10-08 23:27:23,,,,Yes
TKT-03023,Printer,Low,Closed,Operations,Vikram Joshi,2024-09-11 01:32:41,2024-09-14 14:32:41,85.0,Yes,No
TKT-03024,Hardware,Low,Resolved,HR,Priya Singh,2024-12-26 20:20:31,2024-12-28 20:20:31,48.0,No,No
TKT-03025,Software,Low,Closed,Marketing,Amit Sharma,2024-02-14 16:28:53,2024-02-18 05:28:53,85.0,Yes,No
TKT-03026,Access/Login,Low,Closed,Marketing,Vikram Joshi,2023-01-04 04:38:55,2023-01-06 15:38:55,59.0,No,No
TKT-03027,Printer,High,In Progress,HR,Anjali Mehta,2024-08-17 06:10:05,,,,Yes
TKT-03028,Printer,Low,In Progress,IT,Vikram Joshi,2024-04-15 11:14:25,,,,No
TKT-03029,Hardware,Medium,Resolved,IT,Rohit Verma,2024-09-23 04:31:50,2024-09-24 06:31:50,26.0,No,No
TKT-03030,Printer,Low,Resolved,Finance,Suresh Kumar,2023-02-27 14:28:50,2023-03-02 19:28:50,77.0,Yes,No
TKT-03031,Email,High,Resolved,Legal,Neha Gupta,2023-08-31 05:48:41,2023-08-31 08:48:41,3.0,No,No
TKT-03032,Access/Login,Low,Resolved,IT,Amit Sharma,2024-03-04 11:38:51,2024-03-07 19:38:51,80.0,Yes,No
TKT-03033,Email,Medium,Open,Finance,Priya Singh,2023-06-28 09:00:49,,,,No
TKT-03034,Network,Medium,Closed,Operations,Priya Singh,2024-10-14 15:24:24,2024-10-15 17:24:24,26.0,No,No
TKT-03035,Hardware,Medium,Resolved,Legal,Amit Sharma,2024-04-15 00:41:47,2024-04-15 16:41:47,16.0,No,No
TKT-03036,Email,Low,Closed,Operations,Rohit Verma,2024-05-28 15:23:21,2024-05-30 22:23:21,55.0,No,No
TKT-03037,Hardware,Low,Closed,Marketing,Vikram Joshi,2024-10-26 13:03:07,2024-10-28 12:03:07,47.0,No,Yes
TKT-03038,Software,High,In Progress,Finance,Vikram Joshi,2023-07-24 11:56:15,,,,No
TKT-03039,Access/Login,Medium,Closed,Operations,Rohit Verma,2023-09-28 08:13:35,2023-09-29 05:13:35,21.0,No,No
TKT-03040,Hardware,Medium,Resolved,Marketing,Rohit Verma,2023-07-24 21:05:23,2023-07-26 05:05:23,32.0,No,No
TKT-03041,Software,Medium,In Progress,Sales,Anjali Mehta,2023-07-17 19:53:04,,,,No
TKT-03042,Printer,Low,Resolved,Sales,Vikram Joshi,2024-07-05 07:31:15,2024-07-06 11:31:15,28.0,No,No
TKT-03043,Access/Login,Critical,Resolved,Sales,Amit Sharma,2024-12-04 21:56:26,2024-12-05 00:56:26,3.0,No,No
TKT-03044,Network,High,Closed,Marketing,Amit Sharma,2023-11-01 23:33:28,2023-11-03 04:33:28,29.0,Yes,No
TKT-03045,Email,Low,Closed,Sales,Suresh Kumar,2023-04-30 18:06:46,2023-05-01 12:06:46,18.0,No,Yes
TKT-03046,Network,Critical,Closed,Operations,Vikram Joshi,2024-10-15 02:29:55,2024-10-15 08:29:55,6.0,Yes,No
TKT-03047,Software,Low,Resolved,HR,Neha Gupta,2024-06-08 18:02:16,2024-06-11 16:02:16,70.0,No,Yes
TKT-03048,Access/Login,Medium,Resolved,Legal,Priya Singh,2023-09-01 09:17:01,2023-09-03 08:17:01,47.0,No,No
TKT-03049,Network,Low,Closed,HR,Amit Sharma,2024-01-17 11:45:32,2024-01-19 14:45:32,51.0,No,No
TKT-03050,Network,Critical,Resolved,Legal,Priya Singh,2024-11-26 06:25:43,2024-11-26 16:25:43,10.0,Yes,No
TKT-03051,Access/Login,High,Resolved,IT,Priya Singh,2024-10-28 02:09:01,2024-10-28 14:09:01,12.0,No,No
TKT-03052,Software,Medium,Resolved,IT,Neha Gupta,2023-11-26 17:27:01,2023-11-29 01:27:01,56.0,Yes,Yes
TKT-03053,Software,Medium,Closed,IT,Suresh Kumar,2024-10-23 22:36:39,2024-10-25 00:36:39,26.0,No,No
TKT-03054,Software,Medium,In Progress,HR,Vikram Joshi,2023-04-22 00:46:28,,,,Yes
TKT-03055,Printer,Medium,Resolved,Legal,Rohit Verma,2023-07-01 04:43:34,2023-07-03 09:43:34,53.0,Yes,Yes
TKT-03056,Network,Medium,Resolved,Finance,Amit Sharma,2024-02-16 14:05:34,2024-02-16 23:05:34,9.0,No,No
TKT-03057,Hardware,Medium,Resolved,Operations,Neha Gupta,2023-04-11 14:20:13,2023-04-12 18:20:13,28.0,No,No
TKT-03058,Printer,Medium,In Progress,Legal,Priya Singh,2023-07-12 08:17:32,,,,No
TKT-03059,Software,Low,Resolved,Finance,Suresh Kumar,2024-11-22 06:54:34,2024-11-22 18:54:34,12.0,No,No
TKT-03060,Network,High,Open,Operations,Vikram Joshi,2024-01-11 08:21:59,,,,No
TKT-03061,Access/Login,Low,Closed,Sales,Rohit Verma,2023-09-03 20:43:36,2023-09-06 08:43:36,60.0,No,Yes
TKT-03062,Software,High,Resolved,Operations,Vikram Joshi,2023-01-31 11:31:38,2023-02-01 03:31:38,16.0,No,No
TKT-03063,Access/Login,Low,Resolved,Marketing,Neha Gupta,2024-01-06 17:07:50,2024-01-08 05:07:50,36.0,No,Yes
TKT-03064,Printer,Low,Resolved,Marketing,Suresh Kumar,2024-02-17 07:23:36,2024-02-19 20:23:36,61.0,No,Yes
TKT-03065,Network,Medium,Resolved,Operations,Neha Gupta,2024-08-03 22:06:08,2024-08-06 08:06:08,58.0,Yes,Yes
TKT-03066,Hardware,Medium,Closed,HR,Vikram Joshi,2024-06-29 19:57:55,2024-07-01 09:57:55,38.0,No,Yes
TKT-03067,Email,Medium,Resolved,Marketing,Rohit Verma,2023-04-26 04:17:34,2023-04-28 10:17:34,54.0,Yes,No
TKT-03068,Hardware,Medium,Resolved,Operations,Vikram Joshi,2024-04-10 21:23:01,2024-04-13 03:23:01,54.0,Yes,No
TKT-03069,Software,Medium,Closed,Sales,Suresh Kumar,2023-05-30 07:44:16,2023-05-31 15:44:16,32.0,No,No
TKT-03070,Network,Low,Closed,Sales,Neha Gupta,2024-09-21 01:27:02,2024-09-23 20:27:02,67.0,No,Yes
TKT-03071,Email,Medium,Resolved,Marketing,Rohit Verma,2024-11-20 23:23:49,2024-11-21 20:23:49,21.0,No,No
TKT-03072,Hardware,Medium,Open,Finance,Vikram Joshi,2023-11-28 09:49:30,,,,No
TKT-03073,Access/Login,Low,Resolved,Legal,Priya Singh,2024-09-25 20:35:49,2024-09-28 16:35:49,68.0,No,No
TKT-03074,Hardware,High,Resolved,Marketing,Priya Singh,2024-07-03 22:05:16,2024-07-04 03:05:16,5.0,No,No
TKT-03075,Access/Login,High,Closed,IT,Neha Gupta,2023-10-15 02:08:48,2023-10-15 19:08:48,17.0,No,Yes
TKT-03076,Access/Login,Low,Closed,Finance,Suresh Kumar,2024-12-04 01:56:05,2024-12-07 08:56:05,79.0,Yes,No
TKT-03077,Network,High,Resolved,Operations,Priya Singh,2023-10-05 07:26:02,2023-10-05 14:26:02,7.0,No,No
TKT-03078,Access/Login,Critical,Resolved,Operations,Vikram Joshi,2023-03-19 07:30:18,2023-03-19 10:30:18,3.0,No,Yes
TKT-03079,Printer,Medium,In Progress,Operations,Vikram Joshi,2023-09-25 06:01:30,,,,No
TKT-03080,Software,Medium,Resolved,Legal,Amit Sharma,2023-03-23 15:00:55,2023-03-24 23:00:55,32.0,No,No
TKT-03081,Hardware,Medium,Open,Legal,Amit Sharma,2024-10-25 18:39:19,,,,No
TKT-03082,Software,Medium,Closed,Sales,Anjali Mehta,2023-07-06 19:41:23,2023-07-07 02:41:23,7.0,No,No
TKT-03083,Software,Low,Resolved,IT,Priya Singh,2023-09-05 21:43:07,2023-09-07 15:43:07,42.0,No,No
TKT-03084,Software,High,Open,IT,Priya Singh,2023-08-31 08:07:54,,,,No
TKT-03085,Access/Login,Critical,In Progress,HR,Suresh Kumar,2024-11-19 06:32:54,,,,No
TKT-03086,Network,Low,Resolved,Sales,Suresh Kumar,2023-12-06 04:57:50,2023-12-09 20:57:50,88.0,Yes,No
TKT-03087,Hardware,Medium,Resolved,Operations,Priya Singh,2024-11-29 01:54:51,2024-11-30 11:54:51,34.0,No,No
TKT-03088,Access/Login,Low,Open,Finance,Suresh Kumar,2023-05-13 15:53:40,,,,Yes
TKT-03089,Network,Medium,Resolved,Legal,Suresh Kumar,2023-11-08 01:09:59,2023-11-08 09:09:59,8.0,No,No
TKT-03090,Printer,Medium,Resolved,Sales,Vikram Joshi,2024-05-18 16:17:24,2024-05-20 02:17:24,34.0,No,Yes
TKT-03091,Email,Medium,Resolved,Finance,Suresh Kumar,2024-02-05 03:45:16,2024-02-06 00:45:16,21.0,No,No
TKT-03092,Network,Low,Closed,Operations,Vikram Joshi,2024-11-20 16:38:19,2024-11-23 23:38:19,79.0,Yes,No
TKT-03093,Access/Login,High,In Progress,Legal,Neha Gupta,2024-08-22 07:09:00,,,,No
TKT-03094,Hardware,Medium,In Progress,Operations,Vikram Joshi,2024-06-29 04:22:28,,,,Yes
TKT-03095,Software,High,In Progress,Legal,Vikram Joshi,2023-11-03 06:11:20,,,,No
TKT-03096,Hardware,Low,Closed,HR,Suresh Kumar,2024-01-29 06:51:56,2024-01-30 20:51:56,38.0,No,No
TKT-03097,Network,Critical,Resolved,Finance,Amit Sharma,2024-05-02 11:50:46,2024-05-02 13:50:46,2.0,No,No
TKT-03098,Hardware,Low,Resolved,Marketing,Vikram Joshi,2023-10-08 06:10:36,2023-10-10 10:10:36,52.0,No,Yes
TKT-03099,Hardware,Medium,Closed,Sales,Rohit Verma,2023-06-20 05:11:23,2023-06-22 12:11:23,55.0,Yes,No
TKT-03100,Software,High,Closed,Legal,Suresh Kumar,2024-11-04 19:51:19,2024-11-05 19:51:19,24.0,No,No
TKT-03101,Email,Low,Closed,Finance,Priya Singh,2024-09-11 14:12:30,2024-09-13 13:12:30,47.0,No,No
TKT-03102,Software,Medium,Resolved,Legal,Suresh Kumar,2024-12-17 10:19:49,2024-12-18 13:19:49,27.0,No,No
TKT-03103,Printer,Low,Resolved,Legal,Rohit Verma,2023-06-20 02:23:28,2023-06-21 22:23:28,44.0,No,No
TKT-03104,Hardware,Medium,Resolved,Operations,Neha Gupta,2023-11-15 04:50:24,2023-11-17 16:50:24,60.0,Yes,No
TKT-03105,Email,Low,Resolved,Finance,Priya Singh,2023-12-03 18:11:48,2023-12-06 19:11:48,73.0,Yes,Yes
TKT-03106,Access/Login,Medium,Closed,Sales,Priya Singh,2024-09-13 07:06:33,2024-09-13 12:06:33,5.0,No,No
TKT-03107,Email,High,Resolved,HR,Suresh Kumar,2024-09-05 15:05:48,2024-09-06 03:05:48,12.0,No,No
TKT-03108,Hardware,Medium,Resolved,IT,Amit Sharma,2023-01-13 07:01:26,2023-01-13 18:01:26,11.0,No,No
TKT-03109,Software,High,Resolved,IT,Vikram Joshi,2024-12-03 00:26:50,2024-12-03 12:26:50,12.0,No,No
TKT-03110,Printer,High,Closed,IT,Rohit Verma,2024-07-01 07:59:47,2024-07-02 13:59:47,30.0,Yes,No
TKT-03111,Printer,Low,Closed,HR,Neha Gupta,2024-09-02 15:24:43,2024-09-04 06:24:43,39.0,No,No
TKT-03112,Email,Low,Closed,Operations,Rohit Verma,2023-06-22 06:25:55,2023-06-24 08:25:55,50.0,No,No
TKT-03113,Hardware,Low,Closed,HR,Rohit Verma,2023-07-06 09:50:44,2023-07-08 00:50:44,39.0,No,No
TKT-03114,Hardware,Medium,Resolved,Marketing,Vikram Joshi,2023-05-19 09:50:40,2023-05-19 20:50:40,11.0,No,No
TKT-03115,Network,Low,Open,Operations,Vikram Joshi,2023-07-01 13:20:37,,,,Yes
TKT-03116,Printer,Low,Resolved,Finance,Rohit Verma,2024-04-20 02:14:47,2024-04-21 20:14:47,42.0,No,Yes
TKT-03117,Hardware,Medium,Resolved,Legal,Rohit Verma,2024-05-06 02:22:05,2024-05-08 10:22:05,56.0,Yes,No
TKT-03118,Printer,Critical,Closed,Operations,Priya Singh,2024-03-28 11:44:26,2024-03-28 20:44:26,9.0,Yes,No
TKT-03119,Access/Login,Medium,Resolved,Marketing,Neha Gupta,2024-05-21 21:11:52,2024-05-22 14:11:52,17.0,No,No
TKT-03120,Software,Medium,In Progress,IT,Rohit Verma,2024-06-10 06:05:55,,,,No
TKT-03121,Hardware,Low,Resolved,Operations,Anjali Mehta,2023-01-25 07:55:47,2023-01-27 06:55:47,47.0,No,No
TKT-03122,Email,Medium,Closed,Legal,Rohit Verma,2023-06-07 14:17:12,2023-06-09 04:17:12,38.0,No,No
TKT-03123,Software,Critical,Resolved,IT,Anjali Mehta,2024-05-10 04:26:17,2024-05-10 07:26:17,3.0,No,No
TKT-03124,Hardware,High,Resolved,IT,Priya Singh,2024-01-31 19:06:07,2024-02-01 02:06:07,7.0,No,No
TKT-03125,Network,Critical,Open,Marketing,Vikram Joshi,2023-11-05 14:24:35,,,,Yes
TKT-03126,Email,Medium,Closed,Finance,Priya Singh,2024-07-24 03:54:02,2024-07-24 08:54:02,5.0,No,No
TKT-03127,Email,Low,Closed,Marketing,Anjali Mehta,2024-05-04 14:51:44,2024-05-07 03:51:44,61.0,No,Yes
TKT-03128,Access/Login,Low,Resolved,Operations,Vikram Joshi,2023-03-18 15:16:04,2023-03-20 09:16:04,42.0,No,Yes
TKT-03129,Hardware,High,Resolved,Finance,Priya Singh,2023-07-15 07:18:02,2023-07-15 18:18:02,11.0,No,Yes
TKT-03130,Email,Low,Resolved,HR,Suresh Kumar,2024-04-28 10:21:53,2024-05-01 01:21:53,63.0,No,Yes
TKT-03131,Hardware,Low,Resolved,Sales,Vikram Joshi,2023-10-07 01:02:07,2023-10-09 06:02:07,53.0,No,Yes
TKT-03132,Email,Medium,Resolved,HR,Neha Gupta,2024-09-22 19:23:57,2024-09-24 17:23:57,46.0,No,Yes
TKT-03133,Printer,Low,Resolved,Marketing,Vikram Joshi,2024-09-28 15:01:24,2024-09-29 11:01:24,20.0,No,Yes
TKT-03134,Network,High,Closed,Finance,Priya Singh,2024-03-05 14:33:45,2024-03-06 18:33:45,28.0,Yes,No
TKT-03135,Hardware,Low,Closed,IT,Vikram Joshi,2023-03-24 22:43:59,2023-03-25 08:43:59,10.0,No,No
TKT-03136,Hardware,Critical,Resolved,IT,Anjali Mehta,2023-05-14 05:28:13,2023-05-14 10:28:13,5.0,Yes,Yes
TKT-03137,Access/Login,Low,Closed,IT,Vikram Joshi,2023-03-26 18:07:34,2023-03-27 11:07:34,17.0,No,Yes
TKT-03138,Access/Login,Low,Closed,Marketing,Rohit Verma,2023-08-12 23:55:44,2023-08-13 10:55:44,11.0,No,Yes
TKT-03139,Software,Medium,Resolved,IT,Amit Sharma,2023-09-08 00:45:51,2023-09-10 09:45:51,57.0,Yes,No
TKT-03140,Software,Medium,Resolved,Legal,Priya Singh,2024-02-19 04:15:03,2024-02-19 16:15:03,12.0,No,No
TKT-03141,Network,Low,Resolved,IT,Rohit Verma,2024-07-15 17:13:57,2024-07-16 20:13:57,27.0,No,No
TKT-03142,Access/Login,Medium,Open,Sales,Amit Sharma,2024-11-25 14:44:46,,,,No
TKT-03143,Access/Login,Medium,Resolved,Sales,Neha Gupta,2023-02-14 15:58:22,2023-02-16 20:58:22,53.0,Yes,No
TKT-03144,Printer,Low,Resolved,Sales,Priya Singh,2023-07-26 22:25:59,2023-07-30 15:25:59,89.0,Yes,No
TKT-03145,Access/Login,High,Resolved,Legal,Rohit Verma,2024-06-14 07:53:37,2024-06-15 02:53:37,19.0,No,No
TKT-03146,Hardware,Critical,Open,IT,Suresh Kumar,2023-04-13 22:20:13,,,,No
TKT-03147,Network,Medium,Resolved,Finance,Rohit Verma,2024-11-02 22:42:35,2024-11-03 17:42:35,19.0,No,Yes
TKT-03148,Network,High,Resolved,IT,Priya Singh,2023-10-19 10:35:28,2023-10-19 23:35:28,13.0,No,No
TKT-03149,Network,High,Closed,IT,Suresh Kumar,2024-12-28 17:42:07,2024-12-29 13:42:07,20.0,No,Yes
TKT-03150,Software,Medium,Resolved,Operations,Rohit Verma,2024-02-26 01:01:40,2024-02-27 06:01:40,29.0,No,No
TKT-03151,Access/Login,Medium,Resolved,Marketing,Neha Gupta,2024-10-23 07:41:09,2024-10-24 00:41:09,17.0,No,No
TKT-03152,Printer,High,Resolved,HR,Amit Sharma,2024-11-15 02:17:45,2024-11-15 11:17:45,9.0,No,No
TKT-03153,Network,Medium,Resolved,Marketing,Rohit Verma,2024-07-08 13:51:15,2024-07-08 23:51:15,10.0,No,No
TKT-03154,Software,Medium,Closed,HR,Vikram Joshi,2023-02-15 06:59:40,2023-02-17 00:59:40,42.0,No,No
TKT-03155,Access/Login,Medium,Resolved,IT,Amit Sharma,2023-01-08 11:37:16,2023-01-09 23:37:16,36.0,No,Yes
TKT-03156,Printer,Low,Resolved,Operations,Suresh Kumar,2023-01-29 16:10:10,2023-01-31 11:10:10,43.0,No,Yes
TKT-03157,Hardware,Medium,Resolved,Operations,Vikram Joshi,2024-08-29 16:23:19,2024-09-01 02:23:19,58.0,Yes,No
TKT-03158,Access/Login,Low,Resolved,IT,Priya Singh,2023-02-03 01:41:12,2023-02-05 12:41:12,59.0,No,No
TKT-03159,Email,Critical,In Progress,Legal,Amit Sharma,2024-08-01 04:23:12,,,,No
TKT-03160,Email,Medium,Closed,Operations,Suresh Kumar,2024-12-27 18:01:53,2024-12-28 02:01:53,8.0,No,No
TKT-03161,Access/Login,Critical,Resolved,Legal,Amit Sharma,2023-08-27 01:44:48,2023-08-27 06:44:48,5.0,Yes,Yes
TKT-03162,Network,Low,Resolved,Legal,Vikram Joshi,2024-06-13 17:43:01,2024-06-17 02:43:01,81.0,Yes,No
TKT-03163,Software,Medium,Closed,IT,Amit Sharma,2024-01-05 14:03:23,2024-01-05 21:03:23,7.0,No,No
TKT-03164,Access/Login,Low,Resolved,Operations,Priya Singh,2024-04-08 23:23:21,2024-04-10 12:23:21,37.0,No,No
TKT-03165,Printer,Medium,Resolved,Legal,Neha Gupta,2024-09-24 02:54:08,2024-09-26 03:54:08,49.0,Yes,No
TKT-03166,Email,Critical,Resolved,Finance,Neha Gupta,2023-09-16 23:35:26,2023-09-17 09:35:26,10.0,Yes,Yes
TKT-03167,Printer,Low,Resolved,HR,Vikram Joshi,2024-07-22 17:44:22,2024-07-25 20:44:22,75.0,Yes,No
TKT-03168,Access/Login,Medium,Closed,Sales,Anjali Mehta,2024-04-09 14:13:32,2024-04-11 22:13:32,56.0,Yes,No
TKT-03169,Access/Login,Medium,Resolved,IT,Priya Singh,2024-03-16 10:41:24,2024-03-18 10:41:24,48.0,No,Yes
TKT-03170,Printer,Medium,Closed,Legal,Suresh Kumar,2023-02-25 22:28:41,2023-02-27 04:28:41,30.0,No,Yes
TKT-03171,Printer,Medium,Resolved,Marketing,Anjali Mehta,2023-01-04 20:45:56,2023-01-06 13:45:56,41.0,No,No
TKT-03172,Hardware,Medium,Resolved,Marketing,Vikram Joshi,2024-02-11 06:49:05,2024-02-12 14:49:05,32.0,No,Yes
TKT-03173,Email,High,Closed,IT,Amit Sharma,2024-03-13 02:15:45,2024-03-13 10:15:45,8.0,No,No
TKT-03174,Hardware,High,Resolved,Finance,Suresh Kumar,2023-06-13 02:41:30,2023-06-13 10:41:30,8.0,No,No
TKT-03175,Email,Low,Open,Legal,Suresh Kumar,2023-05-02 00:08:21,,,,No
TKT-03176,Software,Medium,Closed,IT,Anjali Mehta,2023-05-10 07:24:18,2023-05-12 13:24:18,54.0,Yes,No
TKT-03177,Access/Login,Low,Closed,HR,Suresh Kumar,2023-03-25 11:10:03,2023-03-28 03:10:03,64.0,No,Yes
TKT-03178,Email,Low,Resolved,Sales,Priya Singh,2024-07-17 20:41:10,2024-07-18 09:41:10,13.0,No,No
TKT-03179,Email,Medium,Closed,HR,Anjali Mehta,2023-10-15 14:10:00,2023-10-16 15:10:00,25.0,No,Yes
TKT-03180,Printer,Low,Resolved,Legal,Suresh Kumar,2024-08-17 02:11:21,2024-08-20 18:11:21,88.0,Yes,Yes
TKT-03181,Access/Login,Medium,Resolved,Sales,Vikram Joshi,2023-07-01 15:28:26,2023-07-03 00:28:26,33.0,No,Yes
TKT-03182,Network,Low,Closed,Finance,Rohit Verma,2023-07-19 06:35:51,2023-07-20 21:35:51,39.0,No,No
TKT-03183,Printer,High,Open,Marketing,Priya Singh,2024-05-27 08:40:22,,,,No
TKT-03184,Hardware,Medium,Closed,HR,Neha Gupta,2023-08-02 20:07:07,2023-08-04 18:07:07,46.0,No,No
TKT-03185,Printer,Low,Open,Operations,Suresh Kumar,2023-03-10 04:49:21,,,,No
TKT-03186,Email,Critical,Closed,Legal,Anjali Mehta,2024-01-02 15:06:26,2024-01-02 16:06:26,1.0,No,No
TKT-03187,Software,Critical,Closed,HR,Neha Gupta,2023-02-27 04:46:02,2023-02-27 11:46:02,7.0,Yes,No
TKT-03188,Printer,Low,Resolved,HR,Priya Singh,2023-05-07 08:35:56,2023-05-07 21:35:56,13.0,No,Yes
TKT-03189,Hardware,Medium,Open,Legal,Amit Sharma,2023-06-23 21:08:06,,,,No
TKT-03190,Email,Low,In Progress,Operations,Priya Singh,2024-04-24 18:08:50,,,,No
TKT-03191,Network,High,Resolved,Legal,Amit Sharma,2024-12-26 11:14:18,2024-12-27 05:14:18,18.0,No,No
TKT-03192,Printer,Medium,Resolved,Operations,Priya Singh,2023-11-02 19:34:58,2023-11-04 16:34:58,45.0,No,No
TKT-03193,Hardware,Medium,Resolved,Operations,Anjali Mehta,2024-03-07 07:39:59,2024-03-09 10:39:59,51.0,Yes,No
TKT-03194,Hardware,Low,Resolved,IT,Priya Singh,2024-03-07 11:55:11,2024-03-07 22:55:11,11.0,No,No
TKT-03195,Software,High,Resolved,HR,Neha Gupta,2023-10-01 14:26:07,2023-10-02 16:26:07,26.0,Yes,Yes
TKT-03196,Access/Login,Low,In Progress,Sales,Rohit Verma,2023-06-03 08:16:23,,,,Yes
TKT-03197,Access/Login,Medium,Resolved,Sales,Rohit Verma,2023-03-27 10:11:30,2023-03-29 10:11:30,48.0,No,No
TKT-03198,Hardware,Low,Resolved,Marketing,Rohit Verma,2024-09-21 17:00:53,2024-09-22 21:00:53,28.0,No,Yes
TKT-03199,Software,Medium,Resolved,HR,Priya Singh,2023-01-04 15:17:12,2023-01-06 01:17:12,34.0,No,No
TKT-03200,Hardware,Low,In Progress,Operations,Neha Gupta,2023-02-01 11:13:41,,,,No
TKT-03201,Software,Medium,Closed,IT,Amit Sharma,2023-10-06 21:11:22,2023-10-09 02:11:22,53.0,Yes,No
TKT-03202,Access/Login,Medium,Open,Marketing,Rohit Verma,2024-11-19 17:30:21,,,,No
TKT-03203,Printer,High,Resolved,Legal,Amit Sharma,2024-06-24 11:41:37,2024-06-25 03:41:37,16.0,No,No
TKT-03204,Network,Medium,In Progress,Legal,Neha Gupta,2023-04-17 14:40:31,,,,No
TKT-03205,Email,Low,Resolved,Marketing,Suresh Kumar,2023-11-24 13:59:35,2023-11-27 08:59:35,67.0,No,No
TKT-03206,Network,Low,Closed,IT,Priya Singh,2024-02-12 17:54:07,2024-02-14 04:54:07,35.0,No,No
TKT-03207,Hardware,Medium,Open,Operations,Vikram Joshi,2023-04-23 20:25:16,,,,Yes
TKT-03208,Email,Low,Resolved,Sales,Suresh Kumar,2023-08-11 05:48:13,2023-08-14 05:48:13,72.0,No,No
TKT-03209,Software,High,In Progress,Finance,Suresh Kumar,2023-07-09 12:23:49,,,,Yes
TKT-03210,Access/Login,Medium,Resolved,IT,Neha Gupta,2023-03-31 07:39:10,2023-03-31 16:39:10,9.0,No,No
TKT-03211,Email,Medium,Resolved,Sales,Neha Gupta,2024-02-19 21:06:27,2024-02-21 15:06:27,42.0,No,No
TKT-03212,Printer,High,Closed,Marketing,Suresh Kumar,2023-03-19 16:16:53,2023-03-20 00:16:53,8.0,No,Yes
TKT-03213,Email,High,Open,IT,Suresh Kumar,2024-05-13 02:22:58,,,,No
TKT-03214,Access/Login,Medium,Resolved,Legal,Neha Gupta,2024-02-19 10:43:43,2024-02-20 10:43:43,24.0,No,No
TKT-03215,Network,Medium,Resolved,Legal,Vikram Joshi,2024-04-10 18:12:09,2024-04-12 13:12:09,43.0,No,No
TKT-03216,Hardware,Medium,Closed,Marketing,Priya Singh,2023-09-25 22:47:04,2023-09-26 08:47:04,10.0,No,No
TKT-03217,Access/Login,Low,Resolved,HR,Rohit Verma,2023-07-25 12:33:31,2023-07-27 12:33:31,48.0,No,No
TKT-03218,Access/Login,Low,Closed,Marketing,Amit Sharma,2024-01-22 03:36:44,2024-01-24 04:36:44,49.0,No,No
TKT-03219,Hardware,High,Closed,Operations,Amit Sharma,2023-06-21 22:44:48,2023-06-22 03:44:48,5.0,No,No
TKT-03220,Software,Medium,Closed,Sales,Priya Singh,2023-11-23 12:15:57,2023-11-24 23:15:57,35.0,No,No
TKT-03221,Email,Medium,Resolved,Sales,Vikram Joshi,2024-03-23 09:53:55,2024-03-24 09:53:55,24.0,No,Yes
TKT-03222,Network,Critical,Resolved,Marketing,Anjali Mehta,2024-10-26 04:14:20,2024-10-26 07:14:20,3.0,No,Yes
TKT-03223,Software,Medium,Resolved,Operations,Neha Gupta,2024-03-04 08:46:12,2024-03-05 16:46:12,32.0,No,No
TKT-03224,Email,Critical,Closed,Operations,Neha Gupta,2024-01-04 00:51:08,2024-01-04 09:51:08,9.0,Yes,No
TKT-03225,Hardware,Medium,Open,IT,Suresh Kumar,2023-10-22 09:12:28,,,,Yes
TKT-03226,Printer,Medium,Closed,HR,Neha Gupta,2024-03-28 22:23:06,2024-03-30 05:23:06,31.0,No,No
TKT-03227,Email,Medium,Resolved,IT,Priya Singh,2023-10-25 00:09:05,2023-10-27 11:09:05,59.0,Yes,No
TKT-03228,Network,Low,In Progress,IT,Rohit Verma,2024-10-02 05:07:05,,,,No
TKT-03229,Software,Critical,Closed,IT,Anjali Mehta,2024-11-27 02:21:38,2024-11-27 09:21:38,7.0,Yes,No
TKT-03230,Hardware,Low,Resolved,IT,Priya Singh,2024-08-10 19:58:24,2024-08-12 02:58:24,31.0,No,Yes
TKT-03231,Hardware,Low,Resolved,Operations,Vikram Joshi,2024-03-18 02:44:22,2024-03-19 10:44:22,32.0,No,No
TKT-03232,Email,High,Closed,Marketing,Amit Sharma,2024-07-24 18:24:26,2024-07-25 12:24:26,18.0,No,No
TKT-03233,Software,Low,Resolved,Sales,Anjali Mehta,2024-06-18 03:20:33,2024-06-19 12:20:33,33.0,No,No
TKT-03234,Network,High,Resolved,Operations,Amit Sharma,2023-05-17 07:50:58,2023-05-17 22:50:58,15.0,No,No
TKT-03235,Access/Login,High,Closed,Legal,Priya Singh,2023-12-12 09:20:50,2023-12-12 13:20:50,4.0,No,No
TKT-03236,Printer,High,Resolved,HR,Vikram Joshi,2024-04-06 15:35:16,2024-04-07 18:35:16,27.0,Yes,Yes
TKT-03237,Printer,Low,In Progress,Operations,Vikram Joshi,2024-02-07 04:48:19,,,,No
TKT-03238,Printer,Low,Closed,Sales,Amit Sharma,2023-07-18 23:01:39,2023-07-20 19:01:39,44.0,No,No
TKT-03239,Network,Low,Open,Operations,Vikram Joshi,2024-12-06 21:02:17,,,,No
TKT-03240,Network,Medium,Resolved,Marketing,Vikram Joshi,2023-08-10 09:30:15,2023-08-11 10:30:15,25.0,No,No
TKT-03241,Network,Low,Open,IT,Anjali Mehta,2024-04-23 08:54:27,,,,No
TKT-03242,Access/Login,Low,Resolved,IT,Amit Sharma,2023-06-23 04:51:20,2023-06-23 20:51:20,16.0,No,No
TKT-03243,Software,High,Open,Marketing,Rohit Verma,2024-04-12 17:34:29,,,,No
TKT-03244,Network,Critical,In Progress,Finance,Suresh Kumar,2023-12-26 02:07:29,,,,No
TKT-03245,Email,Low,Resolved,IT,Neha Gupta,2024-01-05 16:41:42,2024-01-06 22:41:42,30.0,No,No
TKT-03246,Software,Medium,In Progress,Operations,Suresh Kumar,2023-08-31 22:08:12,,,,No
TKT-03247,Printer,Medium,Closed,Finance,Neha Gupta,2024-06-13 03:47:34,2024-06-13 18:47:34,15.0,No,No
TKT-03248,Hardware,Critical,Resolved,Marketing,Neha Gupta,2023-09-11 19:38:34,2023-09-11 23:38:34,4.0,No,No
TKT-03249,Printer,Low,Closed,Finance,Priya Singh,2023-12-23 11:07:06,2023-12-24 04:07:06,17.0,No,Yes
TKT-03250,Network,Low,Resolved,Operations,Amit Sharma,2024-03-01 01:36:57,2024-03-03 18:36:57,65.0,No,No
TKT-03251,Printer,Critical,Closed,HR,Suresh Kumar,2023-04-10 09:23:10,2023-04-10 11:23:10,2.0,No,No
TKT-03252,Email,Medium,Resolved,Legal,Anjali Mehta,2023-04-10 20:32:01,2023-04-11 19:32:01,23.0,No,No
TKT-03253,Hardware,Low,Closed,Finance,Vikram Joshi,2024-06-12 05:33:31,2024-06-14 16:33:31,59.0,No,No
TKT-03254,Network,Medium,Closed,Operations,Amit Sharma,2023-04-24 00:39:43,2023-04-24 15:39:43,15.0,No,No
TKT-03255,Software,Low,Resolved,Operations,Anjali Mehta,2024-11-10 01:02:58,2024-11-12 14:02:58,61.0,No,Yes
TKT-03256,Printer,Medium,Resolved,HR,Rohit Verma,2024-05-25 06:14:05,2024-05-27 01:14:05,43.0,No,Yes
TKT-03257,Printer,Low,Resolved,Sales,Rohit Verma,2023-10-18 22:52:01,2023-10-20 19:52:01,45.0,No,No
TKT-03258,Email,Medium,Closed,Finance,Anjali Mehta,2024-11-19 18:36:10,2024-11-20 04:36:10,10.0,No,No
TKT-03259,Network,Medium,Resolved,Operations,Suresh Kumar,2023-11-19 09:10:32,2023-11-21 12:10:32,51.0,Yes,Yes
TKT-03260,Network,Medium,Closed,Legal,Neha Gupta,2024-10-23 02:47:50,2024-10-23 15:47:50,13.0,No,No
TKT-03261,Software,Low,Closed,Operations,Neha Gupta,2023-09-03 21:38:37,2023-09-04 07:38:37,10.0,No,Yes
TKT-03262,Software,High,Resolved,Operations,Rohit Verma,2023-12-07 09:15:02,2023-12-07 22:15:02,13.0,No,No
TKT-03263,Email,Critical,Resolved,IT,Suresh Kumar,2023-05-30 13:04:57,2023-05-30 14:04:57,1.0,No,No
TKT-03264,Access/Login,Low,Resolved,Finance,Neha Gupta,2023-08-04 11:02:11,2023-08-04 22:02:11,11.0,No,No
TKT-03265,Printer,Medium,Closed,Marketing,Anjali Mehta,2024-04-12 18:40:59,2024-04-13 16:40:59,22.0,No,No
TKT-03266,Email,Medium,Resolved,Legal,Priya Singh,2024-11-27 22:15:03,2024-11-28 05:15:03,7.0,No,No
TKT-03267,Software,Low,Closed,Marketing,Amit Sharma,2023-04-15 04:46:58,2023-04-16 08:46:58,28.0,No,Yes
TKT-03268,Email,Low,Resolved,Finance,Vikram Joshi,2023-08-13 19:56:11,2023-08-16 15:56:11,68.0,No,Yes
TKT-03269,Access/Login,Medium,Resolved,Legal,Amit Sharma,2023-01-26 05:19:42,2023-01-28 03:19:42,46.0,No,No
TKT-03270,Access/Login,Low,Closed,Operations,Neha Gupta,2023-12-18 23:31:24,2023-12-19 14:31:24,15.0,No,No
TKT-03271,Network,Critical,In Progress,Sales,Anjali Mehta,2023-05-16 21:12:35,,,,No
TKT-03272,Printer,Medium,Resolved,Sales,Rohit Verma,2024-07-02 09:17:01,2024-07-04 04:17:01,43.0,No,No
TKT-03273,Network,Low,Resolved,Operations,Amit Sharma,2024-05-05 19:41:44,2024-05-09 13:41:44,90.0,Yes,Yes
TKT-03274,Email,Medium,Closed,Operations,Priya Singh,2024-07-06 23:02:29,2024-07-09 09:02:29,58.0,Yes,Yes
TKT-03275,Network,Medium,Resolved,Legal,Priya Singh,2024-04-01 18:12:54,2024-04-04 01:12:54,55.0,Yes,No
TKT-03276,Software,Low,Closed,HR,Rohit Verma,2024-01-30 17:39:20,2024-02-02 07:39:20,62.0,No,No
TKT-03277,Access/Login,Low,Resolved,Finance,Rohit Verma,2024-04-06 16:54:03,2024-04-09 23:54:03,79.0,Yes,Yes
TKT-03278,Hardware,Low,Open,Finance,Vikram Joshi,2023-01-27 09:55:45,,,,No
TKT-03279,Software,Medium,In Progress,Sales,Suresh Kumar,2024-01-16 06:07:53,,,,No
TKT-03280,Software,Medium,Resolved,Finance,Anjali Mehta,2023-11-04 13:33:11,2023-11-05 21:33:11,32.0,No,Yes
TKT-03281,Network,Medium,Resolved,IT,Suresh Kumar,2023-07-10 17:26:13,2023-07-11 21:26:13,28.0,No,No
TKT-03282,Network,Medium,Resolved,Operations,Rohit Verma,2023-06-30 11:59:01,2023-07-01 20:59:01,33.0,No,No
TKT-03283,Hardware,High,In Progress,Marketing,Anjali Mehta,2024-01-01 10:49:19,,,,No
TKT-03284,Printer,Critical,In Progress,Operations,Amit Sharma,2024-03-22 04:33:24,,,,No
TKT-03285,Email,Critical,Resolved,Marketing,Suresh Kumar,2023-03-26 21:58:37,2023-03-27 04:58:37,7.0,Yes,Yes
TKT-03286,Printer,Critical,Open,IT,Suresh Kumar,2023-07-31 22:01:58,,,,No
TKT-03287,Hardware,Medium,Resolved,Sales,Anjali Mehta,2024-02-06 21:25:18,2024-02-08 09:25:18,36.0,No,No
TKT-03288,Access/Login,Medium,In Progress,Sales,Anjali Mehta,2023-07-11 08:23:27,,,,No
TKT-03289,Software,Critical,Closed,Legal,Neha Gupta,2024-05-22 07:02:44,2024-05-22 11:02:44,4.0,No,No
TKT-03290,Hardware,High,Resolved,Finance,Priya Singh,2023-04-07 05:52:36,2023-04-07 18:52:36,13.0,No,No
TKT-03291,Access/Login,Low,Resolved,Legal,Priya Singh,2024-04-12 01:03:37,2024-04-15 16:03:37,87.0,Yes,No
TKT-03292,Printer,Low,Closed,Legal,Neha Gupta,2024-07-21 19:50:18,2024-07-23 18:50:18,47.0,No,Yes
TKT-03293,Email,Critical,Resolved,Legal,Priya Singh,2024-09-08 06:35:29,2024-09-08 14:35:29,8.0,Yes,Yes
TKT-03294,Access/Login,Medium,Closed,Finance,Rohit Verma,2023-05-03 16:40:40,2023-05-05 01:40:40,33.0,No,No
TKT-03295,Email,Critical,Resolved,Marketing,Suresh Kumar,2023-03-20 07:06:34,2023-03-20 08:06:34,1.0,No,No
TKT-03296,Software,Low,Resolved,Operations,Amit Sharma,2024-08-01 09:41:12,2024-08-03 03:41:12,42.0,No,No
TKT-03297,Access/Login,Medium,Resolved,Legal,Priya Singh,2024-12-10 03:18:50,2024-12-11 01:18:50,22.0,No,No
TKT-03298,Software,Critical,Resolved,HR,Suresh Kumar,2023-04-28 20:11:31,2023-04-29 06:11:31,10.0,Yes,No
TKT-03299,Hardware,High,Resolved,Legal,Rohit Verma,2023-03-31 11:30:41,2023-04-01 15:30:41,28.0,Yes,No
TKT-03300,Printer,Medium,Open,HR,Neha Gupta,2024-03-06 15:10:02,,,,No
TKT-03301,Email,Low,Closed,Finance,Amit Sharma,2024-08-21 16:53:38,2024-08-22 05:53:38,13.0,No,No
TKT-03302,Network,Critical,Resolved,Finance,Priya Singh,2023-05-26 04:23:25,2023-05-26 07:23:25,3.0,No,No
TKT-03303,Software,Medium,Resolved,Finance,Priya Singh,2023-06-02 09:33:11,2023-06-03 16:33:11,31.0,No,No
TKT-03304,Printer,Critical,In Progress,IT,Rohit Verma,2023-01-01 15:35:31,,,,Yes
TKT-03305,Hardware,Low,Resolved,Finance,Neha Gupta,2023-06-27 20:29:10,2023-06-28 10:29:10,14.0,No,No
TKT-03306,Software,Medium,Closed,Finance,Anjali Mehta,2023-11-16 02:48:07,2023-11-16 12:48:07,10.0,No,No
TKT-03307,Printer,Medium,Closed,Marketing,Amit Sharma,2023-06-02 04:40:38,2023-06-03 16:40:38,36.0,No,No
TKT-03308,Printer,Medium,Resolved,Legal,Vikram Joshi,2023-10-23 04:42:15,2023-10-24 17:42:15,37.0,No,No
TKT-03309,Access/Login,Medium,Resolved,HR,Vikram Joshi,2023-02-28 21:17:26,2023-03-03 07:17:26,58.0,Yes,No
TKT-03310,Hardware,Low,Resolved,Legal,Suresh Kumar,2023-02-15 06:06:59,2023-02-17 13:06:59,55.0,No,No
TKT-03311,Network,Critical,Closed,Sales,Suresh Kumar,2023-03-12 09:52:32,2023-03-12 19:52:32,10.0,Yes,Yes
TKT-03312,Access/Login,Medium,Resolved,Operations,Priya Singh,2023-10-13 21:21:46,2023-10-15 22:21:46,49.0,Yes,No
TKT-03313,Printer,Medium,Closed,Operations,Anjali Mehta,2024-12-20 05:04:25,2024-12-22 15:04:25,58.0,Yes,No
TKT-03314,Network,Medium,Closed,IT,Amit Sharma,2023-01-15 00:14:09,2023-01-17 04:14:09,52.0,Yes,Yes
TKT-03315,Network,Low,Resolved,Marketing,Vikram Joshi,2024-05-27 16:30:31,2024-05-29 04:30:31,36.0,No,No
TKT-03316,Access/Login,Low,Resolved,Marketing,Priya Singh,2024-04-09 10:16:46,2024-04-12 23:16:46,85.0,Yes,No
TKT-03317,Hardware,Low,Resolved,Operations,Suresh Kumar,2024-01-25 06:07:30,2024-01-28 12:07:30,78.0,Yes,No
TKT-03318,Printer,High,Resolved,Operations,Rohit Verma,2024-07-05 16:25:08,2024-07-06 01:25:08,9.0,No,No
TKT-03319,Hardware,Low,Resolved,Marketing,Neha Gupta,2024-11-24 19:57:43,2024-11-27 12:57:43,65.0,No,Yes
TKT-03320,Software,Critical,Open,Operations,Anjali Mehta,2024-04-12 06:29:46,,,,No
TKT-03321,Printer,Low,Resolved,IT,Anjali Mehta,2023-11-22 07:57:56,2023-11-25 09:57:56,74.0,Yes,No
TKT-03322,Email,High,Closed,Finance,Priya Singh,2023-08-20 13:39:05,2023-08-21 11:39:05,22.0,No,Yes
TKT-03323,Printer,Medium,Resolved,Operations,Vikram Joshi,2023-11-09 09:12:23,2023-11-09 18:12:23,9.0,No,No
TKT-03324,Hardware,Medium,Resolved,Marketing,Priya Singh,2024-04-15 07:06:26,2024-04-17 00:06:26,41.0,No,No
TKT-03325,Access/Login,Medium,Closed,Operations,Suresh Kumar,2023-05-07 16:26:40,2023-05-10 04:26:40,60.0,Yes,Yes
TKT-03326,Hardware,High,Resolved,IT,Anjali Mehta,2023-07-18 01:23:53,2023-07-18 11:23:53,10.0,No,No
TKT-03327,Access/Login,Low,Closed,Finance,Amit Sharma,2023-10-08 12:48:39,2023-10-12 05:48:39,89.0,Yes,Yes
TKT-03328,Software,Medium,Resolved,Legal,Suresh Kumar,2024-11-23 20:18:55,2024-11-25 13:18:55,41.0,No,Yes
TKT-03329,Access/Login,Low,Resolved,HR,Amit Sharma,2024-09-14 21:52:32,2024-09-17 12:52:32,63.0,No,Yes
TKT-03330,Printer,Medium,Closed,Sales,Rohit Verma,2023-11-07 03:09:29,2023-11-09 02:09:29,47.0,No,No
TKT-03331,Network,Medium,Closed,IT,Rohit Verma,2024-02-20 08:56:03,2024-02-21 00:56:03,16.0,No,No
TKT-03332,Access/Login,Low,Resolved,IT,Suresh Kumar,2023-04-28 07:10:28,2023-05-01 02:10:28,67.0,No,No
TKT-03333,Email,High,Resolved,HR,Rohit Verma,2024-12-20 12:58:09,2024-12-21 02:58:09,14.0,No,No
TKT-03334,Network,Medium,Resolved,Sales,Vikram Joshi,2024-08-19 10:30:51,2024-08-20 07:30:51,21.0,No,No
TKT-03335,Email,Medium,In Progress,HR,Priya Singh,2023-05-21 10:26:17,,,,Yes
TKT-03336,Email,Critical,Resolved,Legal,Priya Singh,2024-03-04 09:30:27,2024-03-04 10:30:27,1.0,No,No
TKT-03337,Printer,Low,Resolved,Finance,Neha Gupta,2023-02-06 01:32:26,2023-02-07 11:32:26,34.0,No,No
TKT-03338,Network,High,Resolved,Finance,Suresh Kumar,2023-12-12 18:14:45,2023-12-13 01:14:45,7.0,No,No
TKT-03339,Printer,Medium,Resolved,Operations,Anjali Mehta,2023-04-28 21:15:42,2023-04-29 16:15:42,19.0,No,No
TKT-03340,Network,High,Resolved,Marketing,Suresh Kumar,2024-06-28 03:28:46,2024-06-29 05:28:46,26.0,Yes,No
TKT-03341,Printer,Low,Closed,Operations,Neha Gupta,2023-05-19 14:08:58,2023-05-23 01:08:58,83.0,Yes,No
TKT-03342,Network,Critical,Closed,HR,Priya Singh,2023-08-13 07:32:12,2023-08-13 12:32:12,5.0,Yes,Yes
TKT-03343,Email,Low,Resolved,HR,Neha Gupta,2024-03-22 18:49:29,2024-03-24 06:49:29,36.0,No,No
TKT-03344,Printer,Medium,In Progress,HR,Suresh Kumar,2023-10-26 06:38:06,,,,No
TKT-03345,Email,Low,Resolved,Sales,Suresh Kumar,2023-03-29 09:46:53,2023-04-02 03:46:53,90.0,Yes,No
TKT-03346,Software,Medium,Resolved,Finance,Anjali Mehta,2024-05-26 11:48:56,2024-05-27 08:48:56,21.0,No,Yes
TKT-03347,Printer,High,Open,Legal,Priya Singh,2024-06-15 15:28:13,,,,Yes
TKT-03348,Software,Medium,Resolved,Legal,Vikram Joshi,2024-07-25 04:03:17,2024-07-26 14:03:17,34.0,No,No
TKT-03349,Software,Low,Resolved,Marketing,Neha Gupta,2023-10-07 02:53:46,2023-10-09 22:53:46,68.0,No,Yes
TKT-03350,Access/Login,Medium,Closed,HR,Anjali Mehta,2024-05-04 12:03:30,2024-05-04 21:03:30,9.0,No,Yes
TKT-03351,Printer,Low,In Progress,Operations,Anjali Mehta,2024-04-30 05:09:54,,,,No
TKT-03352,Email,High,Resolved,Operations,Rohit Verma,2024-08-09 21:22:16,2024-08-10 11:22:16,14.0,No,No
TKT-03353,Network,Low,Resolved,Finance,Anjali Mehta,2023-01-20 08:17:13,2023-01-21 22:17:13,38.0,No,No
TKT-03354,Hardware,High,Resolved,Operations,Neha Gupta,2024-04-18 22:16:19,2024-04-19 08:16:19,10.0,No,No
TKT-03355,Access/Login,Medium,Resolved,Operations,Priya Singh,2023-04-22 15:11:58,2023-04-25 02:11:58,59.0,Yes,Yes
TKT-03356,Printer,Low,Resolved,Legal,Suresh Kumar,2024-08-08 06:37:27,2024-08-09 19:37:27,37.0,No,No
TKT-03357,Network,Low,Open,Legal,Vikram Joshi,2024-06-21 20:14:12,,,,No
TKT-03358,Software,Low,Resolved,IT,Vikram Joshi,2023-08-31 23:49:23,2023-09-03 07:49:23,56.0,No,No
TKT-03359,Network,Medium,Closed,Legal,Amit Sharma,2023-08-11 12:19:29,2023-08-12 02:19:29,14.0,No,No
TKT-03360,Access/Login,High,Resolved,IT,Amit Sharma,2023-08-18 05:41:50,2023-08-18 23:41:50,18.0,No,No
TKT-03361,Hardware,Critical,Open,Finance,Neha Gupta,2023-09-19 03:44:35,,,,No
TKT-03362,Network,High,Open,Marketing,Suresh Kumar,2024-01-31 06:53:13,,,,No
TKT-03363,Printer,High,Resolved,IT,Neha Gupta,2024-04-06 08:34:13,2024-04-07 08:34:13,24.0,No,Yes
TKT-03364,Hardware,Medium,Resolved,IT,Rohit Verma,2024-07-20 00:04:55,2024-07-20 17:04:55,17.0,No,Yes
TKT-03365,Hardware,Critical,Open,Operations,Suresh Kumar,2024-01-07 22:27:18,,,,Yes
TKT-03366,Printer,Low,Closed,Sales,Suresh Kumar,2023-04-06 08:21:34,2023-04-07 02:21:34,18.0,No,No
TKT-03367,Hardware,Medium,Resolved,Operations,Suresh Kumar,2024-05-30 23:10:10,2024-06-01 04:10:10,29.0,No,No
TKT-03368,Email,Low,Resolved,Operations,Neha Gupta,2024-12-08 05:33:56,2024-12-10 19:33:56,62.0,No,Yes
TKT-03369,Software,Critical,Closed,IT,Amit Sharma,2024-08-26 14:57:24,2024-08-26 21:57:24,7.0,Yes,No
TKT-03370,Printer,Low,Resolved,Marketing,Vikram Joshi,2023-01-05 09:51:33,2023-01-09 00:51:33,87.0,Yes,No
TKT-03371,Printer,Low,Open,Operations,Amit Sharma,2024-02-27 12:41:17,,,,No
TKT-03372,Email,Medium,Open,Legal,Vikram Joshi,2023-10-02 05:05:14,,,,No
TKT-03373,Hardware,Medium,Resolved,IT,Neha Gupta,2024-05-21 17:30:39,2024-05-22 00:30:39,7.0,No,No
TKT-03374,Hardware,Medium,Resolved,IT,Vikram Joshi,2023-01-06 16:14:38,2023-01-08 10:14:38,42.0,No,No
TKT-03375,Access/Login,Medium,Open,Finance,Rohit Verma,2024-06-08 08:17:04,,,,Yes
TKT-03376,Printer,Medium,In Progress,HR,Priya Singh,2023-09-23 23:48:26,,,,Yes
TKT-03377,Network,Medium,Closed,Legal,Suresh Kumar,2023-07-30 04:53:50,2023-07-30 21:53:50,17.0,No,Yes
TKT-03378,Printer,Medium,Open,IT,Priya Singh,2024-02-27 23:27:52,,,,No
TKT-03379,Hardware,Medium,Resolved,HR,Anjali Mehta,2024-06-08 15:56:29,2024-06-10 00:56:29,33.0,No,Yes
TKT-03380,Network,Low,Resolved,IT,Suresh Kumar,2024-01-28 23:21:56,2024-02-01 14:21:56,87.0,Yes,Yes
TKT-03381,Email,Low,Open,Sales,Amit Sharma,2024-08-20 21:51:27,,,,No
TKT-03382,Software,Low,Resolved,HR,Rohit Verma,2024-04-07 00:58:59,2024-04-09 23:58:59,71.0,No,Yes
TKT-03383,Software,Critical,In Progress,Legal,Rohit Verma,2023-07-14 14:51:00,,,,No
TKT-03384,Access/Login,Low,Closed,IT,Vikram Joshi,2023-10-04 16:59:25,2023-10-07 22:59:25,78.0,Yes,No
TKT-03385,Email,Medium,Open,IT,Suresh Kumar,2024-05-03 21:13:29,,,,No
TKT-03386,Software,Medium,Resolved,Legal,Anjali Mehta,2023-01-20 07:54:47,2023-01-21 10:54:47,27.0,No,No
TKT-03387,Network,Low,In Progress,Operations,Vikram Joshi,2024-03-31 22:25:07,,,,Yes
TKT-03388,Access/Login,High,Resolved,Sales,Vikram Joshi,2023-04-13 09:59:15,2023-04-14 00:59:15,15.0,No,No
TKT-03389,Software,Medium,Resolved,Legal,Neha Gupta,2023-08-28 15:21:36,2023-08-30 14:21:36,47.0,No,No
TKT-03390,Network,Medium,Resolved,IT,Anjali Mehta,2023-11-26 10:28:38,2023-11-28 05:28:38,43.0,No,Yes
TKT-03391,Printer,Medium,Resolved,IT,Suresh Kumar,2023-06-25 15:11:48,2023-06-27 17:11:48,50.0,Yes,Yes
TKT-03392,Email,High,Resolved,Sales,Anjali Mehta,2023-07-30 21:30:28,2023-07-31 04:30:28,7.0,No,Yes
TKT-03393,Software,Low,Resolved,Legal,Anjali Mehta,2023-07-01 21:38:33,2023-07-04 06:38:33,57.0,No,Yes
TKT-03394,Printer,High,Closed,Operations,Neha Gupta,2024-05-22 00:22:04,2024-05-22 16:22:04,16.0,No,No
TKT-03395,Network,Low,Resolved,IT,Anjali Mehta,2024-02-09 08:58:52,2024-02-11 02:58:52,42.0,No,No
TKT-03396,Network,High,Closed,Operations,Rohit Verma,2024-09-06 09:42:33,2024-09-07 02:42:33,17.0,No,No
TKT-03397,Printer,Critical,In Progress,HR,Neha Gupta,2024-03-21 00:03:23,,,,No
TKT-03398,Hardware,Critical,Open,HR,Suresh Kumar,2024-07-21 20:00:01,,,,Yes
TKT-03399,Hardware,Medium,In Progress,HR,Priya Singh,2024-03-02 17:21:20,,,,Yes
TKT-03400,Access/Login,Medium,Resolved,Operations,Rohit Verma,2024-05-21 23:16:41,2024-05-22 17:16:41,18.0,No,No
TKT-03401,Access/Login,Low,Closed,Finance,Suresh Kumar,2024-12-01 20:59:47,2024-12-02 22:59:47,26.0,No,Yes
TKT-03402,Printer,Medium,Resolved,Finance,Vikram Joshi,2024-05-07 07:31:04,2024-05-09 15:31:04,56.0,Yes,No
TKT-03403,Printer,Medium,In Progress,HR,Suresh Kumar,2024-11-25 02:40:07,,,,No
TKT-03404,Hardware,Medium,Resolved,IT,Neha Gupta,2024-05-17 04:46:55,2024-05-17 16:46:55,12.0,No,No
TKT-03405,Access/Login,Medium,In Progress,HR,Priya Singh,2023-12-16 22:02:37,,,,Yes
TKT-03406,Network,Low,In Progress,HR,Priya Singh,2024-12-01 14:05:40,,,,Yes
TKT-03407,Network,Medium,Closed,HR,Priya Singh,2024-01-26 15:17:23,2024-01-27 23:17:23,32.0,No,No
TKT-03408,Access/Login,Medium,Closed,HR,Amit Sharma,2023-11-26 21:18:59,2023-11-29 09:18:59,60.0,Yes,Yes
TKT-03409,Hardware,Medium,Closed,Sales,Vikram Joshi,2024-04-14 05:43:45,2024-04-14 17:43:45,12.0,No,Yes
TKT-03410,Hardware,Medium,Resolved,Legal,Vikram Joshi,2023-11-21 00:45:07,2023-11-21 09:45:07,9.0,No,No
TKT-03411,Access/Login,Critical,Resolved,Sales,Priya Singh,2023-08-29 10:08:59,2023-08-29 12:08:59,2.0,No,No
TKT-03412,Email,Medium,Resolved,Finance,Neha Gupta,2023-04-07 12:09:08,2023-04-07 21:09:08,9.0,No,No
TKT-03413,Network,High,Closed,Operations,Anjali Mehta,2024-03-19 16:15:35,2024-03-20 12:15:35,20.0,No,No
TKT-03414,Printer,Low,Closed,IT,Vikram Joshi,2024-07-21 05:48:27,2024-07-23 00:48:27,43.0,No,Yes
TKT-03415,Email,Low,Resolved,Legal,Vikram Joshi,2023-02-08 04:02:24,2023-02-11 12:02:24,80.0,Yes,No
TKT-03416,Printer,High,Resolved,Marketing,Anjali Mehta,2024-10-28 01:12:30,2024-10-29 04:12:30,27.0,Yes,No
TKT-03417,Network,Critical,Resolved,Operations,Neha Gupta,2023-11-08 00:45:57,2023-11-08 09:45:57,9.0,Yes,No
TKT-03418,Email,Low,Resolved,IT,Vikram Joshi,2023-11-27 00:39:19,2023-11-28 16:39:19,40.0,No,No
TKT-03419,Network,Low,Closed,Marketing,Amit Sharma,2023-12-13 21:05:26,2023-12-16 06:05:26,57.0,No,No
TKT-03420,Email,High,Resolved,HR,Amit Sharma,2023-02-27 14:38:08,2023-02-28 17:38:08,27.0,Yes,No
TKT-03421,Access/Login,Medium,Resolved,Legal,Rohit Verma,2023-10-02 02:53:49,2023-10-02 11:53:49,9.0,No,No
TKT-03422,Network,Low,Resolved,Finance,Neha Gupta,2023-05-25 17:00:58,2023-05-28 18:00:58,73.0,Yes,No
TKT-03423,Hardware,Medium,Resolved,Operations,Vikram Joshi,2023-04-15 20:15:11,2023-04-17 09:15:11,37.0,No,Yes
TKT-03424,Hardware,High,Closed,Finance,Amit Sharma,2024-06-27 15:16:10,2024-06-28 11:16:10,20.0,No,No
TKT-03425,Network,Low,Resolved,Finance,Neha Gupta,2023-07-08 16:10:38,2023-07-11 15:10:38,71.0,No,Yes
TKT-03426,Printer,Low,Open,IT,Vikram Joshi,2023-04-09 10:51:43,,,,Yes
TKT-03427,Hardware,Low,Closed,Marketing,Suresh Kumar,2023-08-07 23:01:37,2023-08-10 01:01:37,50.0,No,No
TKT-03428,Network,High,Open,IT,Anjali Mehta,2023-07-14 10:11:01,,,,No
TKT-03429,Software,High,Open,Marketing,Priya Singh,2023-05-07 19:04:16,,,,Yes
TKT-03430,Network,Critical,Resolved,Marketing,Priya Singh,2024-11-09 17:18:53,2024-11-09 18:18:53,1.0,No,Yes
TKT-03431,Software,Low,Resolved,Operations,Neha Gupta,2024-02-28 23:35:01,2024-03-02 03:35:01,52.0,No,No
TKT-03432,Printer,Low,Resolved,Legal,Priya Singh,2024-04-12 04:46:41,2024-04-13 11:46:41,31.0,No,No
TKT-03433,Hardware,Low,Resolved,IT,Neha Gupta,2023-11-06 12:23:34,2023-11-09 11:23:34,71.0,No,No
TKT-03434,Hardware,Low,Closed,Operations,Priya Singh,2023-06-25 03:32:12,2023-06-25 15:32:12,12.0,No,Yes
TKT-03435,Access/Login,High,Resolved,Marketing,Suresh Kumar,2024-04-23 12:44:06,2024-04-23 18:44:06,6.0,No,No
TKT-03436,Network,Low,In Progress,Finance,Vikram Joshi,2024-12-23 04:27:00,,,,No
TKT-03437,Hardware,Medium,Resolved,HR,Amit Sharma,2023-02-21 08:16:53,2023-02-23 13:16:53,53.0,Yes,No
TKT-03438,Hardware,High,Resolved,Sales,Priya Singh,2023-02-06 13:34:47,2023-02-06 18:34:47,5.0,No,No
TKT-03439,Software,Medium,Resolved,Operations,Neha Gupta,2023-07-06 23:56:57,2023-07-09 06:56:57,55.0,Yes,No
TKT-03440,Software,High,Resolved,Legal,Vikram Joshi,2023-06-21 15:38:09,2023-06-22 02:38:09,11.0,No,No
TKT-03441,Software,Low,Resolved,IT,Rohit Verma,2023-01-03 00:44:26,2023-01-05 00:44:26,48.0,No,No
TKT-03442,Hardware,Low,Closed,IT,Neha Gupta,2024-09-15 07:23:09,2024-09-16 17:23:09,34.0,No,Yes
TKT-03443,Printer,High,In Progress,Finance,Neha Gupta,2023-11-03 17:32:07,,,,No
TKT-03444,Printer,Critical,Open,Sales,Anjali Mehta,2024-05-05 01:24:36,,,,Yes
TKT-03445,Software,Medium,Open,Sales,Neha Gupta,2023-06-17 15:21:13,,,,Yes
TKT-03446,Access/Login,Critical,Resolved,Legal,Rohit Verma,2024-02-24 09:14:40,2024-02-24 14:14:40,5.0,Yes,Yes
TKT-03447,Access/Login,High,Resolved,Finance,Rohit Verma,2024-12-11 01:42:38,2024-12-11 23:42:38,22.0,No,No
TKT-03448,Hardware,Medium,Resolved,Sales,Amit Sharma,2023-12-17 11:29:46,2023-12-18 22:29:46,35.0,No,Yes
TKT-03449,Software,Low,Open,Marketing,Rohit Verma,2023-05-18 14:48:56,,,,No
TKT-03450,Network,Critical,Resolved,Marketing,Rohit Verma,2024-01-15 05:13:46,2024-01-15 14:13:46,9.0,Yes,No
TKT-03451,Email,Medium,Closed,IT,Priya Singh,2023-10-07 21:22:10,2023-10-09 13:22:10,40.0,No,Yes
TKT-03452,Printer,Low,Resolved,Marketing,Vikram Joshi,2023-08-22 03:59:34,2023-08-24 14:59:34,59.0,No,No
TKT-03453,Network,Low,Resolved,Finance,Anjali Mehta,2024-05-26 04:24:18,2024-05-29 00:24:18,68.0,No,Yes
TKT-03454,Software,High,Closed,Finance,Rohit Verma,2024-06-22 11:17:03,2024-06-23 10:17:03,23.0,No,Yes
TKT-03455,Access/Login,Medium,Closed,IT,Priya Singh,2023-04-22 19:34:44,2023-04-23 01:34:44,6.0,No,Yes
TKT-03456,Access/Login,High,Resolved,Operations,Neha Gupta,2024-12-14 14:34:52,2024-12-14 23:34:52,9.0,No,Yes
TKT-03457,Email,High,Closed,Legal,Anjali Mehta,2023-03-22 23:45:02,2023-03-23 04:45:02,5.0,No,No
TKT-03458,Software,Medium,Closed,HR,Neha Gupta,2024-08-25 13:59:27,2024-08-27 11:59:27,46.0,No,Yes
TKT-03459,Hardware,Low,Resolved,Legal,Priya Singh,2023-03-27 18:17:26,2023-03-30 16:17:26,70.0,No,No
TKT-03460,Access/Login,Medium,Closed,Legal,Amit Sharma,2023-07-03 17:54:21,2023-07-04 15:54:21,22.0,No,No
TKT-03461,Access/Login,High,In Progress,Marketing,Amit Sharma,2023-04-15 15:39:13,,,,Yes
TKT-03462,Email,Low,Resolved,HR,Rohit Verma,2024-04-02 15:24:05,2024-04-05 03:24:05,60.0,No,No
TKT-03463,Network,High,Resolved,Finance,Rohit Verma,2023-04-16 06:07:07,2023-04-16 12:07:07,6.0,No,Yes
TKT-03464,Printer,Low,Open,Sales,Rohit Verma,2023-03-10 05:46:16,,,,No
TKT-03465,Email,Low,Resolved,Operations,Vikram Joshi,2023-09-18 12:48:58,2023-09-22 01:48:58,85.0,Yes,No
TKT-03466,Hardware,Low,Open,Sales,Suresh Kumar,2024-12-29 15:09:13,,,,Yes
TKT-03467,Printer,Medium,In Progress,Marketing,Rohit Verma,2024-05-20 20:14:18,,,,No
TKT-03468,Access/Login,Medium,Closed,IT,Anjali Mehta,2024-08-01 17:24:01,2024-08-02 12:24:01,19.0,No,No
TKT-03469,Software,Medium,Resolved,IT,Amit Sharma,2024-10-10 02:42:43,2024-10-11 05:42:43,27.0,No,No
TKT-03470,Hardware,Low,Closed,Finance,Suresh Kumar,2023-08-20 17:29:12,2023-08-24 08:29:12,87.0,Yes,Yes
TKT-03471,Hardware,High,Resolved,Finance,Priya Singh,2023-09-09 03:11:40,2023-09-09 11:11:40,8.0,No,Yes
TKT-03472,Printer,Medium,Resolved,Legal,Priya Singh,2024-09-17 17:34:11,2024-09-19 08:34:11,39.0,No,No
TKT-03473,Network,Low,Closed,Legal,Anjali Mehta,2024-12-26 03:35:38,2024-12-27 22:35:38,43.0,No,No
TKT-03474,Hardware,High,Resolved,Finance,Amit Sharma,2023-01-02 23:55:51,2023-01-03 18:55:51,19.0,No,No
TKT-03475,Hardware,Medium,In Progress,Operations,Anjali Mehta,2024-11-16 21:15:41,,,,Yes
TKT-03476,Hardware,Low,Resolved,Finance,Amit Sharma,2023-05-31 13:57:29,2023-06-01 18:57:29,29.0,No,No
TKT-03477,Access/Login,Critical,Resolved,Operations,Amit Sharma,2024-03-31 05:01:55,2024-03-31 06:01:55,1.0,No,Yes
TKT-03478,Software,Low,Resolved,Legal,Vikram Joshi,2024-02-11 06:54:22,2024-02-12 17:54:22,35.0,No,Yes
TKT-03479,Network,Medium,Open,HR,Priya Singh,2024-02-23 08:13:16,,,,No
TKT-03480,Hardware,Medium,Closed,Marketing,Amit Sharma,2023-06-23 18:04:45,2023-06-26 04:04:45,58.0,Yes,No
TKT-03481,Software,Critical,Resolved,HR,Rohit Verma,2023-01-21 12:39:30,2023-01-21 14:39:30,2.0,No,Yes
TKT-03482,Access/Login,Low,Open,Legal,Anjali Mehta,2023-08-17 15:44:09,,,,No
TKT-03483,Hardware,Critical,Resolved,IT,Anjali Mehta,2024-03-30 05:05:38,2024-03-30 14:05:38,9.0,Yes,Yes
TKT-03484,Printer,Low,Resolved,Finance,Vikram Joshi,2023-05-22 13:36:18,2023-05-25 19:36:18,78.0,Yes,No
TKT-03485,Network,Low,Resolved,Marketing,Amit Sharma,2024-06-04 01:12:12,2024-06-07 16:12:12,87.0,Yes,No
TKT-03486,Email,Medium,Resolved,Legal,Neha Gupta,2024-07-01 10:28:37,2024-07-03 05:28:37,43.0,No,No
TKT-03487,Email,High,Resolved,Marketing,Neha Gupta,2023-08-13 04:45:39,2023-08-13 09:45:39,5.0,No,Yes
TKT-03488,Hardware,High,In Progress,Finance,Priya Singh,2024-11-18 19:12:21,,,,No
TKT-03489,Hardware,Low,Resolved,Sales,Priya Singh,2024-07-20 01:53:56,2024-07-22 05:53:56,52.0,No,Yes
TKT-03490,Printer,Medium,Closed,IT,Amit Sharma,2023-11-22 22:58:21,2023-11-24 14:58:21,40.0,No,No
TKT-03491,Network,Low,Resolved,Legal,Anjali Mehta,2023-06-12 23:08:24,2023-06-16 00:08:24,73.0,Yes,No
TKT-03492,Hardware,Low,Resolved,IT,Anjali Mehta,2024-08-21 06:37:54,2024-08-22 00:37:54,18.0,No,No
TKT-03493,Email,Medium,Closed,Operations,Suresh Kumar,2024-01-11 20:59:04,2024-01-13 04:59:04,32.0,No,No
TKT-03494,Network,Medium,In Progress,Operations,Priya Singh,2023-01-08 16:11:10,,,,Yes
TKT-03495,Email,Critical,Closed,Sales,Neha Gupta,2024-11-19 02:40:25,2024-11-19 09:40:25,7.0,Yes,No
TKT-03496,Software,Medium,Closed,Sales,Priya Singh,2024-12-01 16:13:35,2024-12-03 01:13:35,33.0,No,Yes
TKT-03497,Access/Login,Low,Resolved,Legal,Anjali Mehta,2023-07-04 02:46:52,2023-07-06 10:46:52,56.0,No,No
TKT-03498,Network,Medium,Resolved,HR,Anjali Mehta,2023-04-23 18:31:54,2023-04-24 04:31:54,10.0,No,Yes
TKT-03499,Hardware,High,Resolved,Legal,Neha Gupta,2023-07-07 05:42:43,2023-07-07 20:42:43,15.0,No,No
TKT-03500,Network,Low,Closed,IT,Vikram Joshi,2023-07-16 00:47:32,2023-07-16 23:47:32,23.0,No,Yes
TKT-03501,Access/Login,Medium,Resolved,Sales,Vikram Joshi,2023-08-18 05:16:16,2023-08-19 17:16:16,36.0,No,No
TKT-03502,Software,Low,Resolved,Finance,Suresh Kumar,2024-12-01 16:41:34,2024-12-02 16:41:34,24.0,No,Yes
TKT-03503,Software,Low,Closed,Finance,Priya Singh,2023-01-05 03:30:50,2023-01-08 12:30:50,81.0,Yes,No
TKT-03504,Email,Low,Resolved,Finance,Suresh Kumar,2023-07-21 00:01:05,2023-07-22 10:01:05,34.0,No,No
TKT-03505,Email,Low,Resolved,HR,Amit Sharma,2024-02-21 08:19:26,2024-02-24 16:19:26,80.0,Yes,No
TKT-03506,Hardware,Low,Open,HR,Anjali Mehta,2024-01-15 03:30:43,,,,No
TKT-03507,Network,Low,In Progress,IT,Priya Singh,2024-05-06 17:10:28,,,,No
TKT-03508,Email,Low,Open,Legal,Neha Gupta,2023-07-26 01:45:19,,,,No
TKT-03509,Access/Login,Medium,Resolved,Legal,Neha Gupta,2024-07-07 19:26:50,2024-07-08 15:26:50,20.0,No,Yes
TKT-03510,Email,Low,Resolved,Sales,Amit Sharma,2023-06-11 03:56:12,2023-06-14 20:56:12,89.0,Yes,Yes
TKT-03511,Software,Medium,Closed,Legal,Vikram Joshi,2023-12-01 06:40:23,2023-12-03 13:40:23,55.0,Yes,No
TKT-03512,Hardware,Critical,Resolved,IT,Suresh Kumar,2024-10-08 13:41:54,2024-10-08 18:41:54,5.0,Yes,No
TKT-03513,Printer,High,Resolved,HR,Priya Singh,2024-11-20 08:34:05,2024-11-21 02:34:05,18.0,No,No
TKT-03514,Email,Low,Resolved,Legal,Rohit Verma,2023-08-25 03:57:42,2023-08-28 04:57:42,73.0,Yes,No
TKT-03515,Printer,Critical,Resolved,Operations,Vikram Joshi,2023-08-29 02:05:12,2023-08-29 04:05:12,2.0,No,No
TKT-03516,Software,High,Closed,Marketing,Neha Gupta,2024-09-04 17:14:57,2024-09-05 21:14:57,28.0,Yes,No
TKT-03517,Email,Medium,Resolved,Sales,Suresh Kumar,2024-02-03 21:33:59,2024-02-05 00:33:59,27.0,No,Yes
TKT-03518,Email,Medium,Closed,HR,Suresh Kumar,2023-02-07 07:18:16,2023-02-07 23:18:16,16.0,No,No
TKT-03519,Access/Login,Medium,Resolved,Marketing,Amit Sharma,2023-11-27 12:02:46,2023-11-28 15:02:46,27.0,No,No
TKT-03520,Email,Medium,Closed,HR,Neha Gupta,2023-06-22 20:36:41,2023-06-24 23:36:41,51.0,Yes,No
TKT-03521,Network,Medium,Resolved,IT,Vikram Joshi,2024-06-02 08:54:21,2024-06-03 12:54:21,28.0,No,Yes
TKT-03522,Hardware,Medium,Resolved,IT,Amit Sharma,2023-04-05 09:23:44,2023-04-06 16:23:44,31.0,No,No
TKT-03523,Hardware,Low,Open,HR,Priya Singh,2024-08-13 08:53:06,,,,No
TKT-03524,Email,Low,Resolved,IT,Suresh Kumar,2023-01-16 18:26:57,2023-01-20 10:26:57,88.0,Yes,No
TKT-03525,Access/Login,Low,Resolved,Legal,Vikram Joshi,2023-01-02 09:21:05,2023-01-05 10:21:05,73.0,Yes,No
TKT-03526,Hardware,Medium,Closed,Finance,Anjali Mehta,2024-05-01 05:57:46,2024-05-02 02:57:46,21.0,No,No
TKT-03527,Network,Medium,Closed,Sales,Amit Sharma,2023-11-15 23:09:46,2023-11-18 01:09:46,50.0,Yes,No
TKT-03528,Hardware,High,Resolved,Legal,Neha Gupta,2023-11-06 07:06:41,2023-11-06 19:06:41,12.0,No,No
TKT-03529,Network,Medium,Resolved,Operations,Amit Sharma,2023-07-15 17:06:36,2023-07-16 09:06:36,16.0,No,Yes
TKT-03530,Email,High,Resolved,Sales,Priya Singh,2024-04-11 17:13:59,2024-04-11 20:13:59,3.0,No,No
TKT-03531,Software,Low,Resolved,Legal,Rohit Verma,2024-08-06 11:04:23,2024-08-10 01:04:23,86.0,Yes,No
TKT-03532,Software,High,Resolved,Operations,Vikram Joshi,2023-08-05 22:58:58,2023-08-06 12:58:58,14.0,No,Yes
TKT-03533,Hardware,Low,In Progress,Finance,Suresh Kumar,2023-05-01 17:08:26,,,,No
TKT-03534,Email,Low,Resolved,IT,Rohit Verma,2023-04-15 03:42:29,2023-04-16 09:42:29,30.0,No,Yes
TKT-03535,Hardware,Medium,Resolved,Operations,Vikram Joshi,2024-10-24 07:22:58,2024-10-24 19:22:58,12.0,No,No
TKT-03536,Email,Low,Resolved,Operations,Priya Singh,2023-08-25 23:24:14,2023-08-28 21:24:14,70.0,No,No
TKT-03537,Access/Login,Low,Resolved,Sales,Vikram Joshi,2023-07-27 21:30:26,2023-07-28 11:30:26,14.0,No,No
TKT-03538,Email,Low,Resolved,Operations,Vikram Joshi,2024-06-03 05:13:53,2024-06-05 12:13:53,55.0,No,No
TKT-03539,Hardware,Medium,Closed,HR,Amit Sharma,2023-05-17 03:22:58,2023-05-17 23:22:58,20.0,No,No
TKT-03540,Software,Medium,Resolved,Operations,Neha Gupta,2024-06-25 18:37:24,2024-06-27 13:37:24,43.0,No,No
TKT-03541,Hardware,Medium,Resolved,Operations,Anjali Mehta,2023-04-18 10:13:34,2023-04-19 18:13:34,32.0,No,No
TKT-03542,Software,Low,Resolved,Marketing,Anjali Mehta,2023-05-16 03:47:49,2023-05-18 00:47:49,45.0,No,No
TKT-03543,Email,High,Resolved,Operations,Rohit Verma,2023-11-17 15:48:30,2023-11-18 07:48:30,16.0,No,No
TKT-03544,Email,High,Resolved,HR,Rohit Verma,2024-01-11 16:23:00,2024-01-12 19:23:00,27.0,Yes,No
TKT-03545,Software,High,Resolved,IT,Anjali Mehta,2023-09-23 18:12:01,2023-09-24 10:12:01,16.0,No,Yes
TKT-03546,Hardware,Low,Resolved,IT,Anjali Mehta,2023-12-30 08:28:23,2024-01-01 06:28:23,46.0,No,Yes
TKT-03547,Hardware,High,Resolved,Sales,Vikram Joshi,2024-05-30 20:35:24,2024-05-31 19:35:24,23.0,No,No
TKT-03548,Printer,Critical,In Progress,Marketing,Neha Gupta,2024-06-23 09:05:05,,,,Yes
TKT-03549,Network,Low,Resolved,IT,Anjali Mehta,2024-11-23 14:51:27,2024-11-26 05:51:27,63.0,No,Yes
TKT-03550,Email,Low,Resolved,Marketing,Anjali Mehta,2023-02-18 17:21:29,2023-02-20 20:21:29,51.0,No,Yes
TKT-03551,Access/Login,Medium,Closed,Operations,Amit Sharma,2023-11-09 23:48:09,2023-11-10 12:48:09,13.0,No,No
TKT-03552,Printer,Low,Resolved,Operations,Anjali Mehta,2023-09-03 00:18:56,2023-09-05 18:18:56,66.0,No,Yes
TKT-03553,Printer,Medium,Resolved,Finance,Priya Singh,2024-09-19 10:13:39,2024-09-21 10:13:39,48.0,No,No
TKT-03554,Email,Medium,Resolved,Legal,Priya Singh,2023-05-20 18:27:49,2023-05-23 03:27:49,57.0,Yes,Yes
TKT-03555,Printer,Low,Closed,IT,Priya Singh,2024-11-22 23:23:32,2024-11-26 00:23:32,73.0,Yes,No
TKT-03556,Software,Medium,Resolved,HR,Amit Sharma,2023-09-15 14:56:27,2023-09-17 00:56:27,34.0,No,No
TKT-03557,Software,Medium,Closed,Marketing,Priya Singh,2023-05-16 12:38:59,2023-05-18 13:38:59,49.0,Yes,No
TKT-03558,Software,Low,Resolved,Operations,Anjali Mehta,2023-03-24 08:34:58,2023-03-28 02:34:58,90.0,Yes,No
TKT-03559,Access/Login,Medium,Resolved,IT,Vikram Joshi,2023-10-27 08:31:04,2023-10-29 10:31:04,50.0,Yes,No
TKT-03560,Access/Login,Medium,Resolved,Marketing,Neha Gupta,2024-03-25 22:45:59,2024-03-27 00:45:59,26.0,No,No
TKT-03561,Network,High,In Progress,Finance,Amit Sharma,2024-08-08 21:04:22,,,,No
TKT-03562,Printer,High,Open,Legal,Rohit Verma,2024-10-28 11:07:26,,,,No
TKT-03563,Network,Low,Resolved,Legal,Priya Singh,2024-06-11 15:53:47,2024-06-14 00:53:47,57.0,No,No
TKT-03564,Access/Login,Low,Resolved,Sales,Priya Singh,2024-02-02 09:08:37,2024-02-04 02:08:37,41.0,No,No
TKT-03565,Printer,Medium,In Progress,IT,Suresh Kumar,2024-03-12 03:45:15,,,,No
TKT-03566,Access/Login,Medium,Closed,Finance,Priya Singh,2024-10-18 12:49:39,2024-10-20 21:49:39,57.0,Yes,No
TKT-03567,Network,High,Open,HR,Rohit Verma,2024-06-04 09:10:28,,,,No
TKT-03568,Hardware,Critical,Closed,Operations,Neha Gupta,2023-01-13 18:00:51,2023-01-14 00:00:51,6.0,Yes,No
TKT-03569,Hardware,Low,Closed,Legal,Neha Gupta,2023-04-29 09:52:00,2023-04-30 11:52:00,26.0,No,Yes
TKT-03570,Printer,Medium,Closed,Finance,Anjali Mehta,2024-11-03 11:26:01,2024-11-05 12:26:01,49.0,Yes,Yes
TKT-03571,Access/Login,Medium,Resolved,Marketing,Rohit Verma,2023-01-17 19:10:48,2023-01-18 04:10:48,9.0,No,No
TKT-03572,Hardware,Medium,Open,Marketing,Rohit Verma,2023-01-11 14:35:11,,,,No
TKT-03573,Network,High,Resolved,Legal,Anjali Mehta,2024-05-25 23:46:42,2024-05-26 12:46:42,13.0,No,Yes
TKT-03574,Printer,Medium,Open,Finance,Rohit Verma,2023-04-02 18:17:17,,,,Yes
TKT-03575,Printer,Medium,Resolved,Finance,Priya Singh,2023-10-04 10:01:33,2023-10-06 00:01:33,38.0,No,No
TKT-03576,Network,Medium,Closed,Finance,Vikram Joshi,2024-02-07 06:27:26,2024-02-07 23:27:26,17.0,No,No
TKT-03577,Printer,Low,Closed,Marketing,Rohit Verma,2024-09-20 21:36:28,2024-09-22 23:36:28,50.0,No,No
TKT-03578,Access/Login,Medium,Closed,HR,Neha Gupta,2024-10-10 11:48:26,2024-10-11 18:48:26,31.0,No,No
TKT-03579,Printer,Low,Open,Legal,Suresh Kumar,2024-09-27 05:26:14,,,,No
TKT-03580,Hardware,Critical,Open,Legal,Priya Singh,2024-09-30 16:45:55,,,,No
TKT-03581,Printer,Medium,Resolved,Sales,Priya Singh,2024-09-05 20:13:16,2024-09-08 05:13:16,57.0,Yes,No
TKT-03582,Software,Low,Closed,IT,Vikram Joshi,2023-06-01 20:41:31,2023-06-04 15:41:31,67.0,No,No
TKT-03583,Hardware,Critical,Closed,Marketing,Suresh Kumar,2024-10-23 14:59:12,2024-10-23 16:59:12,2.0,No,No
TKT-03584,Printer,Low,Resolved,Sales,Anjali Mehta,2024-02-02 15:47:25,2024-02-04 09:47:25,42.0,No,No
TKT-03585,Email,Low,Closed,Sales,Neha Gupta,2024-03-02 00:27:25,2024-03-03 21:27:25,45.0,No,Yes
TKT-03586,Hardware,High,Resolved,Operations,Rohit Verma,2023-09-08 05:25:29,2023-09-08 13:25:29,8.0,No,No
TKT-03587,Hardware,High,In Progress,Legal,Amit Sharma,2024-07-10 18:16:39,,,,No
TKT-03588,Network,Medium,Resolved,Legal,Suresh Kumar,2024-11-23 21:34:07,2024-11-25 12:34:07,39.0,No,Yes
TKT-03589,Software,Critical,Closed,Operations,Anjali Mehta,2024-09-27 10:20:58,2024-09-27 12:20:58,2.0,No,No
TKT-03590,Hardware,Low,Resolved,HR,Rohit Verma,2024-01-04 20:39:22,2024-01-07 09:39:22,61.0,No,No
TKT-03591,Network,Low,Resolved,Sales,Priya Singh,2024-09-30 04:30:01,2024-10-03 08:30:01,76.0,Yes,No
TKT-03592,Network,Medium,Resolved,Sales,Neha Gupta,2023-10-23 18:09:33,2023-10-24 21:09:33,27.0,No,No
TKT-03593,Software,Low,Closed,HR,Neha Gupta,2023-02-24 07:47:40,2023-02-27 11:47:40,76.0,Yes,No
TKT-03594,Access/Login,Low,Open,IT,Suresh Kumar,2023-10-04 03:48:09,,,,No
TKT-03595,Hardware,Low,Resolved,Marketing,Amit Sharma,2024-01-28 19:51:21,2024-01-31 08:51:21,61.0,No,Yes
TKT-03596,Printer,High,Resolved,HR,Neha Gupta,2024-12-02 01:37:28,2024-12-02 14:37:28,13.0,No,No
TKT-03597,Access/Login,Medium,Closed,IT,Amit Sharma,2024-02-05 23:59:32,2024-02-07 16:59:32,41.0,No,No
TKT-03598,Access/Login,Medium,Closed,Marketing,Suresh Kumar,2024-08-11 06:21:23,2024-08-13 05:21:23,47.0,No,Yes
TKT-03599,Access/Login,Low,Open,Marketing,Rohit Verma,2023-05-05 01:21:17,,,,No
TKT-03600,Network,Low,Resolved,Operations,Amit Sharma,2024-03-17 02:16:48,2024-03-20 15:16:48,85.0,Yes,Yes
TKT-03601,Access/Login,High,Closed,Finance,Rohit Verma,2023-08-26 07:20:59,2023-08-27 03:20:59,20.0,No,Yes
TKT-03602,Email,Low,Resolved,IT,Anjali Mehta,2024-07-13 20:26:11,2024-07-15 00:26:11,28.0,No,Yes
TKT-03603,Network,Medium,Resolved,Sales,Suresh Kumar,2023-06-21 11:07:34,2023-06-22 19:07:34,32.0,No,No
TKT-03604,Access/Login,Medium,Resolved,Legal,Vikram Joshi,2024-07-03 01:16:13,2024-07-03 06:16:13,5.0,No,No
TKT-03605,Network,Low,In Progress,IT,Priya Singh,2024-06-10 17:12:00,,,,No
TKT-03606,Email,Medium,Closed,Sales,Rohit Verma,2024-10-31 01:14:03,2024-11-01 22:14:03,45.0,No,No
TKT-03607,Software,Medium,Open,Sales,Rohit Verma,2024-03-08 15:13:45,,,,No
TKT-03608,Email,Medium,Resolved,HR,Suresh Kumar,2023-08-07 09:46:19,2023-08-08 20:46:19,35.0,No,No
TKT-03609,Printer,Medium,Open,Operations,Vikram Joshi,2023-06-10 20:28:01,,,,Yes
TKT-03610,Access/Login,Medium,Closed,Legal,Amit Sharma,2023-01-24 22:54:57,2023-01-27 03:54:57,53.0,Yes,No
TKT-03611,Software,Medium,Closed,IT,Anjali Mehta,2024-02-05 11:47:25,2024-02-06 16:47:25,29.0,No,No
TKT-03612,Email,Low,Resolved,HR,Priya Singh,2023-05-25 09:28:21,2023-05-26 04:28:21,19.0,No,No
TKT-03613,Printer,High,Resolved,Sales,Anjali Mehta,2023-08-24 08:48:26,2023-08-24 16:48:26,8.0,No,No
TKT-03614,Network,High,Resolved,Legal,Anjali Mehta,2023-06-13 23:50:04,2023-06-14 04:50:04,5.0,No,No
TKT-03615,Printer,Critical,In Progress,Marketing,Suresh Kumar,2023-08-26 21:01:27,,,,Yes
TKT-03616,Access/Login,Medium,Closed,Sales,Vikram Joshi,2024-07-02 19:28:34,2024-07-04 01:28:34,30.0,No,No
TKT-03617,Access/Login,Low,Closed,Marketing,Anjali Mehta,2024-02-02 01:59:58,2024-02-04 11:59:58,58.0,No,No
TKT-03618,Software,Low,Resolved,HR,Suresh Kumar,2023-06-08 09:44:42,2023-06-10 17:44:42,56.0,No,No
TKT-03619,Software,Critical,Resolved,Marketing,Rohit Verma,2023-01-13 22:33:06,2023-01-14 08:33:06,10.0,Yes,No
TKT-03620,Software,Critical,Resolved,Legal,Amit Sharma,2023-12-29 08:27:04,2023-12-29 13:27:04,5.0,Yes,No
TKT-03621,Software,Critical,Closed,IT,Amit Sharma,2023-07-06 06:30:02,2023-07-06 14:30:02,8.0,Yes,No
TKT-03622,Printer,Low,Resolved,HR,Rohit Verma,2023-06-13 21:07:51,2023-06-16 22:07:51,73.0,Yes,No
TKT-03623,Hardware,Low,In Progress,HR,Anjali Mehta,2023-12-31 15:35:56,,,,Yes
TKT-03624,Printer,High,Resolved,HR,Amit Sharma,2024-06-03 13:13:35,2024-06-03 19:13:35,6.0,No,No
TKT-03625,Network,Medium,Closed,Marketing,Rohit Verma,2023-08-31 02:25:23,2023-09-01 04:25:23,26.0,No,No
TKT-03626,Email,Critical,Resolved,Sales,Rohit Verma,2024-03-09 17:54:09,2024-03-09 21:54:09,4.0,No,Yes
TKT-03627,Network,Medium,Resolved,Finance,Amit Sharma,2024-11-17 11:31:04,2024-11-19 04:31:04,41.0,No,Yes
TKT-03628,Email,Low,Resolved,Finance,Anjali Mehta,2024-02-04 13:20:29,2024-02-07 15:20:29,74.0,Yes,Yes
TKT-03629,Network,Medium,Resolved,Finance,Amit Sharma,2024-07-20 03:32:16,2024-07-20 13:32:16,10.0,No,Yes
TKT-03630,Printer,Medium,Resolved,Legal,Suresh Kumar,2024-05-14 08:46:46,2024-05-15 08:46:46,24.0,No,No
TKT-03631,Network,Low,Open,Finance,Anjali Mehta,2024-09-12 11:55:21,,,,No
TKT-03632,Hardware,Low,Resolved,Marketing,Anjali Mehta,2023-10-29 13:57:29,2023-10-30 17:57:29,28.0,No,Yes
TKT-03633,Printer,Low,Resolved,Marketing,Neha Gupta,2024-01-20 20:42:31,2024-01-21 08:42:31,12.0,No,Yes
TKT-03634,Hardware,Medium,Resolved,Finance,Vikram Joshi,2024-10-31 00:08:29,2024-11-01 12:08:29,36.0,No,No
TKT-03635,Access/Login,Critical,Resolved,HR,Anjali Mehta,2024-09-02 14:29:42,2024-09-02 21:29:42,7.0,Yes,No
TKT-03636,Printer,Critical,Resolved,Marketing,Vikram Joshi,2024-09-24 01:28:35,2024-09-24 03:28:35,2.0,No,No
TKT-03637,Hardware,Low,Resolved,HR,Suresh Kumar,2023-10-04 11:53:59,2023-10-08 01:53:59,86.0,Yes,No
TKT-03638,Email,Medium,Resolved,HR,Vikram Joshi,2023-08-16 15:59:46,2023-08-19 02:59:46,59.0,Yes,No
TKT-03639,Hardware,Low,Closed,Finance,Rohit Verma,2023-05-08 04:36:53,2023-05-10 01:36:53,45.0,No,No
TKT-03640,Email,High,Closed,HR,Suresh Kumar,2024-05-11 06:23:42,2024-05-11 16:23:42,10.0,No,Yes
TKT-03641,Printer,Medium,Resolved,Finance,Vikram Joshi,2023-07-09 02:55:32,2023-07-10 08:55:32,30.0,No,Yes
TKT-03642,Printer,Low,Closed,HR,Priya Singh,2024-12-09 13:07:41,2024-12-10 16:07:41,27.0,No,No
TKT-03643,Email,Low,Open,Legal,Vikram Joshi,2023-08-11 08:42:00,,,,No
TKT-03644,Printer,Critical,Closed,Legal,Amit Sharma,2023-11-24 11:02:37,2023-11-24 13:02:37,2.0,No,No
TKT-03645,Hardware,Low,Resolved,Operations,Priya Singh,2023-05-08 20:39:45,2023-05-10 13:39:45,41.0,No,No
TKT-03646,Access/Login,Medium,Resolved,IT,Suresh Kumar,2024-08-22 12:05:32,2024-08-23 11:05:32,23.0,No,No
TKT-03647,Email,Medium,Resolved,Sales,Priya Singh,2024-03-12 23:23:47,2024-03-14 18:23:47,43.0,No,No
TKT-03648,Access/Login,High,Resolved,HR,Vikram Joshi,2023-04-18 07:54:06,2023-04-19 10:54:06,27.0,Yes,No
TKT-03649,Access/Login,Medium,Open,Operations,Neha Gupta,2024-10-28 00:17:06,,,,No
TKT-03650,Printer,Medium,Open,Finance,Neha Gupta,2023-12-20 00:07:45,,,,No
TKT-03651,Printer,Medium,Resolved,Marketing,Anjali Mehta,2024-06-05 09:21:09,2024-06-07 15:21:09,54.0,Yes,No
TKT-03652,Access/Login,Critical,Resolved,Finance,Priya Singh,2024-08-15 07:59:01,2024-08-15 15:59:01,8.0,Yes,No
TKT-03653,Email,High,Closed,Operations,Anjali Mehta,2023-07-17 09:52:01,2023-07-18 07:52:01,22.0,No,No
TKT-03654,Hardware,Critical,In Progress,Sales,Priya Singh,2023-07-07 21:43:57,,,,No
TKT-03655,Printer,High,Closed,Operations,Amit Sharma,2024-12-21 04:13:44,2024-12-22 00:13:44,20.0,No,Yes
TKT-03656,Software,High,Closed,HR,Priya Singh,2023-03-29 08:02:55,2023-03-30 05:02:55,21.0,No,No
TKT-03657,Access/Login,Medium,Resolved,Operations,Vikram Joshi,2024-01-10 21:38:30,2024-01-12 02:38:30,29.0,No,No
TKT-03658,Email,High,In Progress,Sales,Anjali Mehta,2023-04-09 12:06:38,,,,Yes
TKT-03659,Hardware,Critical,In Progress,Sales,Amit Sharma,2023-12-01 16:02:42,,,,No
TKT-03660,Network,Medium,Closed,Operations,Amit Sharma,2023-04-16 21:42:56,2023-04-18 15:42:56,42.0,No,Yes
TKT-03661,Access/Login,Medium,Resolved,Operations,Neha Gupta,2023-01-01 16:02:31,2023-01-03 14:02:31,46.0,No,Yes
TKT-03662,Email,Medium,Resolved,Marketing,Rohit Verma,2023-10-15 00:00:05,2023-10-15 05:00:05,5.0,No,Yes
TKT-03663,Software,Low,Closed,Marketing,Priya Singh,2023-08-30 22:52:45,2023-09-03 02:52:45,76.0,Yes,No
TKT-03664,Network,Medium,In Progress,Marketing,Priya Singh,2023-12-28 20:10:18,,,,No
TKT-03665,Software,Low,Resolved,Finance,Rohit Verma,2024-10-03 14:43:56,2024-10-04 01:43:56,11.0,No,No
TKT-03666,Access/Login,High,Resolved,Sales,Priya Singh,2024-02-20 08:37:45,2024-02-20 10:37:45,2.0,No,No
TKT-03667,Printer,Medium,Resolved,Finance,Priya Singh,2024-03-12 20:21:21,2024-03-15 07:21:21,59.0,Yes,No
TKT-03668,Email,Low,Resolved,Operations,Amit Sharma,2023-01-16 13:05:41,2023-01-19 00:05:41,59.0,No,No
TKT-03669,Hardware,High,Resolved,Finance,Amit Sharma,2024-02-02 01:26:01,2024-02-02 11:26:01,10.0,No,No
TKT-03670,Access/Login,Medium,Resolved,Sales,Anjali Mehta,2023-03-12 13:35:22,2023-03-13 22:35:22,33.0,No,Yes
TKT-03671,Access/Login,Critical,Closed,Sales,Amit Sharma,2024-03-15 17:37:11,2024-03-15 19:37:11,2.0,No,No
TKT-03672,Printer,High,Resolved,Marketing,Suresh Kumar,2023-03-11 00:46:21,2023-03-11 23:46:21,23.0,No,Yes
TKT-03673,Network,Low,Resolved,IT,Vikram Joshi,2024-09-26 05:24:40,2024-09-27 17:24:40,36.0,No,No
TKT-03674,Network,Critical,Resolved,Sales,Anjali Mehta,2023-04-03 16:37:47,2023-04-03 23:37:47,7.0,Yes,No
TKT-03675,Email,Critical,Closed,IT,Rohit Verma,2023-08-14 00:38:28,2023-08-14 05:38:28,5.0,Yes,No
TKT-03676,Email,Low,Resolved,Marketing,Vikram Joshi,2024-06-24 03:25:40,2024-06-25 18:25:40,39.0,No,No
TKT-03677,Access/Login,Medium,Open,Legal,Neha Gupta,2024-05-27 17:35:15,,,,No
TKT-03678,Email,Medium,Resolved,Legal,Anjali Mehta,2023-08-25 02:52:06,2023-08-26 13:52:06,35.0,No,No
TKT-03679,Access/Login,Low,Closed,Operations,Rohit Verma,2023-01-29 03:15:34,2023-01-30 20:15:34,41.0,No,Yes
TKT-03680,Email,Medium,Closed,Marketing,Rohit Verma,2023-11-28 00:06:04,2023-11-28 20:06:04,20.0,No,No
TKT-03681,Email,Medium,Open,HR,Rohit Verma,2024-02-01 01:59:11,,,,No
TKT-03682,Network,High,Resolved,Marketing,Amit Sharma,2024-02-27 13:08:16,2024-02-28 08:08:16,19.0,No,No
TKT-03683,Access/Login,Medium,Closed,HR,Amit Sharma,2024-03-30 13:41:07,2024-03-31 06:41:07,17.0,No,Yes
TKT-03684,Email,High,Closed,Marketing,Neha Gupta,2024-12-02 02:58:00,2024-12-03 03:58:00,25.0,Yes,No
TKT-03685,Software,High,Closed,Sales,Anjali Mehta,2024-12-25 16:56:37,2024-12-26 14:56:37,22.0,No,No
TKT-03686,Software,Medium,Resolved,IT,Priya Singh,2024-06-01 15:01:06,2024-06-03 07:01:06,40.0,No,Yes
TKT-03687,Network,Low,Resolved,Marketing,Anjali Mehta,2023-12-24 19:09:58,2023-12-25 05:09:58,10.0,No,Yes
TKT-03688,Printer,Low,Closed,Sales,Priya Singh,2024-04-29 08:59:57,2024-05-01 13:59:57,53.0,No,No
TKT-03689,Software,Critical,Closed,Legal,Anjali Mehta,2023-05-16 03:11:04,2023-05-16 11:11:04,8.0,Yes,No
TKT-03690,Email,High,Closed,Finance,Amit Sharma,2024-01-15 11:22:54,2024-01-15 17:22:54,6.0,No,No
TKT-03691,Printer,Medium,Resolved,Legal,Priya Singh,2024-05-05 22:37:00,2024-05-07 01:37:00,27.0,No,Yes
TKT-03692,Network,Low,Resolved,Marketing,Neha Gupta,2023-07-22 10:34:37,2023-07-23 19:34:37,33.0,No,Yes
TKT-03693,Hardware,Medium,Closed,IT,Priya Singh,2024-02-06 14:37:58,2024-02-07 07:37:58,17.0,No,No
TKT-03694,Network,Low,In Progress,Sales,Anjali Mehta,2023-09-25 16:57:23,,,,No
TKT-03695,Printer,Low,Resolved,HR,Amit Sharma,2023-11-11 21:53:08,2023-11-14 20:53:08,71.0,No,Yes
TKT-03696,Network,High,Resolved,Marketing,Priya Singh,2024-03-01 04:18:46,2024-03-01 07:18:46,3.0,No,No
TKT-03697,Software,Medium,Closed,HR,Neha Gupta,2024-01-14 23:31:52,2024-01-15 16:31:52,17.0,No,Yes
TKT-03698,Network,Medium,In Progress,Finance,Vikram Joshi,2023-01-07 09:41:20,,,,Yes
TKT-03699,Network,Critical,Closed,Legal,Vikram Joshi,2023-06-05 20:03:44,2023-06-06 01:03:44,5.0,Yes,No
TKT-03700,Hardware,Low,Resolved,Operations,Rohit Verma,2024-09-27 01:06:44,2024-09-30 06:06:44,77.0,Yes,No
TKT-03701,Access/Login,Low,Closed,HR,Neha Gupta,2023-04-15 13:19:41,2023-04-19 00:19:41,83.0,Yes,Yes
TKT-03702,Access/Login,Low,Closed,Finance,Suresh Kumar,2023-11-24 03:30:35,2023-11-27 17:30:35,86.0,Yes,No
TKT-03703,Printer,Medium,Resolved,Sales,Amit Sharma,2024-05-26 14:16:07,2024-05-28 17:16:07,51.0,Yes,Yes
TKT-03704,Email,Low,Open,Marketing,Anjali Mehta,2024-09-29 05:38:28,,,,Yes
TKT-03705,Software,Critical,Resolved,Legal,Priya Singh,2023-02-20 10:53:31,2023-02-20 11:53:31,1.0,No,No
TKT-03706,Network,Medium,Open,HR,Anjali Mehta,2023-01-03 14:43:10,,,,No
TKT-03707,Software,Medium,Open,IT,Rohit Verma,2024-02-26 13:05:12,,,,No
TKT-03708,Email,Low,Closed,HR,Priya Singh,2023-12-04 09:14:03,2023-12-06 03:14:03,42.0,No,No
TKT-03709,Network,Medium,Resolved,Operations,Suresh Kumar,2023-03-11 01:21:23,2023-03-11 13:21:23,12.0,No,Yes
TKT-03710,Network,Medium,Closed,Marketing,Rohit Verma,2024-02-26 21:57:05,2024-02-27 07:57:05,10.0,No,No
TKT-03711,Printer,Low,Resolved,Operations,Rohit Verma,2023-08-10 18:09:39,2023-08-12 08:09:39,38.0,No,No
TKT-03712,Printer,Medium,Resolved,Operations,Neha Gupta,2023-10-01 19:28:57,2023-10-02 07:28:57,12.0,No,Yes
TKT-03713,Network,Low,Resolved,Operations,Amit Sharma,2023-06-05 08:38:40,2023-06-08 05:38:40,69.0,No,No
TKT-03714,Network,High,In Progress,Finance,Vikram Joshi,2024-09-27 22:33:38,,,,No
TKT-03715,Software,Medium,Resolved,HR,Anjali Mehta,2024-02-14 19:04:05,2024-02-16 07:04:05,36.0,No,No
TKT-03716,Software,Low,Closed,Finance,Neha Gupta,2024-04-23 18:14:24,2024-04-27 04:14:24,82.0,Yes,No
TKT-03717,Access/Login,Low,Resolved,Legal,Neha Gupta,2024-01-30 09:53:48,2024-01-31 09:53:48,24.0,No,No
TKT-03718,Software,Medium,Closed,IT,Amit Sharma,2024-10-13 14:07:21,2024-10-15 12:07:21,46.0,No,Yes
TKT-03719,Email,High,Open,HR,Rohit Verma,2024-07-21 20:26:39,,,,Yes
TKT-03720,Network,Low,Open,Finance,Amit Sharma,2023-03-11 02:51:32,,,,Yes
TKT-03721,Printer,High,Resolved,IT,Suresh Kumar,2023-06-08 01:16:21,2023-06-09 07:16:21,30.0,Yes,No
TKT-03722,Printer,Critical,Closed,HR,Priya Singh,2024-08-09 19:18:32,2024-08-10 02:18:32,7.0,Yes,No
TKT-03723,Access/Login,High,Resolved,Marketing,Vikram Joshi,2024-05-31 05:49:59,2024-05-31 07:49:59,2.0,No,No
TKT-03724,Printer,High,Resolved,Marketing,Anjali Mehta,2024-10-30 18:52:00,2024-10-31 07:52:00,13.0,No,No
TKT-03725,Printer,Low,Closed,Finance,Priya Singh,2023-05-29 16:53:08,2023-06-01 08:53:08,64.0,No,No
TKT-03726,Hardware,Low,Resolved,Operations,Anjali Mehta,2024-10-23 07:56:59,2024-10-24 09:56:59,26.0,No,No
TKT-03727,Hardware,High,Resolved,Finance,Priya Singh,2024-09-17 12:10:48,2024-09-17 15:10:48,3.0,No,No
TKT-03728,Email,Medium,Resolved,HR,Priya Singh,2024-08-01 19:27:25,2024-08-03 18:27:25,47.0,No,No
TKT-03729,Network,High,Resolved,Legal,Suresh Kumar,2024-10-04 05:44:44,2024-10-05 06:44:44,25.0,Yes,No
TKT-03730,Printer,Medium,Resolved,Legal,Anjali Mehta,2023-03-29 08:52:17,2023-03-30 03:52:17,19.0,No,No
TKT-03731,Software,Medium,Closed,Marketing,Amit Sharma,2024-01-23 14:21:01,2024-01-24 10:21:01,20.0,No,No
TKT-03732,Email,Low,Closed,Operations,Anjali Mehta,2023-08-26 17:47:59,2023-08-28 18:47:59,49.0,No,Yes
TKT-03733,Access/Login,Low,Resolved,Sales,Priya Singh,2024-07-30 14:05:42,2024-07-31 10:05:42,20.0,No,No
TKT-03734,Hardware,Critical,In Progress,IT,Amit Sharma,2024-01-04 06:52:02,,,,No
TKT-03735,Network,High,Resolved,Marketing,Anjali Mehta,2023-06-03 03:15:52,2023-06-04 00:15:52,21.0,No,Yes
TKT-03736,Hardware,Low,Resolved,Operations,Rohit Verma,2024-03-29 07:22:07,2024-03-30 03:22:07,20.0,No,No
TKT-03737,Hardware,Medium,Closed,Sales,Rohit Verma,2024-11-29 14:36:33,2024-11-30 18:36:33,28.0,No,No
TKT-03738,Access/Login,Low,Resolved,Sales,Neha Gupta,2023-10-02 22:40:32,2023-10-03 22:40:32,24.0,No,No
TKT-03739,Access/Login,Medium,Resolved,IT,Anjali Mehta,2023-12-16 08:24:23,2023-12-18 09:24:23,49.0,Yes,Yes
TKT-03740,Email,Medium,Resolved,IT,Priya Singh,2024-03-19 23:20:59,2024-03-21 02:20:59,27.0,No,No
TKT-03741,Software,High,Closed,IT,Vikram Joshi,2023-03-15 13:38:11,2023-03-15 22:38:11,9.0,No,No
TKT-03742,Network,Medium,Resolved,HR,Priya Singh,2023-10-28 12:42:34,2023-10-30 23:42:34,59.0,Yes,Yes
TKT-03743,Access/Login,High,Open,HR,Priya Singh,2023-01-27 22:48:29,,,,No
TKT-03744,Printer,Medium,Resolved,Sales,Vikram Joshi,2023-11-21 21:19:47,2023-11-23 02:19:47,29.0,No,No
TKT-03745,Access/Login,Low,Resolved,Sales,Anjali Mehta,2023-07-20 13:59:54,2023-07-21 13:59:54,24.0,No,No
TKT-03746,Access/Login,High,Closed,Finance,Anjali Mehta,2024-05-07 22:39:25,2024-05-08 05:39:25,7.0,No,No
TKT-03747,Email,Low,Closed,Operations,Anjali Mehta,2024-02-11 06:14:30,2024-02-13 21:14:30,63.0,No,Yes
TKT-03748,Network,Medium,Open,IT,Rohit Verma,2023-05-15 14:20:33,,,,No
TKT-03749,Email,Medium,Resolved,HR,Priya Singh,2023-08-09 15:12:37,2023-08-11 07:12:37,40.0,No,No
TKT-03750,Hardware,Low,Closed,IT,Anjali Mehta,2024-04-19 22:28:15,2024-04-23 13:28:15,87.0,Yes,No
TKT-03751,Printer,Low,Open,Legal,Rohit Verma,2023-01-16 20:36:32,,,,No
TKT-03752,Printer,Critical,Closed,Marketing,Anjali Mehta,2024-09-18 14:19:28,2024-09-18 21:19:28,7.0,Yes,No
TKT-03753,Network,Medium,Resolved,HR,Rohit Verma,2023-04-13 18:04:31,2023-04-14 23:04:31,29.0,No,No
TKT-03754,Email,Low,Closed,Finance,Priya Singh,2023-09-28 09:41:49,2023-10-01 12:41:49,75.0,Yes,No
TKT-03755,Hardware,Medium,Resolved,Operations,Amit Sharma,2024-01-09 06:32:26,2024-01-11 07:32:26,49.0,Yes,No
TKT-03756,Printer,Low,Open,Sales,Anjali Mehta,2023-05-17 13:44:36,,,,No
TKT-03757,Printer,Low,Closed,Sales,Suresh Kumar,2023-01-09 19:37:23,2023-01-13 11:37:23,88.0,Yes,No
TKT-03758,Hardware,Medium,In Progress,Finance,Amit Sharma,2023-12-08 15:08:36,,,,No
TKT-03759,Email,High,Closed,IT,Rohit Verma,2023-09-11 06:27:05,2023-09-11 11:27:05,5.0,No,No
TKT-03760,Email,Medium,Resolved,HR,Neha Gupta,2023-02-05 03:32:35,2023-02-06 15:32:35,36.0,No,Yes
TKT-03761,Access/Login,High,Resolved,IT,Priya Singh,2023-07-08 08:56:38,2023-07-09 05:56:38,21.0,No,Yes
TKT-03762,Network,High,Resolved,Finance,Anjali Mehta,2024-03-03 12:58:47,2024-03-04 03:58:47,15.0,No,Yes
TKT-03763,Network,Medium,Resolved,Operations,Suresh Kumar,2023-05-12 01:40:39,2023-05-12 11:40:39,10.0,No,No
TKT-03764,Email,High,Closed,Marketing,Suresh Kumar,2023-11-06 06:03:53,2023-11-06 20:03:53,14.0,No,No
TKT-03765,Software,Medium,Resolved,Finance,Anjali Mehta,2024-05-30 13:36:54,2024-06-01 01:36:54,36.0,No,No
TKT-03766,Access/Login,Medium,Closed,Marketing,Priya Singh,2023-01-30 03:05:29,2023-01-31 08:05:29,29.0,No,No
TKT-03767,Access/Login,Critical,Open,Finance,Amit Sharma,2023-07-17 16:50:46,,,,No
TKT-03768,Network,Low,Resolved,Legal,Amit Sharma,2024-10-20 14:36:16,2024-10-22 15:36:16,49.0,No,Yes
TKT-03769,Software,Medium,Resolved,Sales,Anjali Mehta,2024-03-25 11:59:03,2024-03-26 15:59:03,28.0,No,No
TKT-03770,Email,Low,Closed,Legal,Vikram Joshi,2024-04-05 08:01:07,2024-04-07 00:01:07,40.0,No,No
TKT-03771,Email,High,Resolved,IT,Vikram Joshi,2024-02-07 23:20:34,2024-02-08 07:20:34,8.0,No,No
TKT-03772,Printer,Low,In Progress,Legal,Rohit Verma,2023-11-25 23:01:57,,,,Yes
TKT-03773,Hardware,High,Closed,Finance,Rohit Verma,2024-06-20 03:09:06,2024-06-21 01:09:06,22.0,No,No
TKT-03774,Access/Login,High,Open,HR,Vikram Joshi,2024-09-24 12:43:51,,,,No
TKT-03775,Hardware,Low,Closed,Finance,Suresh Kumar,2023-04-25 20:37:38,2023-04-29 10:37:38,86.0,Yes,No
TKT-03776,Hardware,High,Closed,Operations,Rohit Verma,2024-06-25 15:31:31,2024-06-25 20:31:31,5.0,No,No
TKT-03777,Access/Login,Low,Resolved,Finance,Amit Sharma,2023-07-20 13:39:25,2023-07-23 11:39:25,70.0,No,No
TKT-03778,Printer,High,Closed,Operations,Amit Sharma,2023-02-05 07:17:57,2023-02-06 07:17:57,24.0,No,Yes
TKT-03779,Network,High,Closed,IT,Priya Singh,2024-03-08 07:25:03,2024-03-09 08:25:03,25.0,Yes,No
TKT-03780,Email,Critical,Closed,Legal,Priya Singh,2023-02-10 03:38:34,2023-02-10 07:38:34,4.0,No,No
TKT-03781,Network,Medium,Closed,HR,Neha Gupta,2023-02-08 18:49:20,2023-02-10 07:49:20,37.0,No,No
TKT-03782,Software,Low,Closed,Finance,Neha Gupta,2023-01-31 23:08:48,2023-02-03 18:08:48,67.0,No,No
TKT-03783,Hardware,Medium,Resolved,Sales,Amit Sharma,2024-11-02 23:19:32,2024-11-03 23:19:32,24.0,No,Yes
TKT-03784,Printer,Low,Open,Sales,Amit Sharma,2023-07-08 22:28:34,,,,Yes
TKT-03785,Hardware,Medium,In Progress,Finance,Anjali Mehta,2023-07-13 16:22:17,,,,No
TKT-03786,Hardware,Low,Closed,Marketing,Vikram Joshi,2023-07-01 20:40:19,2023-07-03 21:40:19,49.0,No,Yes
TKT-03787,Network,High,Closed,Legal,Rohit Verma,2024-11-16 04:34:23,2024-11-17 03:34:23,23.0,No,Yes
TKT-03788,Software,Medium,Resolved,Legal,Vikram Joshi,2023-03-02 08:18:04,2023-03-02 13:18:04,5.0,No,No
TKT-03789,Network,Medium,Resolved,HR,Amit Sharma,2024-06-18 18:37:08,2024-06-20 02:37:08,32.0,No,No
TKT-03790,Network,Medium,Resolved,Operations,Vikram Joshi,2023-02-19 12:47:43,2023-02-20 11:47:43,23.0,No,Yes
TKT-03791,Access/Login,Medium,Closed,Operations,Anjali Mehta,2024-01-03 23:17:04,2024-01-04 16:17:04,17.0,No,No
TKT-03792,Network,Medium,Closed,Sales,Vikram Joshi,2023-03-28 03:49:46,2023-03-28 13:49:46,10.0,No,No
TKT-03793,Hardware,Medium,Open,IT,Vikram Joshi,2024-08-21 22:35:30,,,,No
TKT-03794,Hardware,Medium,Resolved,Sales,Suresh Kumar,2024-10-06 07:52:12,2024-10-06 23:52:12,16.0,No,Yes
TKT-03795,Email,Critical,Resolved,Finance,Priya Singh,2023-10-04 21:20:04,2023-10-05 04:20:04,7.0,Yes,No
TKT-03796,Access/Login,Medium,In Progress,IT,Suresh Kumar,2024-05-16 01:12:51,,,,No
TKT-03797,Network,Low,Closed,HR,Suresh Kumar,2023-01-02 02:35:47,2023-01-03 20:35:47,42.0,No,No
TKT-03798,Printer,High,Closed,Finance,Suresh Kumar,2023-09-13 18:35:59,2023-09-14 15:35:59,21.0,No,No
TKT-03799,Network,Low,Closed,Legal,Priya Singh,2023-08-29 04:27:47,2023-08-31 03:27:47,47.0,No,No
TKT-03800,Printer,Low,Closed,Sales,Neha Gupta,2024-01-02 02:15:32,2024-01-03 12:15:32,34.0,No,No
TKT-03801,Printer,Medium,Closed,Finance,Rohit Verma,2024-05-06 06:08:34,2024-05-07 17:08:34,35.0,No,No
TKT-03802,Printer,Medium,Resolved,Operations,Rohit Verma,2024-04-12 08:18:42,2024-04-13 21:18:42,37.0,No,No
TKT-03803,Network,Low,Resolved,Operations,Priya Singh,2023-03-09 23:05:21,2023-03-12 10:05:21,59.0,No,No
TKT-03804,Network,Medium,Resolved,Finance,Rohit Verma,2023-07-23 23:54:48,2023-07-25 16:54:48,41.0,No,Yes
TKT-03805,Software,Critical,Open,Marketing,Suresh Kumar,2023-10-12 09:21:01,,,,No
TKT-03806,Access/Login,High,Open,Finance,Suresh Kumar,2023-08-19 16:53:21,,,,Yes
TKT-03807,Access/Login,Low,Resolved,Operations,Amit Sharma,2024-06-01 20:03:02,2024-06-04 18:03:02,70.0,No,Yes
TKT-03808,Network,Medium,Open,Operations,Priya Singh,2024-02-28 00:12:35,,,,No
TKT-03809,Email,Medium,Resolved,Operations,Neha Gupta,2024-08-02 18:40:34,2024-08-03 16:40:34,22.0,No,No
TKT-03810,Printer,Medium,Resolved,IT,Neha Gupta,2023-04-02 08:27:30,2023-04-04 02:27:30,42.0,No,Yes
TKT-03811,Email,Low,Resolved,Marketing,Amit Sharma,2024-06-17 13:55:20,2024-06-20 09:55:20,68.0,No,No
TKT-03812,Access/Login,Medium,Resolved,Sales,Suresh Kumar,2024-05-12 09:12:28,2024-05-12 19:12:28,10.0,No,Yes
TKT-03813,Software,High,Resolved,Marketing,Neha Gupta,2023-03-11 00:59:08,2023-03-11 14:59:08,14.0,No,Yes
TKT-03814,Network,Medium,Closed,HR,Anjali Mehta,2023-10-01 00:00:33,2023-10-01 09:00:33,9.0,No,Yes
TKT-03815,Access/Login,Critical,Closed,IT,Neha Gupta,2024-07-17 18:48:07,2024-07-17 21:48:07,3.0,No,No
TKT-03816,Software,Low,Resolved,Sales,Suresh Kumar,2023-06-09 08:38:37,2023-06-12 01:38:37,65.0,No,No
TKT-03817,Hardware,High,In Progress,Sales,Rohit Verma,2023-10-16 17:49:28,,,,No
TKT-03818,Access/Login,High,Closed,Finance,Neha Gupta,2023-07-19 12:17:58,2023-07-19 15:17:58,3.0,No,No
TKT-03819,Printer,High,Resolved,Finance,Vikram Joshi,2023-10-16 11:35:44,2023-10-16 15:35:44,4.0,No,No
TKT-03820,Printer,Medium,Resolved,Sales,Vikram Joshi,2024-07-27 23:17:29,2024-07-28 11:17:29,12.0,No,Yes
TKT-03821,Software,Medium,In Progress,Marketing,Vikram Joshi,2024-06-30 17:21:55,,,,Yes
TKT-03822,Access/Login,High,Closed,Legal,Vikram Joshi,2023-05-19 12:37:21,2023-05-20 15:37:21,27.0,Yes,No
TKT-03823,Printer,Medium,Closed,Operations,Anjali Mehta,2024-05-26 17:39:25,2024-05-28 10:39:25,41.0,No,Yes
TKT-03824,Email,High,Closed,Finance,Rohit Verma,2023-12-26 21:38:23,2023-12-27 06:38:23,9.0,No,No
TKT-03825,Printer,High,Resolved,HR,Vikram Joshi,2023-05-05 11:45:42,2023-05-06 06:45:42,19.0,No,No
TKT-03826,Access/Login,Medium,Resolved,Legal,Suresh Kumar,2023-01-28 07:40:10,2023-01-28 12:40:10,5.0,No,Yes
TKT-03827,Printer,Critical,Open,Finance,Vikram Joshi,2023-03-06 23:49:38,,,,No
TKT-03828,Access/Login,High,Resolved,Finance,Neha Gupta,2024-09-03 09:34:24,2024-09-03 15:34:24,6.0,No,No
TKT-03829,Software,High,Resolved,Sales,Anjali Mehta,2024-03-29 07:22:25,2024-03-30 05:22:25,22.0,No,No
TKT-03830,Network,Medium,Closed,IT,Anjali Mehta,2023-02-01 02:34:31,2023-02-01 21:34:31,19.0,No,No
TKT-03831,Hardware,Medium,Resolved,Finance,Rohit Verma,2024-11-25 16:56:50,2024-11-27 16:56:50,48.0,No,No
TKT-03832,Access/Login,High,Closed,HR,Neha Gupta,2024-12-16 09:17:25,2024-12-16 14:17:25,5.0,No,No
TKT-03833,Network,Low,Resolved,IT,Neha Gupta,2024-01-27 18:04:58,2024-01-29 02:04:58,32.0,No,Yes
TKT-03834,Access/Login,Low,Resolved,Operations,Rohit Verma,2024-05-14 01:40:35,2024-05-14 16:40:35,15.0,No,No
TKT-03835,Email,Medium,Resolved,Legal,Neha Gupta,2023-08-13 07:06:51,2023-08-15 03:06:51,44.0,No,Yes
TKT-03836,Printer,Low,Resolved,Operations,Anjali Mehta,2024-11-11 15:11:25,2024-11-13 19:11:25,52.0,No,No
TKT-03837,Software,Medium,Resolved,Sales,Vikram Joshi,2023-06-28 14:35:29,2023-06-30 19:35:29,53.0,Yes,No
TKT-03838,Access/Login,Medium,Resolved,IT,Rohit Verma,2023-03-01 21:36:39,2023-03-02 18:36:39,21.0,No,No
TKT-03839,Hardware,Critical,Resolved,IT,Rohit Verma,2024-08-26 23:23:41,2024-08-27 07:23:41,8.0,Yes,No
TKT-03840,Network,Low,Resolved,Sales,Vikram Joshi,2023-05-06 05:13:04,2023-05-09 03:13:04,70.0,No,Yes
TKT-03841,Hardware,Medium,Resolved,HR,Anjali Mehta,2023-12-12 01:26:18,2023-12-13 18:26:18,41.0,No,No
TKT-03842,Printer,Low,Resolved,IT,Rohit Verma,2024-03-16 23:03:28,2024-03-20 01:03:28,74.0,Yes,Yes
TKT-03843,Printer,Low,Resolved,Legal,Rohit Verma,2023-02-19 20:44:29,2023-02-22 12:44:29,64.0,No,Yes
TKT-03844,Software,Critical,Open,Finance,Neha Gupta,2023-01-05 00:25:15,,,,No
TKT-03845,Hardware,Low,Resolved,Operations,Anjali Mehta,2023-05-15 19:42:14,2023-05-16 15:42:14,20.0,No,No
TKT-03846,Network,Medium,Closed,Sales,Vikram Joshi,2024-05-03 14:58:27,2024-05-03 23:58:27,9.0,No,No
TKT-03847,Printer,High,Closed,Operations,Anjali Mehta,2023-12-10 05:41:08,2023-12-10 17:41:08,12.0,No,Yes
TKT-03848,Hardware,Medium,Closed,Sales,Suresh Kumar,2024-07-14 01:16:13,2024-07-16 05:16:13,52.0,Yes,Yes
TKT-03849,Access/Login,Medium,Resolved,Sales,Neha Gupta,2023-07-10 11:28:11,2023-07-11 19:28:11,32.0,No,No
TKT-03850,Printer,High,Resolved,IT,Anjali Mehta,2024-05-15 03:03:30,2024-05-16 04:03:30,25.0,Yes,No
TKT-03851,Printer,Medium,Resolved,Marketing,Vikram Joshi,2024-08-04 15:07:49,2024-08-06 07:07:49,40.0,No,Yes
TKT-03852,Printer,Medium,Closed,Marketing,Priya Singh,2023-12-05 07:29:48,2023-12-06 13:29:48,30.0,No,No
TKT-03853,Email,Medium,Closed,Operations,Amit Sharma,2023-04-02 06:27:18,2023-04-04 08:27:18,50.0,Yes,Yes
TKT-03854,Printer,Low,Closed,Operations,Anjali Mehta,2023-10-27 06:37:11,2023-10-28 15:37:11,33.0,No,No
TKT-03855,Hardware,Medium,Open,Marketing,Priya Singh,2023-09-16 08:59:04,,,,Yes
TKT-03856,Software,Low,Resolved,HR,Priya Singh,2024-01-09 03:52:28,2024-01-10 00:52:28,21.0,No,No
TKT-03857,Hardware,Medium,Resolved,Legal,Priya Singh,2024-10-08 00:00:51,2024-10-09 16:00:51,40.0,No,No
TKT-03858,Network,Medium,Closed,Sales,Priya Singh,2023-05-05 08:24:12,2023-05-06 18:24:12,34.0,No,No
TKT-03859,Software,Low,Resolved,Sales,Rohit Verma,2024-10-24 14:10:17,2024-10-25 13:10:17,23.0,No,No
TKT-03860,Printer,Low,Closed,Marketing,Priya Singh,2023-09-01 06:55:45,2023-09-03 13:55:45,55.0,No,No
TKT-03861,Access/Login,Medium,Open,IT,Neha Gupta,2024-11-03 22:25:39,,,,Yes
TKT-03862,Software,Critical,Resolved,Marketing,Priya Singh,2024-06-22 05:19:49,2024-06-22 14:19:49,9.0,Yes,Yes
TKT-03863,Network,Low,In Progress,IT,Vikram Joshi,2023-03-17 16:38:52,,,,No
TKT-03864,Network,Low,Closed,Operations,Vikram Joshi,2024-12-09 09:31:31,2024-12-12 15:31:31,78.0,Yes,No
TKT-03865,Printer,Low,Closed,Sales,Rohit Verma,2024-04-30 16:53:15,2024-05-04 09:53:15,89.0,Yes,No
TKT-03866,Email,Medium,Closed,Marketing,Vikram Joshi,2024-08-18 04:51:52,2024-08-18 19:51:52,15.0,No,Yes
TKT-03867,Network,Medium,Closed,Legal,Amit Sharma,2023-07-03 02:29:24,2023-07-04 12:29:24,34.0,No,No
TKT-03868,Software,Low,Resolved,Legal,Amit Sharma,2023-04-28 07:46:52,2023-05-01 20:46:52,85.0,Yes,No
TKT-03869,Email,Low,Open,Legal,Amit Sharma,2023-07-25 23:17:20,,,,No
TKT-03870,Network,High,Resolved,Finance,Anjali Mehta,2023-12-20 17:03:11,2023-12-21 00:03:11,7.0,No,No
TKT-03871,Software,Low,Closed,Sales,Suresh Kumar,2023-01-02 15:37:04,2023-01-05 12:37:04,69.0,No,No
TKT-03872,Hardware,High,Closed,HR,Priya Singh,2023-01-03 22:44:33,2023-01-04 10:44:33,12.0,No,No
TKT-03873,Access/Login,Critical,Resolved,HR,Rohit Verma,2024-10-04 15:19:18,2024-10-04 19:19:18,4.0,No,No
TKT-03874,Hardware,Medium,Closed,Sales,Priya Singh,2023-02-13 15:20:54,2023-02-14 00:20:54,9.0,No,No
TKT-03875,Hardware,Low,Open,Sales,Amit Sharma,2023-10-11 23:29:03,,,,No
TKT-03876,Printer,High,Open,Operations,Anjali Mehta,2023-05-08 23:08:10,,,,No
TKT-03877,Network,Medium,Resolved,IT,Neha Gupta,2024-09-17 07:02:27,2024-09-18 03:02:27,20.0,No,No
TKT-03878,Network,Critical,Resolved,Legal,Suresh Kumar,2024-02-04 09:51:39,2024-02-04 11:51:39,2.0,No,Yes
TKT-03879,Software,Medium,Closed,Operations,Rohit Verma,2024-05-17 02:24:14,2024-05-17 16:24:14,14.0,No,No
TKT-03880,Network,Medium,In Progress,Marketing,Vikram Joshi,2024-12-08 11:16:15,,,,Yes
TKT-03881,Printer,High,In Progress,IT,Anjali Mehta,2024-06-14 10:20:38,,,,No
TKT-03882,Printer,High,Closed,Finance,Anjali Mehta,2024-04-29 20:48:18,2024-04-30 23:48:18,27.0,Yes,No
TKT-03883,Access/Login,Medium,Resolved,Operations,Priya Singh,2024-12-02 16:14:35,2024-12-04 16:14:35,48.0,No,No
TKT-03884,Network,Critical,Resolved,Marketing,Vikram Joshi,2024-11-30 15:39:19,2024-12-01 01:39:19,10.0,Yes,Yes
TKT-03885,Access/Login,Critical,Resolved,Finance,Anjali Mehta,2023-06-17 22:50:41,2023-06-18 00:50:41,2.0,No,Yes
TKT-03886,Printer,Low,Resolved,Finance,Priya Singh,2024-02-01 22:24:54,2024-02-04 05:24:54,55.0,No,No
TKT-03887,Email,Medium,Resolved,Finance,Priya Singh,2024-08-13 02:35:30,2024-08-13 08:35:30,6.0,No,No
TKT-03888,Network,Medium,Closed,Marketing,Priya Singh,2023-04-07 08:52:19,2023-04-09 16:52:19,56.0,Yes,No
TKT-03889,Access/Login,Critical,Resolved,Sales,Amit Sharma,2024-11-28 11:13:57,2024-11-28 12:13:57,1.0,No,No
TKT-03890,Network,Medium,Closed,Legal,Anjali Mehta,2024-01-15 07:41:02,2024-01-17 09:41:02,50.0,Yes,No
TKT-03891,Access/Login,Low,Resolved,Sales,Suresh Kumar,2023-04-01 12:29:28,2023-04-02 01:29:28,13.0,No,Yes
TKT-03892,Network,Low,Closed,Legal,Rohit Verma,2024-04-09 07:40:48,2024-04-12 06:40:48,71.0,No,No
TKT-03893,Printer,Critical,In Progress,HR,Anjali Mehta,2024-09-25 02:57:26,,,,No
TKT-03894,Printer,Medium,Closed,Operations,Rohit Verma,2023-08-12 11:19:30,2023-08-13 17:19:30,30.0,No,Yes
TKT-03895,Software,Low,In Progress,Sales,Anjali Mehta,2024-10-20 05:37:23,,,,Yes
TKT-03896,Software,Medium,Resolved,Operations,Suresh Kumar,2023-10-28 16:59:25,2023-10-30 19:59:25,51.0,Yes,Yes
TKT-03897,Network,Medium,In Progress,Operations,Suresh Kumar,2023-12-15 09:06:18,,,,No
TKT-03898,Printer,Critical,Resolved,Finance,Priya Singh,2024-05-18 08:08:19,2024-05-18 10:08:19,2.0,No,Yes
TKT-03899,Hardware,High,Open,Operations,Neha Gupta,2023-09-18 06:15:23,,,,No
TKT-03900,Network,Medium,Resolved,HR,Vikram Joshi,2024-05-03 15:06:47,2024-05-05 11:06:47,44.0,No,No
TKT-03901,Email,Low,Resolved,Legal,Anjali Mehta,2023-10-20 21:20:54,2023-10-22 15:20:54,42.0,No,No
TKT-03902,Network,High,Closed,Marketing,Suresh Kumar,2023-12-29 21:09:35,2023-12-30 01:09:35,4.0,No,No
TKT-03903,Printer,High,Resolved,Legal,Suresh Kumar,2023-11-28 10:21:19,2023-11-28 19:21:19,9.0,No,No
TKT-03904,Access/Login,Low,Resolved,Sales,Amit Sharma,2023-01-05 07:45:14,2023-01-07 21:45:14,62.0,No,No
TKT-03905,Email,Medium,Resolved,Marketing,Anjali Mehta,2023-10-04 08:59:30,2023-10-05 20:59:30,36.0,No,No
TKT-03906,Network,High,Closed,IT,Vikram Joshi,2023-02-17 05:48:57,2023-02-18 06:48:57,25.0,Yes,No
TKT-03907,Network,Medium,Closed,Operations,Priya Singh,2024-10-19 09:01:25,2024-10-21 15:01:25,54.0,Yes,Yes
TKT-03908,Printer,Low,Open,Operations,Priya Singh,2023-04-22 11:48:51,,,,Yes
TKT-03909,Email,Low,Resolved,Finance,Amit Sharma,2023-05-12 09:01:30,2023-05-15 02:01:30,65.0,No,No
TKT-03910,Access/Login,Medium,Resolved,Legal,Neha Gupta,2024-07-20 03:04:08,2024-07-21 10:04:08,31.0,No,Yes
TKT-03911,Email,Low,In Progress,Sales,Rohit Verma,2023-12-20 05:57:10,,,,No
TKT-03912,Printer,Low,Resolved,Operations,Neha Gupta,2023-05-01 15:36:12,2023-05-03 19:36:12,52.0,No,No
TKT-03913,Network,Medium,Resolved,IT,Rohit Verma,2023-12-20 02:07:17,2023-12-22 02:07:17,48.0,No,No
TKT-03914,Email,Medium,In Progress,Marketing,Suresh Kumar,2023-04-19 20:30:11,,,,No
TKT-03915,Network,Low,Closed,Marketing,Anjali Mehta,2023-11-03 15:32:06,2023-11-05 14:32:06,47.0,No,No
TKT-03916,Access/Login,Medium,Closed,Legal,Anjali Mehta,2024-10-30 17:03:08,2024-11-02 00:03:08,55.0,Yes,No
TKT-03917,Access/Login,Medium,Resolved,Sales,Suresh Kumar,2023-12-15 14:13:01,2023-12-16 17:13:01,27.0,No,No
TKT-03918,Hardware,High,Closed,IT,Rohit Verma,2023-09-28 15:18:54,2023-09-29 05:18:54,14.0,No,No
TKT-03919,Email,Medium,Resolved,Marketing,Amit Sharma,2023-09-16 08:36:15,2023-09-18 01:36:15,41.0,No,Yes
TKT-03920,Printer,Medium,Resolved,Legal,Amit Sharma,2023-11-22 14:23:47,2023-11-24 21:23:47,55.0,Yes,No
TKT-03921,Hardware,High,Resolved,IT,Anjali Mehta,2024-05-20 05:18:38,2024-05-20 15:18:38,10.0,No,No
TKT-03922,Software,Medium,Closed,Legal,Anjali Mehta,2023-02-09 11:29:35,2023-02-10 11:29:35,24.0,No,No
TKT-03923,Software,Medium,Resolved,HR,Suresh Kumar,2024-07-26 18:43:33,2024-07-28 08:43:33,38.0,No,No
TKT-03924,Access/Login,Medium,Resolved,HR,Vikram Joshi,2024-08-02 12:46:08,2024-08-02 19:46:08,7.0,No,No
TKT-03925,Software,Low,Resolved,HR,Amit Sharma,2024-11-25 11:58:40,2024-11-27 15:58:40,52.0,No,No
TKT-03926,Printer,Low,Closed,Operations,Neha Gupta,2023-07-09 15:01:49,2023-07-12 04:01:49,61.0,No,Yes
TKT-03927,Network,Medium,Resolved,HR,Rohit Verma,2024-02-18 11:19:45,2024-02-20 05:19:45,42.0,No,Yes
TKT-03928,Hardware,Medium,Resolved,Legal,Rohit Verma,2023-03-14 13:38:22,2023-03-16 10:38:22,45.0,No,No
TKT-03929,Access/Login,Low,Closed,Marketing,Priya Singh,2023-12-03 21:54:32,2023-12-06 09:54:32,60.0,No,Yes
TKT-03930,Email,Medium,Resolved,Marketing,Priya Singh,2023-10-11 05:38:47,2023-10-13 14:38:47,57.0,Yes,No
TKT-03931,Access/Login,High,In Progress,Finance,Vikram Joshi,2024-03-06 17:29:55,,,,No
TKT-03932,Software,Critical,Open,Sales,Rohit Verma,2023-01-08 00:46:46,,,,Yes
TKT-03933,Printer,Medium,Resolved,Sales,Suresh Kumar,2024-07-07 23:02:46,2024-07-08 09:02:46,10.0,No,Yes
TKT-03934,Software,Medium,Resolved,Operations,Rohit Verma,2023-03-06 18:20:17,2023-03-08 05:20:17,35.0,No,No
TKT-03935,Network,Low,Resolved,IT,Suresh Kumar,2023-10-29 06:45:29,2023-11-01 22:45:29,88.0,Yes,Yes
TKT-03936,Access/Login,High,Resolved,Legal,Suresh Kumar,2023-01-18 22:07:58,2023-01-19 19:07:58,21.0,No,No
TKT-03937,Hardware,Medium,Resolved,HR,Priya Singh,2023-03-28 04:27:03,2023-03-30 04:27:03,48.0,No,No
TKT-03938,Network,Low,Resolved,Legal,Priya Singh,2023-07-03 13:04:14,2023-07-05 18:04:14,53.0,No,No
TKT-03939,Access/Login,Critical,Closed,Finance,Suresh Kumar,2023-01-02 23:10:12,2023-01-03 05:10:12,6.0,Yes,No
TKT-03940,Printer,Medium,Resolved,IT,Neha Gupta,2024-06-25 23:56:34,2024-06-27 04:56:34,29.0,No,No
TKT-03941,Email,High,Resolved,Sales,Rohit Verma,2023-12-08 18:52:09,2023-12-09 15:52:09,21.0,No,No
TKT-03942,Printer,High,Resolved,Legal,Rohit Verma,2024-01-02 03:10:45,2024-01-02 18:10:45,15.0,No,No
TKT-03943,Access/Login,Medium,Resolved,Legal,Neha Gupta,2023-04-27 01:21:35,2023-04-27 17:21:35,16.0,No,No
TKT-03944,Email,Low,Closed,HR,Neha Gupta,2023-04-23 21:11:05,2023-04-26 10:11:05,61.0,No,Yes
TKT-03945,Hardware,Medium,Resolved,IT,Neha Gupta,2023-12-27 11:58:16,2023-12-27 19:58:16,8.0,No,No
TKT-03946,Hardware,Low,Resolved,Sales,Neha Gupta,2023-01-06 00:58:25,2023-01-08 20:58:25,68.0,No,No
TKT-03947,Email,Critical,Resolved,HR,Vikram Joshi,2023-06-28 09:47:04,2023-06-28 17:47:04,8.0,Yes,No
TKT-03948,Software,Low,In Progress,IT,Suresh Kumar,2023-02-17 11:40:30,,,,No
TKT-03949,Software,Medium,Closed,Marketing,Anjali Mehta,2024-12-30 19:49:37,2024-12-31 19:49:37,24.0,No,No
TKT-03950,Email,Medium,Closed,IT,Priya Singh,2023-12-26 09:05:25,2023-12-28 08:05:25,47.0,No,No
TKT-03951,Software,High,Closed,Sales,Rohit Verma,2023-01-19 07:27:26,2023-01-20 11:27:26,28.0,Yes,No
TKT-03952,Network,Medium,Closed,Legal,Neha Gupta,2024-03-02 19:19:28,2024-03-04 08:19:28,37.0,No,Yes
TKT-03953,Access/Login,Low,Closed,Operations,Vikram Joshi,2023-09-27 15:08:19,2023-09-29 10:08:19,43.0,No,No
TKT-03954,Software,Medium,Resolved,Marketing,Anjali Mehta,2023-02-19 21:53:25,2023-02-21 06:53:25,33.0,No,Yes
TKT-03955,Hardware,Medium,Resolved,Legal,Suresh Kumar,2024-12-30 21:10:57,2025-01-01 18:10:57,45.0,No,No
TKT-03956,Network,High,Resolved,Operations,Neha Gupta,2023-07-07 15:56:19,2023-07-07 20:56:19,5.0,No,No
TKT-03957,Network,High,Closed,HR,Suresh Kumar,2023-03-09 01:48:10,2023-03-09 12:48:10,11.0,No,No
TKT-03958,Printer,High,Resolved,IT,Amit Sharma,2023-01-31 22:31:41,2023-02-02 02:31:41,28.0,Yes,No
TKT-03959,Hardware,Low,Resolved,Operations,Anjali Mehta,2024-04-04 17:24:50,2024-04-05 06:24:50,13.0,No,No
TKT-03960,Hardware,Medium,Resolved,IT,Neha Gupta,2023-12-24 19:53:59,2023-12-27 02:53:59,55.0,Yes,Yes
TKT-03961,Email,Low,Closed,Marketing,Suresh Kumar,2024-03-20 21:59:07,2024-03-22 05:59:07,32.0,No,No
TKT-03962,Printer,Low,In Progress,Finance,Amit Sharma,2024-10-19 09:41:28,,,,Yes
TKT-03963,Printer,Medium,Closed,Operations,Neha Gupta,2023-08-03 05:50:57,2023-08-04 11:50:57,30.0,No,No
TKT-03964,Network,Critical,Closed,IT,Priya Singh,2023-03-07 06:07:59,2023-03-07 12:07:59,6.0,Yes,No
TKT-03965,Printer,Medium,Resolved,IT,Amit Sharma,2024-08-30 05:26:03,2024-08-30 18:26:03,13.0,No,No
TKT-03966,Email,Low,Closed,Finance,Priya Singh,2024-08-25 15:27:16,2024-08-27 21:27:16,54.0,No,Yes
TKT-03967,Email,Low,Resolved,HR,Suresh Kumar,2024-11-30 11:04:52,2024-12-03 08:04:52,69.0,No,Yes
TKT-03968,Access/Login,Medium,In Progress,Finance,Neha Gupta,2023-10-20 19:43:25,,,,No
TKT-03969,Network,Medium,Closed,Operations,Neha Gupta,2023-07-11 20:59:33,2023-07-14 02:59:33,54.0,Yes,No
TKT-03970,Printer,Low,In Progress,Finance,Anjali Mehta,2024-01-21 02:00:35,,,,Yes
TKT-03971,Printer,High,Open,Legal,Anjali Mehta,2024-06-18 11:03:31,,,,No
TKT-03972,Software,Medium,Resolved,Finance,Vikram Joshi,2024-11-19 21:52:09,2024-11-20 13:52:09,16.0,No,No
TKT-03973,Software,High,Resolved,Operations,Rohit Verma,2023-10-23 08:26:20,2023-10-24 14:26:20,30.0,Yes,No
TKT-03974,Email,Medium,In Progress,HR,Amit Sharma,2024-07-15 16:25:34,,,,No
TKT-03975,Software,Low,Closed,Finance,Rohit Verma,2024-06-15 03:25:36,2024-06-16 09:25:36,30.0,No,Yes
TKT-03976,Hardware,Medium,Closed,Operations,Suresh Kumar,2023-07-03 10:36:54,2023-07-05 20:36:54,58.0,Yes,No
TKT-03977,Network,Medium,Closed,Sales,Neha Gupta,2024-01-08 20:40:06,2024-01-10 17:40:06,45.0,No,No
TKT-03978,Access/Login,Critical,Closed,Finance,Rohit Verma,2023-03-13 07:29:12,2023-03-13 09:29:12,2.0,No,No
TKT-03979,Hardware,Medium,Closed,Marketing,Suresh Kumar,2023-01-02 14:13:18,2023-01-03 00:13:18,10.0,No,No
TKT-03980,Access/Login,Low,In Progress,Marketing,Rohit Verma,2023-01-01 21:55:44,,,,Yes
TKT-03981,Printer,Medium,Resolved,Operations,Priya Singh,2023-10-31 10:14:45,2023-11-02 20:14:45,58.0,Yes,No
TKT-03982,Email,Medium,Resolved,Legal,Rohit Verma,2024-03-02 08:41:03,2024-03-02 18:41:03,10.0,No,Yes
TKT-03983,Printer,Low,Resolved,HR,Rohit Verma,2023-10-16 21:15:37,2023-10-20 01:15:37,76.0,Yes,No
TKT-03984,Network,Low,Resolved,HR,Amit Sharma,2023-10-02 12:30:11,2023-10-03 21:30:11,33.0,No,No
TKT-03985,Software,Critical,Resolved,HR,Suresh Kumar,2023-03-28 13:28:27,2023-03-28 18:28:27,5.0,Yes,No
TKT-03986,Access/Login,Critical,Resolved,Operations,Amit Sharma,2023-03-13 10:55:24,2023-03-13 18:55:24,8.0,Yes,No
TKT-03987,Access/Login,Low,Closed,Legal,Neha Gupta,2024-01-31 04:14:04,2024-02-02 14:14:04,58.0,No,No
TKT-03988,Network,Low,Resolved,IT,Anjali Mehta,2024-09-19 17:09:32,2024-09-20 11:09:32,18.0,No,No
TKT-03989,Hardware,Medium,Resolved,Operations,Suresh Kumar,2023-10-19 14:11:50,2023-10-20 20:11:50,30.0,No,No
TKT-03990,Printer,Low,Closed,Legal,Suresh Kumar,2024-12-23 00:25:51,2024-12-24 14:25:51,38.0,No,No
TKT-03991,Access/Login,High,Closed,Legal,Neha Gupta,2023-12-08 10:36:17,2023-12-09 01:36:17,15.0,No,No
TKT-03992,Network,Low,Closed,IT,Amit Sharma,2024-05-01 15:03:16,2024-05-03 18:03:16,51.0,No,No
TKT-03993,Email,Medium,Resolved,Sales,Vikram Joshi,2023-08-07 14:16:45,2023-08-07 21:16:45,7.0,No,No
TKT-03994,Printer,Low,Resolved,Sales,Vikram Joshi,2024-08-07 07:45:13,2024-08-08 07:45:13,24.0,No,No
TKT-03995,Printer,Low,Closed,Marketing,Vikram Joshi,2024-11-18 11:53:49,2024-11-20 20:53:49,57.0,No,No
TKT-03996,Software,Medium,Closed,Operations,Neha Gupta,2024-11-24 07:30:34,2024-11-24 12:30:34,5.0,No,Yes
TKT-03997,Software,Low,Resolved,Finance,Amit Sharma,2024-02-03 17:02:19,2024-02-07 07:02:19,86.0,Yes,Yes
TKT-03998,Printer,Low,Open,Finance,Neha Gupta,2023-07-22 15:35:03,,,,Yes
TKT-03999,Access/Login,Medium,In Progress,HR,Suresh Kumar,2023-03-27 02:07:03,,,,No
TKT-04000,Email,Low,Open,Operations,Priya Singh,2023-12-18 09:59:17,,,,No
TKT-04001,Software,High,Open,Finance,Anjali Mehta,2024-04-12 14:44:50,,,,No
TKT-04002,Access/Login,Medium,Resolved,Legal,Rohit Verma,2023-05-16 00:42:09,2023-05-17 11:42:09,35.0,No,No
TKT-04003,Network,Medium,Resolved,Marketing,Anjali Mehta,2024-11-12 07:20:45,2024-11-12 19:20:45,12.0,No,No
TKT-04004,Printer,Low,Resolved,Legal,Vikram Joshi,2023-02-10 05:23:49,2023-02-11 02:23:49,21.0,No,No
TKT-04005,Software,Low,Resolved,Operations,Anjali Mehta,2024-07-01 04:00:57,2024-07-04 16:00:57,84.0,Yes,No
TKT-04006,Email,Low,Resolved,Legal,Vikram Joshi,2023-12-28 15:52:45,2024-01-01 06:52:45,87.0,Yes,No
TKT-04007,Access/Login,Low,Resolved,HR,Priya Singh,2024-08-12 00:18:57,2024-08-12 14:18:57,14.0,No,No
TKT-04008,Access/Login,Critical,Open,Sales,Amit Sharma,2023-06-05 20:42:24,,,,No
TKT-04009,Hardware,Medium,In Progress,Sales,Suresh Kumar,2024-08-14 15:00:57,,,,No
TKT-04010,Email,Medium,Resolved,IT,Suresh Kumar,2024-03-02 03:19:04,2024-03-02 15:19:04,12.0,No,Yes
TKT-04011,Access/Login,High,Resolved,IT,Vikram Joshi,2023-02-16 16:56:53,2023-02-16 19:56:53,3.0,No,No
TKT-04012,Access/Login,Low,Resolved,Marketing,Vikram Joshi,2024-12-01 13:16:53,2024-12-05 02:16:53,85.0,Yes,Yes
TKT-04013,Printer,Medium,Open,Legal,Amit Sharma,2023-01-26 09:58:33,,,,No
TKT-04014,Software,Low,Resolved,Legal,Neha Gupta,2023-06-29 16:47:06,2023-07-02 11:47:06,67.0,No,No
TKT-04015,Network,Critical,Resolved,Legal,Amit Sharma,2024-01-22 19:15:50,2024-01-23 04:15:50,9.0,Yes,No
TKT-04016,Hardware,Medium,Closed,IT,Anjali Mehta,2023-03-07 09:17:18,2023-03-09 19:17:18,58.0,Yes,No
TKT-04017,Hardware,Critical,Resolved,Legal,Rohit Verma,2024-01-22 15:06:04,2024-01-22 16:06:04,1.0,No,No
TKT-04018,Access/Login,Medium,Open,Sales,Vikram Joshi,2024-12-12 20:35:59,,,,No
TKT-04019,Access/Login,Medium,Resolved,HR,Amit Sharma,2024-05-25 21:08:44,2024-05-27 14:08:44,41.0,No,Yes
TKT-04020,Network,High,Resolved,Marketing,Anjali Mehta,2024-04-20 01:02:22,2024-04-20 13:02:22,12.0,No,Yes
TKT-04021,Software,Medium,Closed,Finance,Priya Singh,2023-10-02 16:23:59,2023-10-04 16:23:59,48.0,No,No
TKT-04022,Network,Medium,Resolved,Marketing,Amit Sharma,2024-09-23 02:49:48,2024-09-24 20:49:48,42.0,No,No
TKT-04023,Email,Low,Closed,Operations,Vikram Joshi,2023-01-14 05:21:52,2023-01-16 11:21:52,54.0,No,Yes
TKT-04024,Access/Login,Medium,Closed,Operations,Priya Singh,2023-04-26 10:03:39,2023-04-26 19:03:39,9.0,No,No
TKT-04025,Software,Critical,Closed,IT,Amit Sharma,2024-03-02 21:19:36,2024-03-03 05:19:36,8.0,Yes,Yes
TKT-04026,Access/Login,High,Resolved,Sales,Neha Gupta,2024-04-19 08:58:47,2024-04-20 06:58:47,22.0,No,No
TKT-04027,Email,Medium,Open,Finance,Neha Gupta,2024-04-28 15:01:26,,,,Yes
TKT-04028,Software,High,Open,IT,Amit Sharma,2023-06-02 14:08:04,,,,No
TKT-04029,Network,Low,Closed,IT,Priya Singh,2024-06-20 17:52:37,2024-06-22 02:52:37,33.0,No,No
TKT-04030,Access/Login,Medium,In Progress,Finance,Rohit Verma,2024-01-28 15:03:51,,,,Yes
TKT-04031,Printer,Critical,Resolved,Legal,Priya Singh,2024-11-14 19:08:08,2024-11-14 23:08:08,4.0,No,No
TKT-04032,Network,Low,Resolved,IT,Vikram Joshi,2024-04-17 09:57:52,2024-04-17 22:57:52,13.0,No,No
TKT-04033,Email,Critical,Resolved,Finance,Anjali Mehta,2024-08-29 23:29:13,2024-08-30 05:29:13,6.0,Yes,No
TKT-04034,Printer,Low,Resolved,Operations,Neha Gupta,2023-02-02 09:28:27,2023-02-04 12:28:27,51.0,No,No
TKT-04035,Network,Low,Closed,Finance,Neha Gupta,2024-11-20 13:11:48,2024-11-21 05:11:48,16.0,No,No
TKT-04036,Network,Low,Open,Operations,Rohit Verma,2024-12-12 09:30:23,,,,No
TKT-04037,Software,Low,In Progress,Marketing,Vikram Joshi,2024-11-11 13:31:12,,,,No
TKT-04038,Software,Medium,In Progress,Finance,Suresh Kumar,2023-10-09 22:40:22,,,,No
TKT-04039,Access/Login,High,Resolved,Finance,Rohit Verma,2023-03-03 00:17:28,2023-03-03 02:17:28,2.0,No,No
TKT-04040,Email,High,In Progress,Operations,Suresh Kumar,2023-08-10 02:12:34,,,,No
TKT-04041,Printer,Low,Resolved,Operations,Priya Singh,2024-09-04 11:00:28,2024-09-05 18:00:28,31.0,No,No
TKT-04042,Access/Login,Low,Open,Operations,Anjali Mehta,2024-02-17 05:33:10,,,,Yes
TKT-04043,Software,Critical,Closed,Marketing,Priya Singh,2023-05-30 02:12:17,2023-05-30 12:12:17,10.0,Yes,No
TKT-04044,Email,High,Resolved,Operations,Neha Gupta,2023-06-21 20:48:06,2023-06-22 23:48:06,27.0,Yes,No
TKT-04045,Network,High,Open,Operations,Rohit Verma,2023-06-10 12:03:11,,,,Yes
TKT-04046,Access/Login,Critical,Closed,Sales,Rohit Verma,2023-02-04 00:27:07,2023-02-04 04:27:07,4.0,No,Yes
TKT-04047,Software,High,Closed,Operations,Amit Sharma,2024-03-29 14:28:10,2024-03-29 16:28:10,2.0,No,No
TKT-04048,Hardware,High,Resolved,IT,Rohit Verma,2024-09-13 00:33:57,2024-09-13 04:33:57,4.0,No,No
TKT-04049,Hardware,Low,Resolved,Marketing,Anjali Mehta,2023-07-10 23:47:43,2023-07-11 09:47:43,10.0,No,No
TKT-04050,Network,Low,In Progress,HR,Neha Gupta,2024-05-29 06:11:59,,,,No
TKT-04051,Software,Medium,Closed,HR,Vikram Joshi,2023-07-05 07:47:20,2023-07-06 13:47:20,30.0,No,No
TKT-04052,Access/Login,Medium,Closed,Legal,Amit Sharma,2024-12-25 02:01:27,2024-12-25 17:01:27,15.0,No,No
TKT-04053,Access/Login,Low,Resolved,HR,Priya Singh,2023-07-03 08:00:19,2023-07-05 20:00:19,60.0,No,No
TKT-04054,Network,Low,Closed,Legal,Priya Singh,2024-01-09 18:42:29,2024-01-11 05:42:29,35.0,No,No
TKT-04055,Email,Critical,Resolved,Finance,Anjali Mehta,2023-08-15 17:19:55,2023-08-16 02:19:55,9.0,Yes,No
TKT-04056,Printer,Medium,Resolved,Legal,Amit Sharma,2023-05-03 14:36:52,2023-05-04 16:36:52,26.0,No,No
TKT-04057,Software,Low,Resolved,HR,Rohit Verma,2023-02-28 21:23:17,2023-03-04 03:23:17,78.0,Yes,No
TKT-04058,Email,Medium,Resolved,Sales,Amit Sharma,2024-08-23 08:29:43,2024-08-25 01:29:43,41.0,No,No
TKT-04059,Email,Critical,In Progress,Marketing,Priya Singh,2024-05-02 04:49:08,,,,No
TKT-04060,Hardware,Medium,Resolved,Legal,Suresh Kumar,2024-02-19 17:03:09,2024-02-21 09:03:09,40.0,No,No
TKT-04061,Software,Low,Closed,Operations,Neha Gupta,2023-12-01 11:13:38,2023-12-01 21:13:38,10.0,No,No
TKT-04062,Printer,High,Closed,Operations,Rohit Verma,2023-02-19 16:23:44,2023-02-20 12:23:44,20.0,No,Yes
TKT-04063,Network,Medium,In Progress,Sales,Rohit Verma,2023-12-24 22:25:32,,,,Yes
TKT-04064,Email,Medium,Resolved,Operations,Priya Singh,2023-09-25 08:11:49,2023-09-27 15:11:49,55.0,Yes,No
TKT-04065,Access/Login,Medium,Open,Legal,Rohit Verma,2023-09-21 15:42:31,,,,No
TKT-04066,Software,Medium,Resolved,Finance,Rohit Verma,2024-08-10 18:16:25,2024-08-11 04:16:25,10.0,No,Yes
TKT-04067,Software,Medium,Resolved,Marketing,Suresh Kumar,2024-02-10 19:44:39,2024-02-12 22:44:39,51.0,Yes,Yes
TKT-04068,Printer,Medium,Closed,IT,Priya Singh,2023-06-03 12:00:18,2023-06-04 12:00:18,24.0,No,Yes
TKT-04069,Software,Medium,Resolved,Sales,Suresh Kumar,2024-09-29 06:40:50,2024-09-30 20:40:50,38.0,No,Yes
TKT-04070,Email,Critical,Resolved,IT,Amit Sharma,2023-10-24 05:56:43,2023-10-24 10:56:43,5.0,Yes,No
TKT-04071,Software,High,Open,Marketing,Amit Sharma,2023-04-24 19:13:45,,,,No
TKT-04072,Software,Low,Closed,HR,Anjali Mehta,2023-06-27 18:13:17,2023-06-29 17:13:17,47.0,No,No
TKT-04073,Email,High,In Progress,Marketing,Amit Sharma,2024-04-12 05:01:02,,,,No
TKT-04074,Email,Low,Closed,IT,Priya Singh,2023-03-06 04:52:07,2023-03-09 03:52:07,71.0,No,No
TKT-04075,Software,Medium,Closed,Marketing,Vikram Joshi,2023-01-04 10:40:50,2023-01-04 23:40:50,13.0,No,No
TKT-04076,Email,Low,Resolved,IT,Vikram Joshi,2023-08-26 18:41:38,2023-08-30 08:41:38,86.0,Yes,Yes
TKT-04077,Hardware,High,Resolved,Legal,Anjali Mehta,2023-08-20 08:11:47,2023-08-21 07:11:47,23.0,No,Yes
TKT-04078,Software,Medium,Resolved,Marketing,Amit Sharma,2024-10-02 04:48:42,2024-10-02 20:48:42,16.0,No,No
TKT-04079,Access/Login,Medium,Resolved,IT,Vikram Joshi,2024-07-22 03:27:14,2024-07-23 10:27:14,31.0,No,No
TKT-04080,Hardware,Medium,Closed,Finance,Suresh Kumar,2023-06-30 20:56:30,2023-07-01 14:56:30,18.0,No,No
TKT-04081,Email,Critical,Resolved,Legal,Rohit Verma,2024-08-18 15:45:47,2024-08-19 00:45:47,9.0,Yes,Yes
TKT-04082,Printer,Low,Closed,Legal,Anjali Mehta,2023-06-19 10:47:20,2023-06-21 13:47:20,51.0,No,No
TKT-04083,Printer,Medium,Resolved,HR,Rohit Verma,2024-09-22 13:27:35,2024-09-25 01:27:35,60.0,Yes,Yes
TKT-04084,Software,Low,Closed,Finance,Anjali Mehta,2024-11-01 17:13:22,2024-11-03 17:13:22,48.0,No,No
TKT-04085,Access/Login,Medium,Resolved,Finance,Priya Singh,2023-04-22 09:32:49,2023-04-24 02:32:49,41.0,No,Yes
TKT-04086,Hardware,High,Closed,IT,Rohit Verma,2024-01-29 05:53:31,2024-01-29 09:53:31,4.0,No,No
TKT-04087,Network,Low,Closed,Finance,Vikram Joshi,2024-11-26 13:33:06,2024-11-28 16:33:06,51.0,No,No
TKT-04088,Printer,Critical,Resolved,Finance,Amit Sharma,2023-05-25 20:34:46,2023-05-26 06:34:46,10.0,Yes,No
TKT-04089,Software,High,Closed,Marketing,Neha Gupta,2023-02-09 18:36:32,2023-02-10 21:36:32,27.0,Yes,No
TKT-04090,Email,Low,Resolved,Finance,Anjali Mehta,2023-09-16 08:09:05,2023-09-19 19:09:05,83.0,Yes,Yes
TKT-04091,Network,Medium,Resolved,Legal,Anjali Mehta,2024-11-10 08:45:02,2024-11-12 20:45:02,60.0,Yes,Yes
TKT-04092,Software,Medium,Closed,Finance,Rohit Verma,2023-12-17 12:02:05,2023-12-18 05:02:05,17.0,No,Yes
TKT-04093,Hardware,High,Resolved,IT,Priya Singh,2023-07-15 20:18:59,2023-07-16 05:18:59,9.0,No,Yes
TKT-04094,Hardware,Low,Resolved,Sales,Amit Sharma,2024-11-12 06:49:13,2024-11-13 14:49:13,32.0,No,No
TKT-04095,Network,Low,Closed,Sales,Priya Singh,2023-12-30 06:41:41,2024-01-02 02:41:41,68.0,No,Yes
TKT-04096,Software,Medium,Resolved,HR,Neha Gupta,2024-03-21 17:39:48,2024-03-22 06:39:48,13.0,No,No
TKT-04097,Network,Low,Resolved,Marketing,Amit Sharma,2024-07-08 02:01:21,2024-07-10 10:01:21,56.0,No,No
TKT-04098,Access/Login,Low,Closed,Sales,Anjali Mehta,2023-04-06 10:31:45,2023-04-07 02:31:45,16.0,No,No
TKT-04099,Printer,High,Closed,Sales,Neha Gupta,2023-05-29 17:18:50,2023-05-29 21:18:50,4.0,No,No
TKT-04100,Email,Low,Open,Legal,Amit Sharma,2024-03-16 08:20:52,,,,Yes
TKT-04101,Hardware,Critical,Closed,HR,Suresh Kumar,2023-05-13 11:15:58,2023-05-13 17:15:58,6.0,Yes,Yes
TKT-04102,Hardware,Medium,Closed,Marketing,Anjali Mehta,2023-11-12 11:38:31,2023-11-14 07:38:31,44.0,No,Yes
TKT-04103,Email,High,Resolved,Sales,Anjali Mehta,2024-08-17 02:42:35,2024-08-18 04:42:35,26.0,Yes,Yes
TKT-04104,Network,Medium,Resolved,IT,Neha Gupta,2023-12-25 07:25:43,2023-12-25 23:25:43,16.0,No,No
TKT-04105,Network,Medium,Resolved,Legal,Neha Gupta,2024-05-09 10:41:20,2024-05-11 14:41:20,52.0,Yes,No
TKT-04106,Hardware,Medium,Open,Marketing,Rohit Verma,2024-10-08 22:13:10,,,,No
TKT-04107,Hardware,High,Resolved,IT,Amit Sharma,2023-07-26 09:12:45,2023-07-26 20:12:45,11.0,No,No
TKT-04108,Hardware,Medium,Closed,IT,Suresh Kumar,2024-02-17 16:23:00,2024-02-19 15:23:00,47.0,No,Yes
TKT-04109,Email,Medium,Open,Sales,Priya Singh,2023-04-25 14:51:23,,,,No
TKT-04110,Email,Low,Closed,HR,Amit Sharma,2024-05-29 21:47:45,2024-05-30 12:47:45,15.0,No,No
TKT-04111,Printer,Low,Resolved,Finance,Suresh Kumar,2024-01-28 16:18:49,2024-01-29 21:18:49,29.0,No,Yes
TKT-04112,Email,Medium,Resolved,Operations,Priya Singh,2024-03-27 07:03:51,2024-03-28 05:03:51,22.0,No,No
TKT-04113,Printer,Low,In Progress,Operations,Suresh Kumar,2023-08-05 18:22:16,,,,Yes
TKT-04114,Printer,Medium,Resolved,Operations,Vikram Joshi,2023-08-09 02:27:42,2023-08-10 09:27:42,31.0,No,No
TKT-04115,Network,Medium,Closed,IT,Rohit Verma,2024-02-13 09:47:37,2024-02-15 14:47:37,53.0,Yes,No
TKT-04116,Software,Medium,Resolved,HR,Amit Sharma,2023-04-24 20:15:55,2023-04-25 10:15:55,14.0,No,No
TKT-04117,Software,High,Closed,Operations,Amit Sharma,2024-11-03 19:16:43,2024-11-04 01:16:43,6.0,No,Yes
TKT-04118,Access/Login,Low,Resolved,HR,Neha Gupta,2024-07-17 21:42:07,2024-07-21 01:42:07,76.0,Yes,No
TKT-04119,Email,Low,Closed,Operations,Neha Gupta,2023-04-20 05:14:26,2023-04-23 09:14:26,76.0,Yes,No
TKT-04120,Printer,Critical,Resolved,Marketing,Rohit Verma,2023-03-31 00:22:58,2023-03-31 09:22:58,9.0,Yes,No
TKT-04121,Software,Medium,Open,Sales,Neha Gupta,2024-04-20 14:42:44,,,,Yes
TKT-04122,Access/Login,Medium,Closed,IT,Neha Gupta,2024-11-12 11:15:44,2024-11-12 20:15:44,9.0,No,No
TKT-04123,Network,High,Open,HR,Neha Gupta,2023-03-02 14:33:57,,,,No
TKT-04124,Network,Medium,Closed,Legal,Neha Gupta,2024-11-01 03:52:48,2024-11-02 03:52:48,24.0,No,No
TKT-04125,Email,Low,Closed,IT,Priya Singh,2024-03-22 08:20:06,2024-03-25 21:20:06,85.0,Yes,No
TKT-04126,Software,Medium,Open,Sales,Neha Gupta,2024-06-05 16:25:16,,,,No
TKT-04127,Software,High,Closed,IT,Vikram Joshi,2024-08-30 00:29:03,2024-08-30 23:29:03,23.0,No,No
TKT-04128,Hardware,Medium,Closed,IT,Amit Sharma,2024-09-28 06:57:32,2024-09-30 13:57:32,55.0,Yes,Yes
TKT-04129,Hardware,Medium,Closed,Marketing,Priya Singh,2023-02-22 01:31:53,2023-02-24 12:31:53,59.0,Yes,No
TKT-04130,Network,Medium,Resolved,Sales,Vikram Joshi,2023-05-05 08:30:50,2023-05-06 10:30:50,26.0,No,No
TKT-04131,Printer,Low,Resolved,Operations,Amit Sharma,2023-05-25 13:51:02,2023-05-28 15:51:02,74.0,Yes,No
TKT-04132,Printer,Medium,In Progress,Legal,Priya Singh,2024-07-05 13:48:39,,,,No
TKT-04133,Printer,Medium,Closed,IT,Priya Singh,2024-06-02 18:49:50,2024-06-03 23:49:50,29.0,No,Yes
TKT-04134,Software,Low,Closed,Legal,Rohit Verma,2023-01-25 09:49:19,2023-01-27 02:49:19,41.0,No,No
TKT-04135,Hardware,Low,Resolved,Finance,Rohit Verma,2024-05-05 01:27:15,2024-05-06 07:27:15,30.0,No,Yes
TKT-04136,Software,Critical,Resolved,Marketing,Rohit Verma,2024-04-05 04:47:05,2024-04-05 14:47:05,10.0,Yes,No
TKT-04137,Printer,Medium,In Progress,IT,Vikram Joshi,2024-05-14 23:23:18,,,,No
TKT-04138,Access/Login,Medium,Resolved,Operations,Suresh Kumar,2023-07-31 04:35:23,2023-07-31 19:35:23,15.0,No,No
TKT-04139,Software,Medium,Resolved,IT,Amit Sharma,2023-02-19 14:22:19,2023-02-20 05:22:19,15.0,No,Yes
TKT-04140,Hardware,Low,Open,Sales,Amit Sharma,2024-03-27 23:05:24,,,,No
TKT-04141,Access/Login,High,In Progress,HR,Priya Singh,2023-08-19 05:31:24,,,,Yes
TKT-04142,Email,Medium,Resolved,Sales,Amit Sharma,2023-11-27 04:45:45,2023-11-29 15:45:45,59.0,Yes,No
TKT-04143,Email,High,Resolved,HR,Neha Gupta,2024-07-17 21:22:48,2024-07-18 00:22:48,3.0,No,No
TKT-04144,Hardware,High,Resolved,Finance,Neha Gupta,2024-12-20 03:08:08,2024-12-20 14:08:08,11.0,No,No
TKT-04145,Access/Login,Medium,Resolved,Operations,Neha Gupta,2024-12-24 14:12:22,2024-12-25 21:12:22,31.0,No,No
TKT-04146,Software,Medium,Closed,Legal,Suresh Kumar,2024-09-15 14:55:49,2024-09-16 14:55:49,24.0,No,Yes
TKT-04147,Hardware,Low,Closed,Sales,Anjali Mehta,2024-02-07 08:52:27,2024-02-10 17:52:27,81.0,Yes,No
TKT-04148,Email,High,Resolved,HR,Priya Singh,2024-12-15 05:42:51,2024-12-15 21:42:51,16.0,No,Yes
TKT-04149,Network,Medium,Resolved,HR,Vikram Joshi,2023-02-22 08:39:14,2023-02-23 23:39:14,39.0,No,No
TKT-04150,Access/Login,Medium,Closed,Legal,Amit Sharma,2023-07-18 09:55:17,2023-07-20 16:55:17,55.0,Yes,No
TKT-04151,Software,Medium,Resolved,IT,Amit Sharma,2023-09-24 13:04:24,2023-09-25 10:04:24,21.0,No,Yes
TKT-04152,Email,Medium,Closed,Legal,Amit Sharma,2024-11-15 23:51:32,2024-11-18 07:51:32,56.0,Yes,No
TKT-04153,Software,High,Open,IT,Anjali Mehta,2023-02-17 07:17:15,,,,No
TKT-04154,Printer,Medium,Closed,Marketing,Vikram Joshi,2023-02-10 05:08:51,2023-02-11 04:08:51,23.0,No,No
TKT-04155,Software,Low,Resolved,Finance,Vikram Joshi,2024-03-07 09:04:09,2024-03-08 03:04:09,18.0,No,No
TKT-04156,Email,Medium,Resolved,Sales,Amit Sharma,2023-12-18 03:56:00,2023-12-18 18:56:00,15.0,No,No
TKT-04157,Access/Login,High,Closed,Sales,Rohit Verma,2024-07-12 02:16:57,2024-07-12 20:16:57,18.0,No,No
TKT-04158,Access/Login,Low,Closed,Legal,Amit Sharma,2024-01-11 04:05:58,2024-01-13 15:05:58,59.0,No,No
TKT-04159,Printer,High,Resolved,Finance,Amit Sharma,2024-06-21 06:43:53,2024-06-21 11:43:53,5.0,No,No
TKT-04160,Network,High,Resolved,Sales,Neha Gupta,2023-11-14 18:37:34,2023-11-15 00:37:34,6.0,No,No
TKT-04161,Network,Medium,Resolved,Sales,Vikram Joshi,2023-06-08 04:33:15,2023-06-09 14:33:15,34.0,No,No
TKT-04162,Hardware,Low,Open,IT,Rohit Verma,2023-08-07 23:45:22,,,,No
TKT-04163,Email,Critical,Closed,HR,Suresh Kumar,2024-02-12 16:54:21,2024-02-12 18:54:21,2.0,No,No
TKT-04164,Printer,Low,Closed,Operations,Rohit Verma,2024-04-23 21:15:15,2024-04-24 18:15:15,21.0,No,No
TKT-04165,Network,Low,Open,HR,Priya Singh,2023-06-01 10:12:16,,,,No
TKT-04166,Network,Low,Resolved,Marketing,Suresh Kumar,2024-09-26 23:06:52,2024-09-27 14:06:52,15.0,No,No
TKT-04167,Software,Low,Open,HR,Amit Sharma,2023-04-09 05:03:20,,,,Yes
TKT-04168,Network,Medium,Resolved,Sales,Priya Singh,2024-09-27 05:01:37,2024-09-27 12:01:37,7.0,No,No
TKT-04169,Hardware,Low,Resolved,Operations,Neha Gupta,2024-10-03 04:53:20,2024-10-06 01:53:20,69.0,No,No
TKT-04170,Access/Login,High,Closed,Legal,Suresh Kumar,2024-07-11 14:17:08,2024-07-12 08:17:08,18.0,No,No
TKT-04171,Email,Low,Resolved,Marketing,Priya Singh,2023-12-26 22:06:11,2023-12-29 11:06:11,61.0,No,No
TKT-04172,Hardware,Critical,Resolved,IT,Amit Sharma,2024-01-05 03:25:01,2024-01-05 07:25:01,4.0,No,No
TKT-04173,Printer,Medium,Closed,Sales,Suresh Kumar,2024-11-17 23:00:05,2024-11-20 07:00:05,56.0,Yes,Yes
TKT-04174,Access/Login,Medium,Resolved,HR,Neha Gupta,2024-02-28 10:55:47,2024-03-01 03:55:47,41.0,No,No
TKT-04175,Hardware,Critical,Resolved,HR,Priya Singh,2024-06-30 09:26:25,2024-06-30 14:26:25,5.0,Yes,Yes
TKT-04176,Hardware,Critical,Open,Sales,Vikram Joshi,2024-04-10 19:06:08,,,,No
TKT-04177,Software,Low,Closed,Operations,Rohit Verma,2023-10-22 22:29:28,2023-10-26 08:29:28,82.0,Yes,Yes
TKT-04178,Network,Critical,Resolved,HR,Neha Gupta,2024-12-16 09:46:14,2024-12-16 13:46:14,4.0,No,No
TKT-04179,Network,Low,Resolved,Legal,Amit Sharma,2023-03-31 04:13:17,2023-04-02 05:13:17,49.0,No,No
TKT-04180,Email,Low,Closed,Sales,Priya Singh,2024-09-17 10:31:48,2024-09-19 21:31:48,59.0,No,No
TKT-04181,Access/Login,Medium,Resolved,HR,Neha Gupta,2024-11-16 23:25:19,2024-11-18 16:25:19,41.0,No,Yes
TKT-04182,Access/Login,Medium,Resolved,Operations,Neha Gupta,2024-07-12 12:43:00,2024-07-13 05:43:00,17.0,No,No
TKT-04183,Network,High,Resolved,Sales,Anjali Mehta,2024-01-01 17:48:35,2024-01-02 14:48:35,21.0,No,No
TKT-04184,Access/Login,Medium,Resolved,IT,Anjali Mehta,2024-02-21 15:08:57,2024-02-22 12:08:57,21.0,No,No
TKT-04185,Software,Low,Resolved,HR,Vikram Joshi,2023-02-02 22:48:39,2023-02-05 21:48:39,71.0,No,No
TKT-04186,Hardware,Medium,Resolved,Operations,Anjali Mehta,2023-04-22 03:36:37,2023-04-23 14:36:37,35.0,No,Yes
TKT-04187,Network,Medium,Resolved,Marketing,Amit Sharma,2023-02-26 07:49:15,2023-02-26 20:49:15,13.0,No,Yes
TKT-04188,Access/Login,Medium,Closed,Operations,Priya Singh,2023-05-27 18:36:41,2023-05-29 23:36:41,53.0,Yes,Yes
TKT-04189,Network,Medium,Open,Operations,Anjali Mehta,2024-05-14 09:37:30,,,,No
TKT-04190,Network,Medium,Closed,Sales,Rohit Verma,2024-08-21 14:02:33,2024-08-21 19:02:33,5.0,No,No
TKT-04191,Email,High,Resolved,Finance,Neha Gupta,2024-01-02 19:46:25,2024-01-03 14:46:25,19.0,No,No
TKT-04192,Access/Login,Critical,Closed,Finance,Rohit Verma,2023-06-05 17:35:42,2023-06-05 18:35:42,1.0,No,No
TKT-04193,Network,Low,In Progress,IT,Amit Sharma,2024-06-10 06:20:09,,,,No
TKT-04194,Hardware,Medium,Closed,HR,Vikram Joshi,2024-08-06 20:20:00,2024-08-08 04:20:00,32.0,No,No
TKT-04195,Hardware,High,Resolved,Operations,Rohit Verma,2024-04-30 13:36:38,2024-05-01 14:36:38,25.0,Yes,No
TKT-04196,Printer,Medium,Resolved,HR,Vikram Joshi,2024-12-11 08:33:49,2024-12-11 13:33:49,5.0,No,No
TKT-04197,Email,Low,Closed,Operations,Vikram Joshi,2024-03-10 16:36:40,2024-03-12 16:36:40,48.0,No,Yes
TKT-04198,Email,Low,Closed,Marketing,Vikram Joshi,2024-08-23 13:12:44,2024-08-26 22:12:44,81.0,Yes,No
TKT-04199,Software,Low,In Progress,HR,Amit Sharma,2023-01-08 21:51:01,,,,Yes
TKT-04200,Hardware,Medium,Open,IT,Anjali Mehta,2024-03-25 18:14:38,,,,No
TKT-04201,Network,High,Resolved,Finance,Priya Singh,2023-03-27 03:47:33,2023-03-27 21:47:33,18.0,No,No
TKT-04202,Software,High,Resolved,Finance,Vikram Joshi,2024-08-29 09:29:50,2024-08-30 10:29:50,25.0,Yes,No
TKT-04203,Network,Low,Resolved,Marketing,Anjali Mehta,2024-01-03 19:30:46,2024-01-07 13:30:46,90.0,Yes,No
TKT-04204,Software,Low,Resolved,HR,Anjali Mehta,2024-08-18 07:49:43,2024-08-22 01:49:43,90.0,Yes,Yes
TKT-04205,Access/Login,Medium,Resolved,Marketing,Suresh Kumar,2024-03-23 03:34:29,2024-03-23 12:34:29,9.0,No,Yes
TKT-04206,Access/Login,Low,Open,Finance,Priya Singh,2023-07-03 23:57:26,,,,No
TKT-04207,Printer,Low,Resolved,Sales,Priya Singh,2024-02-21 12:13:34,2024-02-24 18:13:34,78.0,Yes,No
TKT-04208,Access/Login,Critical,Resolved,Operations,Priya Singh,2023-03-01 23:25:49,2023-03-02 09:25:49,10.0,Yes,No
TKT-04209,Email,Medium,Open,Finance,Priya Singh,2023-10-08 05:53:18,,,,Yes
TKT-04210,Network,Low,Closed,Sales,Vikram Joshi,2023-06-30 14:25:48,2023-07-02 07:25:48,41.0,No,No
TKT-04211,Printer,High,Resolved,HR,Vikram Joshi,2023-02-04 11:03:43,2023-02-04 22:03:43,11.0,No,Yes
TKT-04212,Software,Low,Resolved,Operations,Anjali Mehta,2023-05-22 01:56:58,2023-05-25 05:56:58,76.0,Yes,No
TKT-04213,Access/Login,Medium,Open,Sales,Anjali Mehta,2024-02-18 12:43:18,,,,Yes
TKT-04214,Printer,Critical,Closed,Finance,Vikram Joshi,2024-09-07 00:32:49,2024-09-07 10:32:49,10.0,Yes,Yes
TKT-04215,Hardware,Low,Resolved,HR,Anjali Mehta,2024-10-31 06:50:54,2024-11-01 11:50:54,29.0,No,No
TKT-04216,Access/Login,Critical,Resolved,HR,Neha Gupta,2023-09-28 06:55:39,2023-09-28 13:55:39,7.0,Yes,No
TKT-04217,Printer,Low,Resolved,Sales,Suresh Kumar,2024-06-06 15:00:05,2024-06-08 15:00:05,48.0,No,No
TKT-04218,Software,Medium,Resolved,Operations,Suresh Kumar,2023-11-04 19:53:32,2023-11-06 07:53:32,36.0,No,Yes
TKT-04219,Printer,Medium,In Progress,Operations,Priya Singh,2023-07-14 13:09:27,,,,No
TKT-04220,Email,Medium,Resolved,Operations,Anjali Mehta,2024-11-01 00:59:00,2024-11-01 21:59:00,21.0,No,No
TKT-04221,Network,Medium,Resolved,IT,Anjali Mehta,2023-09-21 14:04:50,2023-09-22 20:04:50,30.0,No,No
TKT-04222,Software,High,Resolved,Sales,Neha Gupta,2024-06-06 00:09:59,2024-06-06 15:09:59,15.0,No,No
TKT-04223,Hardware,Low,In Progress,Sales,Anjali Mehta,2024-04-08 04:34:48,,,,No
TKT-04224,Hardware,Medium,Resolved,Finance,Amit Sharma,2023-03-08 15:36:39,2023-03-10 16:36:39,49.0,Yes,No
TKT-04225,Software,Medium,In Progress,Operations,Priya Singh,2023-05-31 14:14:12,,,,No
TKT-04226,Hardware,Low,Resolved,Marketing,Suresh Kumar,2023-05-15 03:28:56,2023-05-18 08:28:56,77.0,Yes,No
TKT-04227,Printer,Medium,Closed,Sales,Vikram Joshi,2024-11-22 16:13:58,2024-11-24 07:13:58,39.0,No,No
TKT-04228,Software,Low,Resolved,HR,Suresh Kumar,2023-03-11 19:53:09,2023-03-14 14:53:09,67.0,No,Yes
TKT-04229,Network,Low,Resolved,Legal,Anjali Mehta,2024-03-30 11:58:35,2024-03-31 05:58:35,18.0,No,Yes
TKT-04230,Access/Login,Medium,Resolved,Finance,Anjali Mehta,2024-03-21 05:02:08,2024-03-22 06:02:08,25.0,No,No
TKT-04231,Email,High,Resolved,Sales,Amit Sharma,2023-10-14 01:36:03,2023-10-14 14:36:03,13.0,No,Yes
TKT-04232,Hardware,Medium,Closed,Marketing,Suresh Kumar,2024-05-03 17:38:01,2024-05-05 19:38:01,50.0,Yes,No
TKT-04233,Access/Login,High,Resolved,HR,Amit Sharma,2024-04-05 07:14:41,2024-04-05 09:14:41,2.0,No,No
TKT-04234,Software,Low,Resolved,Finance,Anjali Mehta,2024-12-11 07:23:02,2024-12-14 12:23:02,77.0,Yes,No
TKT-04235,Printer,Low,Resolved,Legal,Anjali Mehta,2023-03-17 16:21:56,2023-03-19 13:21:56,45.0,No,No
TKT-04236,Software,Medium,In Progress,Legal,Suresh Kumar,2023-09-21 23:54:35,,,,No
TKT-04237,Email,Low,Resolved,IT,Priya Singh,2024-10-21 00:12:34,2024-10-22 01:12:34,25.0,No,No
TKT-04238,Email,Medium,Closed,Marketing,Anjali Mehta,2024-01-30 16:12:28,2024-01-30 21:12:28,5.0,No,No
TKT-04239,Hardware,Low,Resolved,Sales,Amit Sharma,2023-05-10 02:23:08,2023-05-10 14:23:08,12.0,No,No
TKT-04240,Access/Login,Low,Resolved,HR,Anjali Mehta,2024-08-08 21:58:16,2024-08-12 04:58:16,79.0,Yes,No
TKT-04241,Email,Low,Resolved,Marketing,Amit Sharma,2024-01-30 06:05:57,2024-02-02 06:05:57,72.0,No,No
TKT-04242,Email,Critical,Open,Finance,Suresh Kumar,2024-01-11 21:22:30,,,,No
TKT-04243,Hardware,Low,Resolved,Legal,Amit Sharma,2023-05-28 21:53:18,2023-06-01 13:53:18,88.0,Yes,Yes
TKT-04244,Email,Critical,Resolved,Marketing,Anjali Mehta,2023-09-20 21:48:02,2023-09-21 00:48:02,3.0,No,No
TKT-04245,Printer,Medium,Resolved,Finance,Anjali Mehta,2024-01-15 05:50:03,2024-01-15 18:50:03,13.0,No,No
TKT-04246,Hardware,Medium,Open,Finance,Neha Gupta,2023-04-17 10:32:09,,,,No
TKT-04247,Network,Critical,Closed,Marketing,Vikram Joshi,2023-08-17 16:33:45,2023-08-17 19:33:45,3.0,No,No
TKT-04248,Network,High,Closed,Operations,Rohit Verma,2023-08-03 17:39:33,2023-08-03 22:39:33,5.0,No,No
TKT-04249,Hardware,Critical,Closed,Legal,Rohit Verma,2024-06-30 03:18:44,2024-06-30 10:18:44,7.0,Yes,Yes
TKT-04250,Software,Medium,Closed,Operations,Suresh Kumar,2024-09-04 21:03:40,2024-09-06 03:03:40,30.0,No,No
TKT-04251,Hardware,Critical,Resolved,Operations,Amit Sharma,2023-07-22 15:09:07,2023-07-22 21:09:07,6.0,Yes,Yes
TKT-04252,Email,High,Closed,Marketing,Vikram Joshi,2023-03-22 18:54:34,2023-03-22 23:54:34,5.0,No,No
TKT-04253,Access/Login,Low,Open,Legal,Rohit Verma,2023-01-07 22:50:46,,,,Yes
TKT-04254,Network,Critical,Resolved,Marketing,Vikram Joshi,2024-03-23 02:05:07,2024-03-23 08:05:07,6.0,Yes,Yes
TKT-04255,Email,High,Resolved,Marketing,Vikram Joshi,2023-09-14 19:30:38,2023-09-15 10:30:38,15.0,No,No
TKT-04256,Network,Medium,Closed,Legal,Amit Sharma,2023-10-06 07:36:24,2023-10-08 07:36:24,48.0,No,No
TKT-04257,Email,High,Resolved,Marketing,Rohit Verma,2023-06-03 09:10:55,2023-06-04 00:10:55,15.0,No,Yes
TKT-04258,Access/Login,High,Resolved,Legal,Anjali Mehta,2024-05-21 11:19:17,2024-05-22 01:19:17,14.0,No,No
TKT-04259,Email,Medium,Open,Sales,Suresh Kumar,2023-06-04 06:49:31,,,,Yes
TKT-04260,Network,Medium,In Progress,Finance,Amit Sharma,2023-11-24 07:07:46,,,,No
TKT-04261,Email,High,Resolved,Operations,Priya Singh,2024-07-25 04:31:25,2024-07-25 19:31:25,15.0,No,No
TKT-04262,Software,Medium,Closed,Operations,Suresh Kumar,2023-06-27 03:30:50,2023-06-29 06:30:50,51.0,Yes,No
TKT-04263,Printer,Critical,Resolved,IT,Amit Sharma,2024-03-11 16:06:13,2024-03-12 02:06:13,10.0,Yes,No
TKT-04264,Email,High,Resolved,Legal,Vikram Joshi,2023-01-10 04:18:12,2023-01-10 20:18:12,16.0,No,No
TKT-04265,Printer,Critical,Resolved,IT,Amit Sharma,2024-03-07 22:27:42,2024-03-08 06:27:42,8.0,Yes,No
TKT-04266,Printer,Medium,Closed,Sales,Vikram Joshi,2024-03-04 05:56:47,2024-03-05 18:56:47,37.0,No,No
TKT-04267,Email,Medium,Closed,HR,Suresh Kumar,2024-10-26 01:40:27,2024-10-28 07:40:27,54.0,Yes,Yes
TKT-04268,Access/Login,Medium,Resolved,Marketing,Suresh Kumar,2023-02-21 17:31:18,2023-02-23 15:31:18,46.0,No,No
TKT-04269,Software,Medium,Resolved,Operations,Suresh Kumar,2024-03-25 06:53:06,2024-03-27 13:53:06,55.0,Yes,No
TKT-04270,Access/Login,Medium,Closed,Sales,Vikram Joshi,2024-12-29 11:39:29,2024-12-30 09:39:29,22.0,No,Yes
TKT-04271,Access/Login,Medium,In Progress,Finance,Anjali Mehta,2024-03-30 00:00:48,,,,Yes
TKT-04272,Network,Medium,Resolved,IT,Vikram Joshi,2024-12-05 08:19:03,2024-12-07 01:19:03,41.0,No,No
TKT-04273,Hardware,Critical,Closed,Finance,Rohit Verma,2023-12-08 09:34:40,2023-12-08 13:34:40,4.0,No,No
TKT-04274,Email,Medium,In Progress,Marketing,Anjali Mehta,2024-07-01 09:12:28,,,,No
TKT-04275,Email,High,Closed,IT,Rohit Verma,2024-01-07 08:39:27,2024-01-07 20:39:27,12.0,No,Yes
TKT-04276,Email,High,In Progress,IT,Rohit Verma,2024-08-01 23:02:54,,,,No
TKT-04277,Hardware,Medium,Closed,Legal,Priya Singh,2024-06-26 19:43:52,2024-06-28 19:43:52,48.0,No,No
TKT-04278,Printer,Low,In Progress,Marketing,Anjali Mehta,2024-05-27 22:28:44,,,,No
TKT-04279,Access/Login,Critical,Resolved,Marketing,Anjali Mehta,2024-07-25 21:56:22,2024-07-25 22:56:22,1.0,No,No
TKT-04280,Printer,Medium,Resolved,Operations,Priya Singh,2023-01-22 12:35:09,2023-01-24 06:35:09,42.0,No,Yes
TKT-04281,Software,Low,Closed,Sales,Rohit Verma,2023-08-23 06:52:53,2023-08-23 17:52:53,11.0,No,No
TKT-04282,Access/Login,Medium,Closed,Finance,Suresh Kumar,2023-04-11 12:10:28,2023-04-13 12:10:28,48.0,No,No
TKT-04283,Printer,Low,Resolved,Finance,Vikram Joshi,2024-09-02 03:17:16,2024-09-04 15:17:16,60.0,No,No
TKT-04284,Access/Login,Low,Closed,Marketing,Rohit Verma,2024-11-01 04:44:44,2024-11-02 05:44:44,25.0,No,No
TKT-04285,Software,Low,Closed,Finance,Priya Singh,2024-07-28 06:39:50,2024-07-29 08:39:50,26.0,No,Yes
TKT-04286,Access/Login,Low,Resolved,Operations,Rohit Verma,2024-03-26 06:52:40,2024-03-26 20:52:40,14.0,No,No
TKT-04287,Network,Medium,Closed,HR,Priya Singh,2024-10-19 16:23:07,2024-10-19 23:23:07,7.0,No,Yes
TKT-04288,Access/Login,Low,Resolved,Sales,Rohit Verma,2023-06-05 16:54:02,2023-06-08 00:54:02,56.0,No,No
TKT-04289,Access/Login,Low,Resolved,Operations,Suresh Kumar,2024-02-28 23:06:46,2024-03-01 16:06:46,41.0,No,No
TKT-04290,Printer,Low,Closed,Legal,Vikram Joshi,2024-10-12 15:41:56,2024-10-13 02:41:56,11.0,No,Yes
TKT-04291,Hardware,Medium,Resolved,Finance,Priya Singh,2023-04-29 10:27:07,2023-05-01 01:27:07,39.0,No,Yes
TKT-04292,Printer,High,Resolved,IT,Rohit Verma,2024-06-12 21:45:47,2024-06-13 16:45:47,19.0,No,No
TKT-04293,Software,Medium,In Progress,Sales,Rohit Verma,2023-02-12 20:09:41,,,,Yes
TKT-04294,Network,Low,In Progress,Finance,Anjali Mehta,2023-04-26 14:29:37,,,,No
TKT-04295,Access/Login,Medium,Closed,Legal,Anjali Mehta,2024-03-16 14:50:15,2024-03-18 21:50:15,55.0,Yes,Yes
TKT-04296,Printer,Low,Resolved,Finance,Suresh Kumar,2024-07-09 07:53:42,2024-07-12 21:53:42,86.0,Yes,No
TKT-04297,Hardware,Low,Resolved,Marketing,Vikram Joshi,2023-03-31 03:25:22,2023-04-01 20:25:22,41.0,No,No
TKT-04298,Printer,Medium,Open,Finance,Neha Gupta,2023-10-14 12:59:04,,,,Yes
TKT-04299,Software,Low,Resolved,Sales,Anjali Mehta,2024-11-16 09:22:43,2024-11-16 21:22:43,12.0,No,Yes
TKT-04300,Email,Low,Closed,IT,Amit Sharma,2023-10-20 13:03:01,2023-10-21 07:03:01,18.0,No,No
TKT-04301,Software,Low,Resolved,Legal,Priya Singh,2023-10-11 05:24:15,2023-10-12 23:24:15,42.0,No,No
TKT-04302,Access/Login,Medium,Resolved,Finance,Amit Sharma,2023-08-29 02:35:35,2023-08-29 18:35:35,16.0,No,No
TKT-04303,Email,Medium,Closed,Legal,Anjali Mehta,2024-09-13 11:12:34,2024-09-15 05:12:34,42.0,No,No
TKT-04304,Printer,Medium,Closed,IT,Vikram Joshi,2023-02-16 15:03:35,2023-02-17 05:03:35,14.0,No,No
TKT-04305,Network,Low,Resolved,Finance,Priya Singh,2023-11-08 18:30:30,2023-11-11 09:30:30,63.0,No,No
TKT-04306,Email,Low,Resolved,Finance,Anjali Mehta,2023-05-18 02:05:50,2023-05-20 23:05:50,69.0,No,No
TKT-04307,Software,Medium,Resolved,Sales,Suresh Kumar,2024-02-23 22:20:29,2024-02-24 23:20:29,25.0,No,No
TKT-04308,Email,High,Closed,Operations,Priya Singh,2024-01-11 22:33:41,2024-01-12 06:33:41,8.0,No,No
TKT-04309,Software,Medium,Closed,Marketing,Anjali Mehta,2024-11-13 15:10:42,2024-11-14 01:10:42,10.0,No,No
TKT-04310,Email,Medium,In Progress,Sales,Neha Gupta,2024-09-12 04:33:45,,,,No
TKT-04311,Network,Low,Open,IT,Neha Gupta,2023-10-06 03:36:10,,,,No
TKT-04312,Printer,High,Closed,Legal,Rohit Verma,2023-08-07 22:19:47,2023-08-08 22:19:47,24.0,No,No
TKT-04313,Network,Low,Resolved,IT,Suresh Kumar,2023-12-06 12:38:06,2023-12-09 09:38:06,69.0,No,No
TKT-04314,Access/Login,Medium,Closed,HR,Neha Gupta,2024-03-30 02:18:09,2024-04-01 10:18:09,56.0,Yes,Yes
TKT-04315,Network,Medium,Resolved,IT,Vikram Joshi,2024-05-23 16:14:57,2024-05-25 00:14:57,32.0,No,No
TKT-04316,Email,Medium,Closed,Finance,Suresh Kumar,2024-05-15 07:00:39,2024-05-15 21:00:39,14.0,No,No
TKT-04317,Hardware,High,Resolved,Legal,Priya Singh,2024-05-24 08:24:25,2024-05-25 09:24:25,25.0,Yes,No
TKT-04318,Printer,Medium,Resolved,HR,Neha Gupta,2024-08-01 10:05:52,2024-08-01 15:05:52,5.0,No,No
TKT-04319,Access/Login,Low,Closed,IT,Amit Sharma,2024-03-07 16:00:10,2024-03-09 20:00:10,52.0,No,No
TKT-04320,Email,Medium,Closed,HR,Anjali Mehta,2024-01-17 08:53:00,2024-01-18 13:53:00,29.0,No,No
TKT-04321,Email,High,Closed,Finance,Neha Gupta,2024-01-10 02:35:56,2024-01-10 10:35:56,8.0,No,No
TKT-04322,Software,High,In Progress,Finance,Suresh Kumar,2023-12-03 00:46:33,,,,Yes
TKT-04323,Hardware,High,Closed,HR,Suresh Kumar,2024-06-30 05:58:59,2024-07-01 02:58:59,21.0,No,Yes
TKT-04324,Printer,Low,Resolved,IT,Amit Sharma,2024-09-21 01:27:16,2024-09-22 02:27:16,25.0,No,Yes
TKT-04325,Printer,Medium,Resolved,HR,Rohit Verma,2024-09-23 21:53:12,2024-09-24 04:53:12,7.0,No,No
TKT-04326,Printer,Low,In Progress,IT,Vikram Joshi,2023-05-05 04:39:25,,,,No
TKT-04327,Software,Medium,Closed,Sales,Anjali Mehta,2023-12-09 04:14:26,2023-12-10 23:14:26,43.0,No,Yes
TKT-04328,Printer,Low,In Progress,IT,Amit Sharma,2024-04-11 09:40:58,,,,No
TKT-04329,Hardware,Critical,Closed,HR,Amit Sharma,2024-03-29 18:40:17,2024-03-29 20:40:17,2.0,No,No
TKT-04330,Access/Login,Medium,Resolved,Marketing,Priya Singh,2024-02-05 21:14:13,2024-02-07 01:14:13,28.0,No,No
TKT-04331,Network,Medium,Closed,Finance,Anjali Mehta,2023-02-04 04:46:17,2023-02-04 23:46:17,19.0,No,Yes
TKT-04332,Software,Low,Resolved,Marketing,Priya Singh,2024-11-27 23:07:17,2024-12-01 16:07:17,89.0,Yes,No
TKT-04333,Email,Medium,Closed,Marketing,Anjali Mehta,2024-12-16 15:58:20,2024-12-18 12:58:20,45.0,No,No
TKT-04334,Access/Login,Medium,Open,IT,Anjali Mehta,2024-10-28 23:10:26,,,,No
TKT-04335,Network,Low,Closed,Marketing,Suresh Kumar,2023-08-31 23:55:29,2023-09-02 18:55:29,43.0,No,No
TKT-04336,Hardware,Low,Resolved,HR,Rohit Verma,2023-06-19 06:43:41,2023-06-20 19:43:41,37.0,No,No
TKT-04337,Printer,High,Resolved,Finance,Priya Singh,2024-07-23 13:59:03,2024-07-24 10:59:03,21.0,No,No
TKT-04338,Access/Login,High,Closed,IT,Anjali Mehta,2023-04-05 17:42:19,2023-04-06 20:42:19,27.0,Yes,No
TKT-04339,Access/Login,Medium,Resolved,Marketing,Neha Gupta,2023-11-06 00:27:29,2023-11-08 10:27:29,58.0,Yes,No
TKT-04340,Network,Medium,Resolved,Legal,Neha Gupta,2024-10-04 15:53:31,2024-10-06 10:53:31,43.0,No,No
TKT-04341,Network,Medium,Closed,IT,Suresh Kumar,2024-10-29 16:12:56,2024-10-30 02:12:56,10.0,No,No
TKT-04342,Email,Medium,Closed,Finance,Vikram Joshi,2024-11-19 14:31:09,2024-11-21 03:31:09,37.0,No,No
TKT-04343,Network,High,Closed,IT,Rohit Verma,2023-07-31 14:51:03,2023-07-31 16:51:03,2.0,No,No
TKT-04344,Email,Medium,Resolved,Finance,Rohit Verma,2023-06-06 06:16:46,2023-06-08 11:16:46,53.0,Yes,No
TKT-04345,Software,Critical,Closed,HR,Amit Sharma,2023-07-03 19:04:19,2023-07-03 20:04:19,1.0,No,No
TKT-04346,Printer,Medium,Open,Legal,Amit Sharma,2024-02-24 22:32:40,,,,Yes
TKT-04347,Email,Medium,Closed,Marketing,Rohit Verma,2024-12-08 16:06:34,2024-12-09 11:06:34,19.0,No,Yes
TKT-04348,Hardware,Low,Open,IT,Amit Sharma,2023-08-07 13:18:03,,,,No
TKT-04349,Printer,Medium,Closed,Marketing,Rohit Verma,2024-05-10 19:14:06,2024-05-11 00:14:06,5.0,No,No
TKT-04350,Software,Low,Open,Sales,Priya Singh,2023-03-19 11:48:19,,,,Yes
TKT-04351,Hardware,Medium,Resolved,Operations,Vikram Joshi,2024-11-01 03:15:00,2024-11-03 12:15:00,57.0,Yes,No
TKT-04352,Access/Login,Critical,Closed,HR,Anjali Mehta,2023-01-14 09:22:23,2023-01-14 14:22:23,5.0,Yes,Yes
TKT-04353,Access/Login,Critical,Resolved,Marketing,Suresh Kumar,2024-03-29 04:10:35,2024-03-29 11:10:35,7.0,Yes,No
TKT-04354,Hardware,Low,Closed,IT,Amit Sharma,2024-06-27 06:34:07,2024-06-30 05:34:07,71.0,No,No
TKT-04355,Printer,Medium,Closed,Finance,Amit Sharma,2023-04-05 14:25:07,2023-04-06 22:25:07,32.0,No,No
TKT-04356,Software,Medium,Closed,Legal,Rohit Verma,2023-05-11 05:22:48,2023-05-13 13:22:48,56.0,Yes,No
TKT-04357,Software,Medium,Open,Legal,Neha Gupta,2024-04-27 10:41:37,,,,Yes
TKT-04358,Access/Login,Medium,Closed,IT,Neha Gupta,2024-04-06 07:28:06,2024-04-07 06:28:06,23.0,No,Yes
TKT-04359,Email,Low,Resolved,Sales,Amit Sharma,2024-11-11 08:32:49,2024-11-13 00:32:49,40.0,No,No
TKT-04360,Email,Critical,Resolved,Operations,Anjali Mehta,2024-06-26 19:49:52,2024-06-26 20:49:52,1.0,No,No
TKT-04361,Printer,Medium,Closed,Finance,Anjali Mehta,2024-07-05 12:07:02,2024-07-06 14:07:02,26.0,No,No
TKT-04362,Printer,Medium,Resolved,Finance,Suresh Kumar,2024-07-13 08:36:18,2024-07-13 14:36:18,6.0,No,Yes
TKT-04363,Network,High,Closed,Legal,Rohit Verma,2023-11-01 01:52:58,2023-11-01 10:52:58,9.0,No,No
TKT-04364,Printer,High,Resolved,HR,Amit Sharma,2024-08-23 12:55:02,2024-08-24 07:55:02,19.0,No,No
TKT-04365,Software,High,Closed,Finance,Vikram Joshi,2024-10-26 05:32:46,2024-10-26 21:32:46,16.0,No,Yes
TKT-04366,Printer,Medium,Closed,Operations,Amit Sharma,2024-08-16 03:56:34,2024-08-16 22:56:34,19.0,No,No
TKT-04367,Hardware,Low,Resolved,Marketing,Rohit Verma,2023-12-27 18:25:31,2023-12-29 10:25:31,40.0,No,No
TKT-04368,Access/Login,Critical,Resolved,Marketing,Anjali Mehta,2024-10-03 03:20:25,2024-10-03 10:20:25,7.0,Yes,No
TKT-04369,Printer,Medium,Resolved,IT,Vikram Joshi,2023-04-15 09:30:03,2023-04-16 16:30:03,31.0,No,Yes
TKT-04370,Hardware,Low,Resolved,Operations,Anjali Mehta,2023-12-24 20:29:28,2023-12-25 07:29:28,11.0,No,Yes
TKT-04371,Email,Critical,Closed,Legal,Amit Sharma,2024-10-31 18:48:33,2024-11-01 00:48:33,6.0,Yes,No
TKT-04372,Printer,High,Resolved,Legal,Suresh Kumar,2023-11-05 22:51:28,2023-11-06 12:51:28,14.0,No,Yes
TKT-04373,Software,Medium,Resolved,Legal,Rohit Verma,2024-04-30 07:40:00,2024-05-01 21:40:00,38.0,No,No
TKT-04374,Printer,High,Closed,Finance,Rohit Verma,2023-06-24 05:39:34,2023-06-24 12:39:34,7.0,No,Yes
TKT-04375,Printer,Medium,Resolved,HR,Rohit Verma,2024-11-30 16:27:01,2024-12-01 14:27:01,22.0,No,Yes
TKT-04376,Printer,Medium,Closed,Finance,Suresh Kumar,2024-06-11 20:32:01,2024-06-12 11:32:01,15.0,No,No
TKT-04377,Network,Medium,Resolved,Finance,Amit Sharma,2023-05-08 16:21:41,2023-05-09 02:21:41,10.0,No,No
TKT-04378,Printer,Low,Closed,Operations,Vikram Joshi,2023-11-12 21:21:45,2023-11-15 17:21:45,68.0,No,Yes
TKT-04379,Software,High,In Progress,Finance,Vikram Joshi,2023-04-29 21:32:38,,,,Yes
TKT-04380,Network,Low,Resolved,Legal,Anjali Mehta,2023-06-09 16:30:50,2023-06-12 15:30:50,71.0,No,No
TKT-04381,Access/Login,Critical,Closed,Legal,Rohit Verma,2023-09-16 20:33:34,2023-09-17 05:33:34,9.0,Yes,Yes
TKT-04382,Access/Login,High,In Progress,Marketing,Priya Singh,2024-02-16 13:42:07,,,,No
TKT-04383,Access/Login,Medium,Open,IT,Amit Sharma,2024-08-29 13:29:55,,,,No
TKT-04384,Software,High,Resolved,Marketing,Rohit Verma,2024-08-12 13:41:19,2024-08-12 22:41:19,9.0,No,No
TKT-04385,Access/Login,Low,In Progress,Finance,Vikram Joshi,2024-07-09 08:14:15,,,,No
TKT-04386,Hardware,Low,Resolved,Operations,Rohit Verma,2024-05-01 05:56:01,2024-05-04 17:56:01,84.0,Yes,No
TKT-04387,Software,High,Resolved,Marketing,Anjali Mehta,2023-11-24 23:54:15,2023-11-25 18:54:15,19.0,No,No
TKT-04388,Access/Login,Critical,Resolved,Marketing,Priya Singh,2024-06-20 20:20:18,2024-06-20 23:20:18,3.0,No,No
TKT-04389,Network,Medium,Resolved,IT,Suresh Kumar,2024-07-25 16:07:49,2024-07-27 19:07:49,51.0,Yes,No
TKT-04390,Email,High,Open,IT,Anjali Mehta,2023-10-03 03:49:16,,,,No
TKT-04391,Access/Login,Medium,Closed,Legal,Amit Sharma,2024-03-28 04:58:29,2024-03-30 11:58:29,55.0,Yes,No
TKT-04392,Printer,High,Resolved,Legal,Anjali Mehta,2023-07-20 15:53:38,2023-07-21 09:53:38,18.0,No,No
TKT-04393,Network,Medium,Resolved,Sales,Suresh Kumar,2024-11-21 06:01:16,2024-11-23 10:01:16,52.0,Yes,No
TKT-04394,Access/Login,High,Resolved,Marketing,Priya Singh,2024-06-22 23:25:50,2024-06-23 03:25:50,4.0,No,Yes
TKT-04395,Network,Medium,Resolved,Operations,Neha Gupta,2023-09-20 13:47:07,2023-09-20 19:47:07,6.0,No,No
TKT-04396,Software,Low,Closed,Sales,Suresh Kumar,2023-12-13 19:59:48,2023-12-17 08:59:48,85.0,Yes,No
TKT-04397,Software,Medium,Resolved,IT,Amit Sharma,2024-09-16 12:06:41,2024-09-18 07:06:41,43.0,No,No
TKT-04398,Hardware,Low,In Progress,HR,Priya Singh,2023-01-26 14:05:26,,,,No
TKT-04399,Printer,Low,Closed,Operations,Neha Gupta,2023-01-23 23:13:15,2023-01-24 20:13:15,21.0,No,No
TKT-04400,Software,Medium,Resolved,IT,Suresh Kumar,2023-10-18 03:08:21,2023-10-18 11:08:21,8.0,No,No
TKT-04401,Hardware,Low,Closed,HR,Rohit Verma,2023-06-18 08:53:32,2023-06-19 21:53:32,37.0,No,Yes
TKT-04402,Software,Medium,Resolved,Finance,Anjali Mehta,2023-06-15 02:33:13,2023-06-16 14:33:13,36.0,No,No
TKT-04403,Access/Login,Low,Resolved,IT,Rohit Verma,2023-03-16 22:28:41,2023-03-20 13:28:41,87.0,Yes,No
TKT-04404,Network,Medium,In Progress,Marketing,Rohit Verma,2023-03-21 04:39:55,,,,No
TKT-04405,Network,Medium,Resolved,Sales,Amit Sharma,2024-04-28 00:40:06,2024-04-29 01:40:06,25.0,No,Yes
TKT-04406,Printer,Medium,Resolved,Marketing,Anjali Mehta,2023-04-19 07:07:09,2023-04-20 16:07:09,33.0,No,No
TKT-04407,Email,Medium,Open,Legal,Rohit Verma,2023-07-21 20:56:00,,,,No
TKT-04408,Network,Critical,Closed,Finance,Anjali Mehta,2023-09-05 14:47:25,2023-09-05 15:47:25,1.0,No,No
TKT-04409,Access/Login,High,Closed,Marketing,Suresh Kumar,2024-02-24 19:13:36,2024-02-25 21:13:36,26.0,Yes,Yes
TKT-04410,Access/Login,Medium,Resolved,HR,Suresh Kumar,2024-01-21 06:23:15,2024-01-23 08:23:15,50.0,Yes,Yes
TKT-04411,Network,High,Resolved,Sales,Anjali Mehta,2023-08-25 23:32:35,2023-08-26 05:32:35,6.0,No,No
TKT-04412,Software,Low,Open,Finance,Neha Gupta,2024-03-18 20:43:38,,,,No
TKT-04413,Network,Medium,Resolved,Marketing,Vikram Joshi,2023-04-11 15:03:05,2023-04-12 05:03:05,14.0,No,No
TKT-04414,Software,High,Resolved,Legal,Priya Singh,2024-06-13 06:11:16,2024-06-13 10:11:16,4.0,No,No
TKT-04415,Printer,Critical,Open,Sales,Amit Sharma,2024-10-24 06:03:49,,,,No
TKT-04416,Software,Low,Open,Legal,Amit Sharma,2024-01-09 13:40:33,,,,No
TKT-04417,Printer,Low,Closed,HR,Rohit Verma,2024-07-26 22:58:28,2024-07-28 05:58:28,31.0,No,No
TKT-04418,Network,Medium,Resolved,HR,Rohit Verma,2024-01-17 13:57:07,2024-01-19 08:57:07,43.0,No,No
TKT-04419,Software,High,Closed,Finance,Rohit Verma,2023-02-24 13:57:37,2023-02-24 15:57:37,2.0,No,No
TKT-04420,Email,Critical,Resolved,Legal,Amit Sharma,2024-05-16 11:31:17,2024-05-16 15:31:17,4.0,No,No
TKT-04421,Network,High,Closed,IT,Amit Sharma,2023-10-10 15:40:34,2023-10-11 12:40:34,21.0,No,No
TKT-04422,Access/Login,Medium,Open,IT,Suresh Kumar,2023-07-31 03:39:15,,,,No
TKT-04423,Software,Low,Resolved,Legal,Amit Sharma,2024-12-30 00:44:15,2024-12-31 05:44:15,29.0,No,No
TKT-04424,Email,Low,Closed,Finance,Suresh Kumar,2023-01-15 09:20:42,2023-01-16 05:20:42,20.0,No,Yes
TKT-04425,Network,Medium,Resolved,HR,Priya Singh,2024-04-07 06:53:29,2024-04-08 20:53:29,38.0,No,Yes
TKT-04426,Email,Medium,Closed,HR,Suresh Kumar,2024-12-25 01:06:58,2024-12-27 01:06:58,48.0,No,No
TKT-04427,Network,Low,Resolved,Operations,Amit Sharma,2023-08-01 22:29:43,2023-08-05 09:29:43,83.0,Yes,No
TKT-04428,Email,Low,Closed,Finance,Rohit Verma,2024-02-01 22:14:41,2024-02-04 10:14:41,60.0,No,No
TKT-04429,Hardware,Medium,Resolved,Legal,Neha Gupta,2023-01-08 08:37:28,2023-01-09 14:37:28,30.0,No,Yes
TKT-04430,Network,Critical,Closed,Marketing,Amit Sharma,2023-04-23 09:55:01,2023-04-23 13:55:01,4.0,No,Yes
TKT-04431,Printer,Medium,Closed,Operations,Amit Sharma,2023-07-13 14:37:51,2023-07-15 21:37:51,55.0,Yes,No
TKT-04432,Network,Low,Open,HR,Amit Sharma,2024-02-20 05:16:08,,,,No
TKT-04433,Hardware,High,In Progress,Sales,Vikram Joshi,2023-01-24 05:59:49,,,,No
TKT-04434,Hardware,Critical,Resolved,Operations,Neha Gupta,2023-05-02 06:20:09,2023-05-02 14:20:09,8.0,Yes,No
TKT-04435,Access/Login,Medium,Closed,Sales,Anjali Mehta,2023-02-08 03:39:31,2023-02-08 17:39:31,14.0,No,No
TKT-04436,Access/Login,High,Resolved,IT,Amit Sharma,2024-01-22 08:54:17,2024-01-23 01:54:17,17.0,No,No
TKT-04437,Printer,Low,Closed,Legal,Anjali Mehta,2024-07-17 16:40:19,2024-07-18 09:40:19,17.0,No,No
TKT-04438,Hardware,Critical,Closed,Operations,Suresh Kumar,2024-09-21 12:05:57,2024-09-21 16:05:57,4.0,No,Yes
TKT-04439,Hardware,Medium,Open,HR,Amit Sharma,2023-07-04 10:38:16,,,,No
TKT-04440,Access/Login,Critical,Open,IT,Neha Gupta,2024-01-21 04:21:30,,,,Yes
TKT-04441,Software,Low,Resolved,HR,Neha Gupta,2024-07-10 21:02:53,2024-07-11 20:02:53,23.0,No,No
TKT-04442,Email,High,Closed,Operations,Neha Gupta,2023-06-27 00:45:24,2023-06-27 22:45:24,22.0,No,No
TKT-04443,Email,Medium,Resolved,Finance,Rohit Verma,2024-05-31 18:01:05,2024-06-03 05:01:05,59.0,Yes,No
TKT-04444,Network,High,Closed,Sales,Rohit Verma,2023-12-21 00:12:13,2023-12-21 18:12:13,18.0,No,No
TKT-04445,Software,Medium,Closed,Finance,Neha Gupta,2023-01-15 03:24:52,2023-01-16 22:24:52,43.0,No,Yes
TKT-04446,Email,Medium,Resolved,Legal,Rohit Verma,2024-12-25 18:52:39,2024-12-28 04:52:39,58.0,Yes,No
TKT-04447,Printer,Medium,In Progress,Marketing,Rohit Verma,2024-02-05 17:15:10,,,,No
TKT-04448,Software,Medium,Resolved,Operations,Neha Gupta,2024-11-11 22:23:57,2024-11-12 16:23:57,18.0,No,No
TKT-04449,Software,High,Resolved,IT,Suresh Kumar,2023-08-27 05:33:42,2023-08-28 00:33:42,19.0,No,Yes
TKT-04450,Software,Medium,Closed,Marketing,Priya Singh,2024-07-27 16:43:35,2024-07-28 12:43:35,20.0,No,Yes
TKT-04451,Hardware,Low,Resolved,Sales,Neha Gupta,2023-05-20 02:43:36,2023-05-22 10:43:36,56.0,No,Yes
TKT-04452,Access/Login,High,Resolved,IT,Anjali Mehta,2024-09-24 01:16:21,2024-09-24 11:16:21,10.0,No,No
TKT-04453,Access/Login,Low,Closed,Finance,Amit Sharma,2023-09-13 09:55:17,2023-09-15 22:55:17,61.0,No,No
TKT-04454,Network,Medium,Resolved,IT,Neha Gupta,2023-01-03 10:13:07,2023-01-03 17:13:07,7.0,No,No
TKT-04455,Network,Medium,Resolved,HR,Amit Sharma,2024-09-20 14:36:01,2024-09-21 11:36:01,21.0,No,No
TKT-04456,Network,Medium,Closed,Marketing,Rohit Verma,2023-05-15 06:05:49,2023-05-17 07:05:49,49.0,Yes,No
TKT-04457,Hardware,Medium,Resolved,HR,Rohit Verma,2024-05-16 11:02:39,2024-05-16 17:02:39,6.0,No,No
TKT-04458,Access/Login,Low,Closed,Finance,Neha Gupta,2024-09-22 00:08:09,2024-09-22 12:08:09,12.0,No,Yes
TKT-04459,Network,High,Resolved,Sales,Rohit Verma,2023-06-24 04:25:33,2023-06-24 18:25:33,14.0,No,Yes
TKT-04460,Software,Medium,Closed,Legal,Vikram Joshi,2024-02-09 02:37:55,2024-02-10 14:37:55,36.0,No,No
TKT-04461,Network,High,Resolved,Legal,Anjali Mehta,2024-01-08 22:31:35,2024-01-09 21:31:35,23.0,No,No
TKT-04462,Network,Critical,Open,Sales,Anjali Mehta,2024-04-09 19:04:41,,,,No
TKT-04463,Hardware,Low,Resolved,HR,Amit Sharma,2024-12-08 21:13:23,2024-12-12 11:13:23,86.0,Yes,Yes
TKT-04464,Software,Medium,Resolved,Finance,Suresh Kumar,2024-07-15 19:25:33,2024-07-18 03:25:33,56.0,Yes,No
TKT-04465,Network,Medium,Closed,Marketing,Vikram Joshi,2024-10-04 13:20:25,2024-10-06 17:20:25,52.0,Yes,No
TKT-04466,Access/Login,High,Resolved,Sales,Anjali Mehta,2023-06-09 11:44:49,2023-06-09 23:44:49,12.0,No,No
TKT-04467,Hardware,Critical,Closed,Sales,Amit Sharma,2023-10-10 14:10:58,2023-10-10 21:10:58,7.0,Yes,No
TKT-04468,Printer,Critical,Resolved,Operations,Amit Sharma,2024-05-17 12:36:13,2024-05-17 17:36:13,5.0,Yes,No
TKT-04469,Hardware,Low,Open,Marketing,Rohit Verma,2024-07-14 22:14:06,,,,Yes
TKT-04470,Access/Login,Low,Closed,Finance,Vikram Joshi,2024-06-07 05:53:07,2024-06-10 05:53:07,72.0,No,No
TKT-04471,Network,High,Resolved,Legal,Priya Singh,2024-02-23 22:13:12,2024-02-24 08:13:12,10.0,No,No
TKT-04472,Email,High,Resolved,Sales,Rohit Verma,2024-04-02 18:19:26,2024-04-02 22:19:26,4.0,No,No
TKT-04473,Printer,Medium,Resolved,IT,Priya Singh,2024-02-10 21:33:33,2024-02-11 23:33:33,26.0,No,Yes
TKT-04474,Hardware,Critical,Resolved,Marketing,Anjali Mehta,2024-01-30 18:49:46,2024-01-30 22:49:46,4.0,No,No
TKT-04475,Network,Medium,Closed,Legal,Rohit Verma,2023-01-07 03:32:19,2023-01-08 21:32:19,42.0,No,Yes
TKT-04476,Network,Medium,Open,Marketing,Priya Singh,2023-03-21 05:22:30,,,,No
TKT-04477,Access/Login,Low,Closed,Operations,Neha Gupta,2024-10-22 08:00:47,2024-10-23 05:00:47,21.0,No,No
TKT-04478,Hardware,Low,Resolved,Operations,Amit Sharma,2024-03-29 05:32:56,2024-03-30 07:32:56,26.0,No,No
TKT-04479,Network,Medium,Resolved,IT,Amit Sharma,2024-07-31 14:48:23,2024-07-31 21:48:23,7.0,No,No
TKT-04480,Email,Medium,Resolved,Marketing,Vikram Joshi,2023-02-04 21:22:24,2023-02-05 13:22:24,16.0,No,Yes
TKT-04481,Network,High,Closed,Legal,Vikram Joshi,2024-03-09 15:43:30,2024-03-10 13:43:30,22.0,No,Yes
TKT-04482,Access/Login,Low,Closed,IT,Anjali Mehta,2024-12-07 07:45:41,2024-12-09 14:45:41,55.0,No,Yes
TKT-04483,Email,Critical,Resolved,Finance,Amit Sharma,2024-05-09 22:22:21,2024-05-10 04:22:21,6.0,Yes,No
TKT-04484,Access/Login,Low,Resolved,Marketing,Neha Gupta,2024-07-11 18:20:32,2024-07-12 16:20:32,22.0,No,No
TKT-04485,Email,Medium,Open,Marketing,Amit Sharma,2023-02-16 07:22:54,,,,No
TKT-04486,Printer,High,Closed,Sales,Amit Sharma,2024-01-18 11:09:58,2024-01-19 12:09:58,25.0,Yes,No
TKT-04487,Hardware,Low,Resolved,HR,Rohit Verma,2024-04-07 00:28:52,2024-04-09 13:28:52,61.0,No,Yes
TKT-04488,Printer,Medium,In Progress,Operations,Vikram Joshi,2023-08-06 08:36:20,,,,Yes
TKT-04489,Access/Login,Medium,Resolved,Marketing,Vikram Joshi,2023-03-08 14:28:00,2023-03-11 02:28:00,60.0,Yes,No
TKT-04490,Printer,High,Closed,Operations,Vikram Joshi,2024-04-15 17:27:38,2024-04-16 00:27:38,7.0,No,No
TKT-04491,Access/Login,Critical,Closed,Sales,Suresh Kumar,2023-01-23 16:55:49,2023-01-23 17:55:49,1.0,No,No
TKT-04492,Access/Login,Medium,Open,Marketing,Priya Singh,2023-05-03 06:05:43,,,,No
TKT-04493,Hardware,Low,Closed,Marketing,Vikram Joshi,2023-11-12 02:04:34,2023-11-15 11:04:34,81.0,Yes,Yes
TKT-04494,Software,High,Resolved,Operations,Suresh Kumar,2024-05-27 20:01:52,2024-05-28 11:01:52,15.0,No,No
TKT-04495,Access/Login,High,Resolved,IT,Rohit Verma,2024-04-10 15:33:15,2024-04-10 23:33:15,8.0,No,No
TKT-04496,Printer,Critical,Resolved,IT,Rohit Verma,2023-11-14 03:42:37,2023-11-14 12:42:37,9.0,Yes,No
TKT-04497,Software,Critical,Closed,HR,Vikram Joshi,2024-01-26 21:53:14,2024-01-27 05:53:14,8.0,Yes,No
TKT-04498,Hardware,High,Closed,Legal,Amit Sharma,2023-01-12 14:26:59,2023-01-13 17:26:59,27.0,Yes,No
TKT-04499,Access/Login,Medium,Resolved,Marketing,Suresh Kumar,2023-09-15 01:14:36,2023-09-17 03:14:36,50.0,Yes,No
TKT-04500,Email,Low,Resolved,Legal,Vikram Joshi,2023-01-05 05:14:24,2023-01-05 19:14:24,14.0,No,No
TKT-04501,Software,Low,Resolved,Finance,Anjali Mehta,2024-01-30 08:12:12,2024-02-02 01:12:12,65.0,No,No
TKT-04502,Email,Medium,Resolved,Marketing,Priya Singh,2023-03-08 12:02:13,2023-03-09 19:02:13,31.0,No,No
TKT-04503,Access/Login,High,Closed,Sales,Vikram Joshi,2024-02-10 01:16:14,2024-02-10 13:16:14,12.0,No,Yes
TKT-04504,Software,Medium,Resolved,Marketing,Rohit Verma,2023-02-04 15:52:10,2023-02-06 21:52:10,54.0,Yes,Yes
TKT-04505,Software,Medium,Resolved,Operations,Rohit Verma,2024-05-30 01:46:31,2024-05-31 12:46:31,35.0,No,No
TKT-04506,Hardware,High,Open,Finance,Rohit Verma,2024-07-01 12:14:15,,,,No
TKT-04507,Hardware,Low,In Progress,IT,Suresh Kumar,2024-11-10 00:59:51,,,,Yes
TKT-04508,Printer,Medium,In Progress,Sales,Rohit Verma,2024-05-20 14:52:31,,,,No
TKT-04509,Software,Low,In Progress,Legal,Amit Sharma,2023-01-13 22:07:28,,,,No
TKT-04510,Hardware,High,Resolved,HR,Neha Gupta,2023-05-10 22:40:07,2023-05-11 04:40:07,6.0,No,No
TKT-04511,Network,Medium,Closed,Sales,Amit Sharma,2024-12-20 05:29:02,2024-12-21 07:29:02,26.0,No,No
TKT-04512,Software,Medium,Closed,Operations,Amit Sharma,2024-02-27 15:47:20,2024-02-29 18:47:20,51.0,Yes,No
TKT-04513,Software,Medium,In Progress,IT,Suresh Kumar,2024-07-29 02:40:11,,,,No
TKT-04514,Access/Login,Low,In Progress,Finance,Priya Singh,2024-09-17 08:44:58,,,,No
TKT-04515,Software,High,Closed,Finance,Neha Gupta,2023-11-12 21:03:28,2023-11-14 01:03:28,28.0,Yes,Yes
TKT-04516,Access/Login,Medium,Resolved,Legal,Suresh Kumar,2024-12-22 12:20:30,2024-12-22 23:20:30,11.0,No,Yes
TKT-04517,Software,High,Open,Marketing,Anjali Mehta,2023-01-16 04:47:32,,,,No
TKT-04518,Network,Low,Resolved,HR,Priya Singh,2023-09-08 05:40:45,2023-09-11 00:40:45,67.0,No,No
TKT-04519,Software,Low,Closed,Marketing,Amit Sharma,2024-04-20 04:03:47,2024-04-23 22:03:47,90.0,Yes,Yes
TKT-04520,Software,Medium,Resolved,Marketing,Vikram Joshi,2024-11-16 22:09:52,2024-11-17 11:09:52,13.0,No,Yes
TKT-04521,Email,Medium,Resolved,IT,Priya Singh,2024-10-11 22:37:05,2024-10-12 09:37:05,11.0,No,No
TKT-04522,Printer,Medium,Resolved,Marketing,Anjali Mehta,2024-09-30 06:11:21,2024-10-01 17:11:21,35.0,No,No
TKT-04523,Printer,Medium,Resolved,Marketing,Anjali Mehta,2023-09-27 10:55:07,2023-09-28 09:55:07,23.0,No,No
TKT-04524,Network,Medium,Open,Finance,Amit Sharma,2024-08-31 23:26:21,,,,Yes
TKT-04525,Software,Medium,Closed,IT,Rohit Verma,2023-08-10 00:14:00,2023-08-11 01:14:00,25.0,No,No
TKT-04526,Printer,High,Resolved,Operations,Neha Gupta,2023-08-20 15:47:34,2023-08-21 04:47:34,13.0,No,Yes
TKT-04527,Software,Low,In Progress,Operations,Suresh Kumar,2023-05-09 05:39:02,,,,No
TKT-04528,Hardware,Low,Resolved,Operations,Neha Gupta,2024-05-24 09:03:38,2024-05-27 13:03:38,76.0,Yes,No
TKT-04529,Hardware,Medium,Resolved,Finance,Amit Sharma,2024-06-20 16:15:04,2024-06-22 05:15:04,37.0,No,No
TKT-04530,Printer,Medium,Resolved,Sales,Vikram Joshi,2024-10-12 15:56:14,2024-10-14 15:56:14,48.0,No,Yes
TKT-04531,Software,Medium,Resolved,IT,Anjali Mehta,2023-12-03 14:58:03,2023-12-04 20:58:03,30.0,No,Yes
TKT-04532,Access/Login,Medium,Resolved,Sales,Neha Gupta,2024-04-19 21:31:41,2024-04-21 08:31:41,35.0,No,No
TKT-04533,Email,Medium,Closed,Finance,Priya Singh,2024-01-29 03:51:59,2024-01-30 21:51:59,42.0,No,No
TKT-04534,Hardware,High,Resolved,Operations,Rohit Verma,2023-04-11 03:24:36,2023-04-11 09:24:36,6.0,No,No
TKT-04535,Access/Login,Low,Resolved,Sales,Suresh Kumar,2023-02-01 00:17:56,2023-02-03 13:17:56,61.0,No,No
TKT-04536,Network,Low,Closed,IT,Priya Singh,2023-12-06 09:56:36,2023-12-09 23:56:36,86.0,Yes,No
TKT-04537,Network,Critical,Resolved,Finance,Suresh Kumar,2023-10-11 04:24:24,2023-10-11 09:24:24,5.0,Yes,No
TKT-04538,Access/Login,Medium,Closed,Marketing,Rohit Verma,2023-09-01 08:41:32,2023-09-01 17:41:32,9.0,No,No
TKT-04539,Email,Medium,Resolved,Finance,Anjali Mehta,2024-02-13 05:02:29,2024-02-13 11:02:29,6.0,No,No
TKT-04540,Printer,High,Resolved,Finance,Neha Gupta,2024-09-03 12:19:15,2024-09-04 11:19:15,23.0,No,No
TKT-04541,Network,High,Closed,IT,Priya Singh,2023-10-04 10:18:01,2023-10-05 11:18:01,25.0,Yes,No
TKT-04542,Network,Critical,Resolved,Operations,Priya Singh,2023-04-26 06:37:01,2023-04-26 13:37:01,7.0,Yes,No
TKT-04543,Hardware,High,Closed,HR,Suresh Kumar,2024-03-18 15:11:26,2024-03-19 10:11:26,19.0,No,No
TKT-04544,Access/Login,Medium,In Progress,HR,Anjali Mehta,2023-04-10 04:55:35,,,,No
TKT-04545,Access/Login,Medium,In Progress,IT,Vikram Joshi,2024-08-14 13:23:05,,,,No
TKT-04546,Printer,Medium,Resolved,Sales,Anjali Mehta,2024-06-07 16:46:56,2024-06-08 02:46:56,10.0,No,No
TKT-04547,Hardware,High,Closed,HR,Suresh Kumar,2024-03-18 00:14:25,2024-03-18 05:14:25,5.0,No,No
TKT-04548,Network,Critical,Closed,Marketing,Anjali Mehta,2024-04-03 01:48:19,2024-04-03 03:48:19,2.0,No,No
TKT-04549,Hardware,Low,Closed,Legal,Priya Singh,2023-06-24 07:10:21,2023-06-26 03:10:21,44.0,No,Yes
TKT-04550,Network,Low,Resolved,Finance,Anjali Mehta,2024-12-10 18:06:39,2024-12-12 09:06:39,39.0,No,No
TKT-04551,Hardware,High,Closed,Marketing,Rohit Verma,2024-11-10 23:52:21,2024-11-11 19:52:21,20.0,No,Yes
TKT-04552,Printer,Medium,Resolved,HR,Suresh Kumar,2023-03-01 12:14:16,2023-03-02 21:14:16,33.0,No,No
TKT-04553,Printer,Medium,Resolved,Operations,Vikram Joshi,2024-02-09 23:19:53,2024-02-11 12:19:53,37.0,No,No
TKT-04554,Network,Low,Resolved,HR,Suresh Kumar,2023-02-09 09:00:53,2023-02-11 22:00:53,61.0,No,No
TKT-04555,Software,Medium,Resolved,Marketing,Rohit Verma,2024-04-05 17:12:21,2024-04-06 07:12:21,14.0,No,No
TKT-04556,Email,High,Closed,Legal,Anjali Mehta,2023-09-06 23:52:00,2023-09-07 13:52:00,14.0,No,No
TKT-04557,Printer,Low,In Progress,Sales,Vikram Joshi,2024-04-05 21:56:20,,,,No
TKT-04558,Access/Login,Medium,Resolved,HR,Priya Singh,2023-05-27 03:36:37,2023-05-29 03:36:37,48.0,No,Yes
TKT-04559,Hardware,High,Closed,HR,Amit Sharma,2023-12-25 07:19:56,2023-12-25 10:19:56,3.0,No,No
TKT-04560,Network,High,Resolved,Sales,Neha Gupta,2023-09-03 00:19:45,2023-09-04 06:19:45,30.0,Yes,Yes
TKT-04561,Email,High,Resolved,IT,Rohit Verma,2023-01-06 08:46:30,2023-01-07 00:46:30,16.0,No,No
TKT-04562,Printer,Critical,Resolved,Marketing,Amit Sharma,2024-04-23 07:29:20,2024-04-23 10:29:20,3.0,No,No
TKT-04563,Hardware,High,Resolved,Legal,Priya Singh,2023-11-04 08:46:12,2023-11-05 07:46:12,23.0,No,Yes
TKT-04564,Printer,Medium,Resolved,Legal,Neha Gupta,2024-04-24 01:35:56,2024-04-26 03:35:56,50.0,Yes,No
TKT-04565,Printer,Medium,Closed,HR,Vikram Joshi,2024-10-26 14:19:23,2024-10-27 02:19:23,12.0,No,Yes
TKT-04566,Email,Low,Resolved,Finance,Vikram Joshi,2024-08-09 21:42:55,2024-08-13 04:42:55,79.0,Yes,No
TKT-04567,Hardware,Low,Resolved,Sales,Rohit Verma,2024-01-14 11:36:41,2024-01-14 21:36:41,10.0,No,Yes
TKT-04568,Software,Medium,Closed,IT,Priya Singh,2024-04-17 04:15:37,2024-04-17 09:15:37,5.0,No,No
TKT-04569,Hardware,Low,Resolved,Sales,Vikram Joshi,2024-11-24 11:10:23,2024-11-27 08:10:23,69.0,No,Yes
TKT-04570,Network,Medium,Resolved,Marketing,Vikram Joshi,2023-02-25 13:33:19,2023-02-27 08:33:19,43.0,No,Yes
TKT-04571,Email,High,Resolved,IT,Anjali Mehta,2023-02-13 10:35:39,2023-02-14 16:35:39,30.0,Yes,No
TKT-04572,Network,Low,Resolved,Legal,Anjali Mehta,2024-09-18 03:33:14,2024-09-21 16:33:14,85.0,Yes,No
TKT-04573,Access/Login,Medium,Resolved,IT,Vikram Joshi,2024-07-23 02:31:53,2024-07-23 11:31:53,9.0,No,No
TKT-04574,Email,Low,Resolved,Finance,Suresh Kumar,2023-01-10 18:39:05,2023-01-12 06:39:05,36.0,No,No
TKT-04575,Printer,Critical,Open,Sales,Amit Sharma,2023-02-03 05:12:52,,,,No
TKT-04576,Access/Login,Low,In Progress,Finance,Priya Singh,2024-08-15 03:09:32,,,,No
TKT-04577,Network,Medium,Resolved,Finance,Amit Sharma,2024-01-25 22:04:45,2024-01-28 10:04:45,60.0,Yes,No
TKT-04578,Hardware,Medium,In Progress,Legal,Priya Singh,2023-02-25 08:14:57,,,,Yes
TKT-04579,Access/Login,Medium,Closed,Sales,Neha Gupta,2024-08-27 12:01:50,2024-08-29 14:01:50,50.0,Yes,No
TKT-04580,Email,Low,Resolved,HR,Anjali Mehta,2023-06-18 06:33:32,2023-06-19 15:33:32,33.0,No,Yes
TKT-04581,Printer,Low,Resolved,HR,Neha Gupta,2023-06-28 10:22:06,2023-07-01 23:22:06,85.0,Yes,No
TKT-04582,Access/Login,Medium,Closed,Finance,Amit Sharma,2023-03-29 12:14:36,2023-03-31 04:14:36,40.0,No,No
TKT-04583,Printer,Low,Resolved,HR,Anjali Mehta,2024-10-20 03:07:33,2024-10-21 05:07:33,26.0,No,Yes
TKT-04584,Printer,Medium,Closed,Finance,Priya Singh,2024-06-21 01:37:49,2024-06-21 17:37:49,16.0,No,No
TKT-04585,Email,High,Closed,IT,Suresh Kumar,2023-07-06 18:44:12,2023-07-07 09:44:12,15.0,No,No
TKT-04586,Software,Low,Resolved,Marketing,Rohit Verma,2023-01-24 09:03:05,2023-01-27 23:03:05,86.0,Yes,No
TKT-04587,Printer,Medium,Open,HR,Vikram Joshi,2023-09-03 14:53:32,,,,Yes
TKT-04588,Printer,Low,Closed,Legal,Suresh Kumar,2024-06-27 04:56:29,2024-06-27 20:56:29,16.0,No,No
TKT-04589,Network,Low,Resolved,Legal,Amit Sharma,2024-10-23 13:42:35,2024-10-25 02:42:35,37.0,No,No
TKT-04590,Email,Low,Closed,Legal,Amit Sharma,2023-01-21 17:30:30,2023-01-25 02:30:30,81.0,Yes,Yes
TKT-04591,Network,High,Open,Legal,Amit Sharma,2023-03-30 09:08:54,,,,No
TKT-04592,Access/Login,Critical,Resolved,Legal,Vikram Joshi,2023-08-27 19:21:18,2023-08-28 00:21:18,5.0,Yes,Yes
TKT-04593,Access/Login,Medium,Resolved,Operations,Rohit Verma,2023-03-06 08:53:20,2023-03-08 17:53:20,57.0,Yes,No
TKT-04594,Email,Medium,Open,Sales,Vikram Joshi,2023-08-12 01:28:58,,,,Yes
TKT-04595,Printer,Critical,Resolved,IT,Neha Gupta,2024-01-26 03:24:21,2024-01-26 13:24:21,10.0,Yes,No
TKT-04596,Printer,Medium,Open,Operations,Anjali Mehta,2023-10-21 12:54:21,,,,Yes
TKT-04597,Email,Critical,Resolved,Finance,Anjali Mehta,2024-04-28 02:25:22,2024-04-28 07:25:22,5.0,Yes,Yes
TKT-04598,Email,Medium,In Progress,Marketing,Neha Gupta,2023-11-02 22:27:03,,,,No
TKT-04599,Printer,High,Closed,IT,Neha Gupta,2023-09-03 09:14:00,2023-09-03 13:14:00,4.0,No,Yes
TKT-04600,Network,Low,Resolved,Legal,Rohit Verma,2023-05-06 14:01:04,2023-05-09 15:01:04,73.0,Yes,Yes
TKT-04601,Hardware,Medium,Resolved,Marketing,Neha Gupta,2023-04-26 18:58:44,2023-04-27 19:58:44,25.0,No,No
TKT-04602,Software,Critical,In Progress,IT,Priya Singh,2024-04-14 14:03:35,,,,Yes
TKT-04603,Hardware,Low,Resolved,Finance,Vikram Joshi,2023-06-27 04:56:26,2023-06-30 11:56:26,79.0,Yes,No
TKT-04604,Software,Medium,Closed,Sales,Vikram Joshi,2024-10-20 02:01:26,2024-10-21 18:01:26,40.0,No,Yes
TKT-04605,Access/Login,Medium,Resolved,Sales,Neha Gupta,2024-09-20 10:43:03,2024-09-22 20:43:03,58.0,Yes,No
TKT-04606,Printer,Low,Resolved,Sales,Vikram Joshi,2024-09-08 14:44:54,2024-09-11 15:44:54,73.0,Yes,Yes
TKT-04607,Printer,Critical,Resolved,Sales,Priya Singh,2024-11-10 11:39:08,2024-11-10 17:39:08,6.0,Yes,Yes
TKT-04608,Printer,Medium,Resolved,Operations,Rohit Verma,2024-10-16 04:02:04,2024-10-18 14:02:04,58.0,Yes,No
TKT-04609,Email,Medium,Resolved,Finance,Amit Sharma,2024-05-25 11:41:18,2024-05-27 22:41:18,59.0,Yes,Yes
TKT-04610,Software,Low,Resolved,Marketing,Priya Singh,2024-07-06 03:31:35,2024-07-08 07:31:35,52.0,No,Yes
TKT-04611,Software,High,Closed,Sales,Neha Gupta,2024-03-05 02:46:37,2024-03-05 23:46:37,21.0,No,No
TKT-04612,Software,Low,Resolved,Finance,Priya Singh,2024-04-30 13:18:42,2024-05-01 14:18:42,25.0,No,No
TKT-04613,Software,Critical,Closed,Sales,Anjali Mehta,2023-01-18 07:00:42,2023-01-18 12:00:42,5.0,Yes,No
TKT-04614,Printer,Medium,Resolved,Legal,Amit Sharma,2024-12-21 10:31:23,2024-12-23 17:31:23,55.0,Yes,Yes
TKT-04615,Software,Low,In Progress,Legal,Priya Singh,2023-06-13 16:45:11,,,,No
TKT-04616,Email,Low,Open,HR,Vikram Joshi,2023-05-20 21:49:37,,,,Yes
TKT-04617,Email,Low,Resolved,IT,Suresh Kumar,2023-03-21 16:26:56,2023-03-25 02:26:56,82.0,Yes,No
TKT-04618,Hardware,Medium,Closed,HR,Vikram Joshi,2024-03-23 15:28:33,2024-03-24 20:28:33,29.0,No,Yes
TKT-04619,Software,Critical,Resolved,IT,Suresh Kumar,2023-11-09 13:02:13,2023-11-09 20:02:13,7.0,Yes,No
TKT-04620,Software,Medium,Resolved,IT,Neha Gupta,2023-10-08 06:46:27,2023-10-10 12:46:27,54.0,Yes,Yes
TKT-04621,Software,Medium,Closed,Sales,Suresh Kumar,2023-10-25 03:09:19,2023-10-26 18:09:19,39.0,No,No
TKT-04622,Printer,High,Resolved,Marketing,Priya Singh,2024-06-11 08:18:52,2024-06-11 19:18:52,11.0,No,No
TKT-04623,Software,Medium,Resolved,HR,Amit Sharma,2024-01-16 01:16:26,2024-01-17 15:16:26,38.0,No,No
TKT-04624,Software,Medium,Resolved,Finance,Rohit Verma,2024-07-11 11:39:53,2024-07-12 15:39:53,28.0,No,No
TKT-04625,Printer,Medium,Closed,IT,Priya Singh,2023-10-19 04:33:40,2023-10-20 01:33:40,21.0,No,No
TKT-04626,Access/Login,Medium,In Progress,Marketing,Amit Sharma,2024-01-18 06:11:49,,,,No
TKT-04627,Access/Login,Low,Closed,Legal,Suresh Kumar,2024-09-05 15:57:55,2024-09-08 10:57:55,67.0,No,No
TKT-04628,Hardware,Medium,Resolved,HR,Anjali Mehta,2024-07-25 05:44:20,2024-07-27 07:44:20,50.0,Yes,No
TKT-04629,Network,Medium,Resolved,Legal,Vikram Joshi,2024-01-16 00:35:56,2024-01-17 06:35:56,30.0,No,No
TKT-04630,Printer,Medium,Resolved,Sales,Anjali Mehta,2024-07-31 02:28:02,2024-07-31 23:28:02,21.0,No,No
TKT-04631,Software,Low,Open,HR,Vikram Joshi,2024-10-01 20:01:53,,,,No
TKT-04632,Network,Low,Closed,Operations,Neha Gupta,2024-03-31 20:22:29,2024-04-02 21:22:29,49.0,No,Yes
TKT-04633,Network,Low,Resolved,HR,Suresh Kumar,2024-02-17 11:33:08,2024-02-21 03:33:08,88.0,Yes,Yes
TKT-04634,Hardware,Medium,Resolved,Finance,Vikram Joshi,2024-12-25 19:38:17,2024-12-26 17:38:17,22.0,No,No
TKT-04635,Access/Login,Low,Resolved,Operations,Neha Gupta,2023-12-16 20:38:35,2023-12-17 09:38:35,13.0,No,Yes
TKT-04636,Printer,Low,Closed,Finance,Rohit Verma,2024-09-22 02:16:40,2024-09-24 02:16:40,48.0,No,Yes
TKT-04637,Network,High,Closed,Sales,Vikram Joshi,2024-06-13 17:42:34,2024-06-14 08:42:34,15.0,No,No
TKT-04638,Printer,Medium,Closed,Legal,Neha Gupta,2023-04-24 23:54:41,2023-04-26 05:54:41,30.0,No,No
TKT-04639,Hardware,Medium,Closed,IT,Suresh Kumar,2023-07-28 17:13:28,2023-07-29 11:13:28,18.0,No,No
TKT-04640,Software,Medium,Resolved,Sales,Suresh Kumar,2024-01-27 16:19:08,2024-01-28 10:19:08,18.0,No,Yes
TKT-04641,Software,Low,Resolved,Operations,Rohit Verma,2024-08-04 15:30:27,2024-08-06 10:30:27,43.0,No,Yes
TKT-04642,Hardware,Low,Resolved,HR,Rohit Verma,2024-05-12 02:40:39,2024-05-15 07:40:39,77.0,Yes,Yes
TKT-04643,Email,Medium,Resolved,Marketing,Vikram Joshi,2023-04-21 02:41:05,2023-04-21 23:41:05,21.0,No,No
TKT-04644,Hardware,Low,Resolved,Legal,Vikram Joshi,2024-01-17 02:14:51,2024-01-19 09:14:51,55.0,No,No
TKT-04645,Printer,Critical,Resolved,Marketing,Priya Singh,2024-04-28 22:56:40,2024-04-29 01:56:40,3.0,No,Yes
TKT-04646,Hardware,High,Resolved,Marketing,Anjali Mehta,2024-03-08 06:01:34,2024-03-08 11:01:34,5.0,No,No
TKT-04647,Software,High,Closed,Legal,Suresh Kumar,2023-06-10 18:31:43,2023-06-11 13:31:43,19.0,No,Yes
TKT-04648,Access/Login,Low,Resolved,Legal,Priya Singh,2023-06-13 14:01:47,2023-06-17 04:01:47,86.0,Yes,No
TKT-04649,Network,High,Resolved,Operations,Vikram Joshi,2023-12-17 21:42:51,2023-12-18 04:42:51,7.0,No,Yes
TKT-04650,Access/Login,Medium,In Progress,HR,Rohit Verma,2023-09-08 20:00:15,,,,No
TKT-04651,Software,Low,Closed,Sales,Priya Singh,2023-11-27 20:03:57,2023-11-30 01:03:57,53.0,No,No
TKT-04652,Email,High,Closed,HR,Suresh Kumar,2023-02-20 20:21:36,2023-02-21 23:21:36,27.0,Yes,No
TKT-04653,Network,Low,In Progress,Finance,Amit Sharma,2023-04-16 08:03:48,,,,Yes
TKT-04654,Access/Login,Medium,Resolved,Legal,Anjali Mehta,2023-12-05 03:41:47,2023-12-06 03:41:47,24.0,No,No
TKT-04655,Access/Login,Low,In Progress,HR,Amit Sharma,2024-11-02 14:33:22,,,,Yes
TKT-04656,Network,Critical,Closed,Legal,Suresh Kumar,2024-08-25 01:04:13,2024-08-25 11:04:13,10.0,Yes,Yes
TKT-04657,Network,Low,Closed,IT,Suresh Kumar,2024-10-01 17:47:20,2024-10-03 04:47:20,35.0,No,No
TKT-04658,Software,Critical,Resolved,Operations,Neha Gupta,2024-04-27 21:11:00,2024-04-28 05:11:00,8.0,Yes,Yes
TKT-04659,Access/Login,Medium,Resolved,Sales,Suresh Kumar,2024-11-22 23:19:40,2024-11-24 03:19:40,28.0,No,No
TKT-04660,Access/Login,Low,Open,Sales,Amit Sharma,2024-09-13 20:05:32,,,,No
TKT-04661,Email,Medium,Closed,Operations,Amit Sharma,2023-05-09 09:39:56,2023-05-11 07:39:56,46.0,No,No
TKT-04662,Software,Medium,Resolved,Finance,Priya Singh,2024-12-09 18:59:46,2024-12-11 13:59:46,43.0,No,No
TKT-04663,Printer,High,Open,HR,Rohit Verma,2023-06-28 16:26:19,,,,No
TKT-04664,Hardware,Low,Resolved,Sales,Suresh Kumar,2024-08-08 15:31:11,2024-08-09 01:31:11,10.0,No,No
TKT-04665,Printer,Low,In Progress,IT,Suresh Kumar,2023-03-20 04:07:06,,,,No
TKT-04666,Email,Medium,Resolved,Legal,Anjali Mehta,2024-06-10 18:01:37,2024-06-12 00:01:37,30.0,No,No
TKT-04667,Network,High,Closed,HR,Rohit Verma,2024-12-12 09:02:49,2024-12-13 08:02:49,23.0,No,No
TKT-04668,Email,Critical,Resolved,IT,Priya Singh,2024-10-30 22:34:28,2024-10-31 05:34:28,7.0,Yes,No
TKT-04669,Access/Login,Medium,Closed,IT,Anjali Mehta,2023-03-08 01:12:54,2023-03-09 06:12:54,29.0,No,No
TKT-04670,Hardware,Medium,Resolved,HR,Vikram Joshi,2024-06-21 03:41:20,2024-06-23 08:41:20,53.0,Yes,No
TKT-04671,Software,Medium,Resolved,Finance,Amit Sharma,2023-05-29 19:13:13,2023-05-31 08:13:13,37.0,No,No
TKT-04672,Email,Medium,In Progress,Sales,Rohit Verma,2024-07-04 13:28:51,,,,No
TKT-04673,Network,Critical,Resolved,Finance,Priya Singh,2024-11-04 22:28:01,2024-11-05 00:28:01,2.0,No,No
TKT-04674,Hardware,Medium,Resolved,Operations,Amit Sharma,2023-01-29 16:32:58,2023-01-31 16:32:58,48.0,No,Yes
TKT-04675,Printer,High,Closed,Legal,Neha Gupta,2024-08-22 16:30:46,2024-08-23 12:30:46,20.0,No,No
TKT-04676,Email,Medium,Closed,Marketing,Suresh Kumar,2024-05-11 21:53:45,2024-05-13 04:53:45,31.0,No,Yes
TKT-04677,Hardware,Critical,Closed,Marketing,Suresh Kumar,2023-07-26 00:23:09,2023-07-26 09:23:09,9.0,Yes,No
TKT-04678,Access/Login,Critical,Resolved,Legal,Vikram Joshi,2023-12-30 20:52:28,2023-12-31 00:52:28,4.0,No,Yes
TKT-04679,Printer,Critical,In Progress,IT,Rohit Verma,2023-02-03 21:25:40,,,,No
TKT-04680,Access/Login,Low,Resolved,Legal,Neha Gupta,2024-02-08 19:44:18,2024-02-11 11:44:18,64.0,No,No
TKT-04681,Email,Medium,Open,Sales,Anjali Mehta,2023-04-14 08:54:01,,,,No
TKT-04682,Access/Login,Medium,Open,Marketing,Rohit Verma,2023-04-15 19:35:58,,,,Yes
TKT-04683,Network,High,Open,Finance,Rohit Verma,2023-01-29 23:38:27,,,,Yes
TKT-04684,Printer,Low,Closed,Sales,Amit Sharma,2024-08-04 00:12:59,2024-08-06 08:12:59,56.0,No,Yes
TKT-04685,Software,Medium,Resolved,Marketing,Rohit Verma,2023-06-20 16:31:30,2023-06-22 12:31:30,44.0,No,No
TKT-04686,Software,Medium,Resolved,HR,Priya Singh,2023-05-09 17:06:25,2023-05-12 01:06:25,56.0,Yes,No
TKT-04687,Network,Medium,In Progress,Legal,Neha Gupta,2023-05-26 12:03:20,,,,No
TKT-04688,Email,Low,Closed,Sales,Neha Gupta,2023-01-07 10:30:47,2023-01-10 22:30:47,84.0,Yes,Yes
TKT-04689,Hardware,Low,Closed,Sales,Anjali Mehta,2024-08-14 17:23:43,2024-08-17 22:23:43,77.0,Yes,No
TKT-04690,Hardware,Medium,Resolved,HR,Vikram Joshi,2023-03-19 18:13:11,2023-03-20 04:13:11,10.0,No,Yes
TKT-04691,Printer,High,Resolved,Legal,Anjali Mehta,2023-12-21 21:33:25,2023-12-21 23:33:25,2.0,No,No
TKT-04692,Hardware,Low,Closed,Finance,Neha Gupta,2023-07-30 20:04:01,2023-08-02 04:04:01,56.0,No,Yes
TKT-04693,Access/Login,Medium,Resolved,Finance,Rohit Verma,2023-10-08 17:57:45,2023-10-10 03:57:45,34.0,No,Yes
TKT-04694,Network,Medium,In Progress,IT,Vikram Joshi,2024-04-04 22:15:41,,,,No
TKT-04695,Software,High,In Progress,IT,Priya Singh,2023-03-04 13:48:57,,,,Yes
TKT-04696,Hardware,Medium,Resolved,HR,Anjali Mehta,2023-03-15 13:15:49,2023-03-16 12:15:49,23.0,No,No
TKT-04697,Hardware,High,Resolved,Marketing,Neha Gupta,2024-08-25 17:09:28,2024-08-26 10:09:28,17.0,No,Yes
TKT-04698,Hardware,Medium,Closed,HR,Neha Gupta,2024-04-27 13:53:58,2024-04-29 03:53:58,38.0,No,Yes
TKT-04699,Access/Login,Medium,Closed,Finance,Suresh Kumar,2024-01-16 14:10:50,2024-01-17 10:10:50,20.0,No,No
TKT-04700,Access/Login,Low,Resolved,Sales,Neha Gupta,2023-08-23 13:06:54,2023-08-25 22:06:54,57.0,No,No
TKT-04701,Email,Medium,Open,HR,Vikram Joshi,2024-07-05 03:31:18,,,,No
TKT-04702,Access/Login,Low,Closed,HR,Anjali Mehta,2024-05-16 21:17:16,2024-05-19 10:17:16,61.0,No,No
TKT-04703,Network,Medium,Resolved,IT,Amit Sharma,2023-12-21 00:05:27,2023-12-23 00:05:27,48.0,No,No
TKT-04704,Email,Low,Open,IT,Amit Sharma,2024-05-04 18:41:32,,,,Yes
TKT-04705,Software,Medium,Resolved,Operations,Anjali Mehta,2024-04-16 12:09:04,2024-04-18 02:09:04,38.0,No,No
TKT-04706,Printer,High,Resolved,Finance,Neha Gupta,2023-03-22 04:37:13,2023-03-22 20:37:13,16.0,No,No
TKT-04707,Network,Critical,Closed,HR,Neha Gupta,2023-03-10 23:44:47,2023-03-11 00:44:47,1.0,No,No
TKT-04708,Printer,High,Resolved,Marketing,Rohit Verma,2024-06-28 11:32:55,2024-06-29 15:32:55,28.0,Yes,No
TKT-04709,Network,Low,Resolved,IT,Suresh Kumar,2023-03-26 09:08:32,2023-03-27 21:08:32,36.0,No,Yes
TKT-04710,Access/Login,Medium,Resolved,Finance,Vikram Joshi,2024-10-30 07:37:11,2024-10-31 02:37:11,19.0,No,No
TKT-04711,Network,Medium,Resolved,Legal,Rohit Verma,2024-03-11 23:34:40,2024-03-14 00:34:40,49.0,Yes,No
TKT-04712,Network,High,Closed,IT,Priya Singh,2023-07-01 13:00:08,2023-07-02 10:00:08,21.0,No,Yes
TKT-04713,Software,Low,Resolved,Legal,Vikram Joshi,2023-10-30 04:10:11,2023-11-02 06:10:11,74.0,Yes,No
TKT-04714,Network,Low,In Progress,IT,Neha Gupta,2023-05-21 00:45:57,,,,Yes
TKT-04715,Email,High,In Progress,Sales,Amit Sharma,2023-12-28 11:34:10,,,,No
TKT-04716,Network,Critical,Closed,HR,Priya Singh,2024-11-01 12:18:15,2024-11-01 20:18:15,8.0,Yes,No
TKT-04717,Printer,High,Resolved,Legal,Anjali Mehta,2023-07-13 00:27:10,2023-07-13 15:27:10,15.0,No,No
TKT-04718,Email,High,Resolved,Sales,Priya Singh,2024-10-13 18:56:43,2024-10-14 16:56:43,22.0,No,Yes
TKT-04719,Software,Medium,Closed,Operations,Neha Gupta,2023-07-07 10:56:53,2023-07-08 03:56:53,17.0,No,No
TKT-04720,Email,High,Resolved,Finance,Rohit Verma,2024-03-08 17:25:46,2024-03-09 03:25:46,10.0,No,No
TKT-04721,Software,Low,Closed,Operations,Amit Sharma,2023-10-17 01:35:05,2023-10-19 08:35:05,55.0,No,No
TKT-04722,Software,Medium,Resolved,Finance,Amit Sharma,2024-09-05 22:31:31,2024-09-06 12:31:31,14.0,No,No
TKT-04723,Network,Low,Closed,Sales,Amit Sharma,2023-01-05 00:49:38,2023-01-05 12:49:38,12.0,No,No
TKT-04724,Hardware,Medium,Closed,Marketing,Amit Sharma,2024-04-17 16:01:45,2024-04-19 06:01:45,38.0,No,No
TKT-04725,Network,Medium,Resolved,Marketing,Amit Sharma,2024-02-02 07:45:11,2024-02-03 03:45:11,20.0,No,No
TKT-04726,Network,Medium,Closed,Finance,Suresh Kumar,2024-04-22 16:05:05,2024-04-24 01:05:05,33.0,No,No
TKT-04727,Email,Medium,Resolved,Legal,Suresh Kumar,2023-03-24 04:27:51,2023-03-25 02:27:51,22.0,No,No
TKT-04728,Printer,Medium,Resolved,Legal,Amit Sharma,2024-12-24 10:30:23,2024-12-26 21:30:23,59.0,Yes,No
TKT-04729,Software,Medium,Open,Finance,Vikram Joshi,2023-09-23 03:47:17,,,,Yes
TKT-04730,Network,High,Closed,Legal,Amit Sharma,2023-07-19 22:50:47,2023-07-20 05:50:47,7.0,No,No
TKT-04731,Network,Medium,Closed,Legal,Suresh Kumar,2024-11-25 14:53:19,2024-11-27 13:53:19,47.0,No,No
TKT-04732,Network,Critical,Closed,Finance,Amit Sharma,2023-11-07 09:31:18,2023-11-07 16:31:18,7.0,Yes,No
TKT-04733,Printer,High,Open,Sales,Vikram Joshi,2023-03-05 07:59:36,,,,Yes
TKT-04734,Access/Login,Medium,Closed,Sales,Amit Sharma,2023-01-25 01:23:24,2023-01-26 14:23:24,37.0,No,No
TKT-04735,Email,High,Open,Legal,Rohit Verma,2023-10-30 20:35:34,,,,No
TKT-04736,Printer,Low,Resolved,Sales,Amit Sharma,2024-06-07 15:31:50,2024-06-09 07:31:50,40.0,No,No
TKT-04737,Access/Login,Medium,Resolved,Legal,Rohit Verma,2024-07-20 13:37:31,2024-07-22 14:37:31,49.0,Yes,Yes
TKT-04738,Network,High,Closed,HR,Vikram Joshi,2023-03-28 14:17:34,2023-03-29 16:17:34,26.0,Yes,No
TKT-04739,Printer,Low,Resolved,Sales,Rohit Verma,2023-01-27 07:32:53,2023-01-30 02:32:53,67.0,No,No
TKT-04740,Printer,Medium,Resolved,Sales,Suresh Kumar,2023-12-30 14:40:57,2023-12-31 18:40:57,28.0,No,Yes
TKT-04741,Software,Low,Resolved,Legal,Rohit Verma,2024-06-12 15:34:05,2024-06-16 04:34:05,85.0,Yes,No
TKT-04742,Access/Login,Medium,Closed,HR,Neha Gupta,2024-09-05 06:25:53,2024-09-07 08:25:53,50.0,Yes,No
TKT-04743,Network,Medium,Resolved,Legal,Rohit Verma,2023-11-03 23:46:34,2023-11-06 00:46:34,49.0,Yes,No
TKT-04744,Access/Login,High,In Progress,Legal,Amit Sharma,2024-12-02 16:39:36,,,,No
TKT-04745,Printer,Medium,Closed,Marketing,Vikram Joshi,2024-05-16 19:52:05,2024-05-17 07:52:05,12.0,No,No
TKT-04746,Network,Medium,Resolved,HR,Priya Singh,2023-01-23 08:03:55,2023-01-24 16:03:55,32.0,No,No
TKT-04747,Email,High,Resolved,Sales,Amit Sharma,2024-05-17 05:11:53,2024-05-17 11:11:53,6.0,No,No
TKT-04748,Software,Medium,Resolved,Finance,Vikram Joshi,2023-07-13 23:45:36,2023-07-14 22:45:36,23.0,No,No
TKT-04749,Hardware,Medium,Resolved,HR,Neha Gupta,2024-01-04 00:54:53,2024-01-04 08:54:53,8.0,No,No
TKT-04750,Network,Medium,Resolved,Sales,Rohit Verma,2024-10-26 09:21:21,2024-10-28 05:21:21,44.0,No,Yes
TKT-04751,Access/Login,High,In Progress,IT,Suresh Kumar,2023-06-01 11:44:37,,,,No
TKT-04752,Printer,Critical,Closed,IT,Suresh Kumar,2023-11-10 15:01:02,2023-11-11 01:01:02,10.0,Yes,No
TKT-04753,Network,High,Resolved,Legal,Anjali Mehta,2024-01-31 09:13:24,2024-01-31 11:13:24,2.0,No,No
TKT-04754,Access/Login,High,Resolved,Finance,Amit Sharma,2023-05-01 19:27:02,2023-05-02 08:27:02,13.0,No,No
TKT-04755,Printer,Medium,Resolved,Finance,Amit Sharma,2024-11-04 12:31:24,2024-11-06 14:31:24,50.0,Yes,No
TKT-04756,Email,Low,Resolved,IT,Amit Sharma,2023-01-17 02:00:26,2023-01-20 18:00:26,88.0,Yes,No
TKT-04757,Printer,Medium,Resolved,Operations,Suresh Kumar,2024-04-12 19:16:49,2024-04-14 10:16:49,39.0,No,No
TKT-04758,Hardware,Low,Resolved,Legal,Suresh Kumar,2024-06-04 06:41:17,2024-06-05 17:41:17,35.0,No,No
TKT-04759,Hardware,Medium,Resolved,HR,Priya Singh,2023-12-13 14:52:10,2023-12-14 13:52:10,23.0,No,No
TKT-04760,Email,High,Closed,Marketing,Priya Singh,2024-09-12 02:43:20,2024-09-12 17:43:20,15.0,No,No
TKT-04761,Access/Login,Medium,Resolved,HR,Anjali Mehta,2023-08-27 19:59:05,2023-08-29 10:59:05,39.0,No,Yes
TKT-04762,Email,Low,Closed,HR,Suresh Kumar,2024-05-21 04:29:35,2024-05-24 10:29:35,78.0,Yes,No
TKT-04763,Network,Low,In Progress,Operations,Amit Sharma,2024-10-31 13:16:31,,,,No
TKT-04764,Access/Login,Low,Open,Legal,Vikram Joshi,2023-09-22 02:53:48,,,,No
TKT-04765,Software,Low,Closed,Finance,Rohit Verma,2023-01-19 19:44:51,2023-01-21 04:44:51,33.0,No,No
TKT-04766,Access/Login,Low,Resolved,Marketing,Vikram Joshi,2023-01-25 05:25:53,2023-01-27 19:25:53,62.0,No,No
TKT-04767,Network,Medium,Closed,Legal,Anjali Mehta,2024-01-31 00:35:40,2024-02-02 05:35:40,53.0,Yes,No
TKT-04768,Access/Login,Medium,Resolved,Legal,Anjali Mehta,2024-11-25 05:57:36,2024-11-26 19:57:36,38.0,No,No
TKT-04769,Access/Login,Medium,Open,Sales,Suresh Kumar,2024-03-26 08:45:38,,,,No
TKT-04770,Email,Medium,Resolved,Sales,Neha Gupta,2023-01-22 22:41:56,2023-01-23 16:41:56,18.0,No,Yes
TKT-04771,Email,High,Resolved,Legal,Rohit Verma,2024-09-21 23:25:55,2024-09-22 14:25:55,15.0,No,Yes
TKT-04772,Network,Medium,Resolved,Sales,Amit Sharma,2024-10-10 01:23:18,2024-10-11 22:23:18,45.0,No,No
TKT-04773,Hardware,High,In Progress,Legal,Neha Gupta,2024-08-15 13:07:45,,,,No
TKT-04774,Access/Login,Medium,In Progress,Operations,Amit Sharma,2023-04-25 21:23:31,,,,No
TKT-04775,Software,Medium,Closed,Finance,Anjali Mehta,2023-10-17 22:32:41,2023-10-19 20:32:41,46.0,No,No
TKT-04776,Access/Login,Medium,Resolved,HR,Priya Singh,2024-03-18 06:48:59,2024-03-19 00:48:59,18.0,No,No
TKT-04777,Printer,Medium,Resolved,IT,Anjali Mehta,2023-11-23 07:19:45,2023-11-24 01:19:45,18.0,No,No
TKT-04778,Access/Login,Critical,Closed,Operations,Rohit Verma,2023-07-14 17:52:13,2023-07-14 18:52:13,1.0,No,No
TKT-04779,Network,High,Resolved,IT,Anjali Mehta,2024-08-14 00:22:28,2024-08-15 02:22:28,26.0,Yes,No
TKT-04780,Printer,Medium,Open,Legal,Rohit Verma,2023-10-25 08:59:09,,,,No
TKT-04781,Printer,Low,Open,Sales,Amit Sharma,2024-06-12 08:25:12,,,,No
TKT-04782,Printer,Medium,Closed,Operations,Rohit Verma,2024-08-04 01:49:26,2024-08-05 08:49:26,31.0,No,Yes
TKT-04783,Access/Login,Low,Resolved,Sales,Neha Gupta,2024-02-08 17:45:25,2024-02-11 00:45:25,55.0,No,No
TKT-04784,Network,Low,Resolved,Finance,Amit Sharma,2023-05-03 22:15:25,2023-05-07 01:15:25,75.0,Yes,No
TKT-04785,Access/Login,High,Open,Finance,Amit Sharma,2023-08-28 22:34:35,,,,No
TKT-04786,Hardware,Medium,Closed,Marketing,Anjali Mehta,2024-09-26 16:25:06,2024-09-29 00:25:06,56.0,Yes,No
TKT-04787,Network,Medium,Resolved,Sales,Vikram Joshi,2023-04-30 21:20:29,2023-05-01 22:20:29,25.0,No,Yes
TKT-04788,Hardware,Medium,In Progress,Finance,Vikram Joshi,2023-06-04 06:17:38,,,,Yes
TKT-04789,Access/Login,High,Resolved,Finance,Priya Singh,2023-01-19 14:26:07,2023-01-20 10:26:07,20.0,No,No
TKT-04790,Network,Low,Resolved,HR,Amit Sharma,2023-07-24 21:27:13,2023-07-27 10:27:13,61.0,No,No
TKT-04791,Email,Critical,Closed,IT,Amit Sharma,2023-07-13 07:42:04,2023-07-13 10:42:04,3.0,No,No
TKT-04792,Email,Low,Resolved,IT,Vikram Joshi,2024-03-21 07:41:42,2024-03-23 06:41:42,47.0,No,No
TKT-04793,Network,Medium,Resolved,Legal,Priya Singh,2024-07-11 09:09:30,2024-07-11 15:09:30,6.0,No,No
TKT-04794,Network,Medium,Resolved,HR,Vikram Joshi,2024-01-22 02:35:34,2024-01-22 20:35:34,18.0,No,No
TKT-04795,Software,Low,In Progress,HR,Anjali Mehta,2023-07-22 07:51:55,,,,Yes
TKT-04796,Hardware,Low,Resolved,HR,Suresh Kumar,2023-11-01 20:31:57,2023-11-03 01:31:57,29.0,No,No
TKT-04797,Email,Medium,Resolved,Legal,Priya Singh,2024-02-04 05:35:27,2024-02-04 17:35:27,12.0,No,Yes
TKT-04798,Software,Critical,Resolved,Sales,Priya Singh,2023-12-26 08:07:24,2023-12-26 16:07:24,8.0,Yes,No
TKT-04799,Network,Low,Resolved,IT,Neha Gupta,2023-10-23 14:41:13,2023-10-26 04:41:13,62.0,No,No
TKT-04800,Software,Low,Resolved,IT,Rohit Verma,2023-06-02 13:40:14,2023-06-04 18:40:14,53.0,No,No
TKT-04801,Software,Low,Resolved,Sales,Priya Singh,2024-03-30 17:47:19,2024-04-02 08:47:19,63.0,No,Yes
TKT-04802,Printer,Low,Closed,IT,Anjali Mehta,2024-05-29 00:03:08,2024-05-29 17:03:08,17.0,No,No
TKT-04803,Hardware,Low,Open,Sales,Anjali Mehta,2023-02-11 20:32:34,,,,Yes
TKT-04804,Access/Login,Medium,Resolved,HR,Vikram Joshi,2023-07-30 14:03:23,2023-07-31 06:03:23,16.0,No,Yes
TKT-04805,Hardware,High,Resolved,Marketing,Suresh Kumar,2024-03-18 21:31:08,2024-03-19 04:31:08,7.0,No,No
TKT-04806,Network,High,Resolved,Legal,Priya Singh,2023-06-29 02:49:26,2023-06-30 00:49:26,22.0,No,No
TKT-04807,Network,Medium,Closed,Marketing,Rohit Verma,2024-03-02 19:40:27,2024-03-05 07:40:27,60.0,Yes,Yes
TKT-04808,Network,Medium,Resolved,IT,Suresh Kumar,2024-01-31 09:39:52,2024-02-01 02:39:52,17.0,No,No
TKT-04809,Printer,Medium,Resolved,Sales,Priya Singh,2024-11-23 06:24:42,2024-11-25 06:24:42,48.0,No,Yes
TKT-04810,Printer,Medium,Resolved,Marketing,Rohit Verma,2023-01-28 05:21:24,2023-01-29 22:21:24,41.0,No,Yes
TKT-04811,Printer,Low,Resolved,Legal,Anjali Mehta,2023-04-12 21:19:19,2023-04-13 15:19:19,18.0,No,No
TKT-04812,Email,Medium,Closed,HR,Amit Sharma,2023-12-18 11:42:18,2023-12-19 06:42:18,19.0,No,No
TKT-04813,Access/Login,High,Closed,Finance,Neha Gupta,2024-05-09 01:00:42,2024-05-09 10:00:42,9.0,No,No
TKT-04814,Network,Medium,Closed,Marketing,Rohit Verma,2024-05-22 02:44:21,2024-05-23 12:44:21,34.0,No,No
TKT-04815,Hardware,Medium,Closed,Sales,Amit Sharma,2023-05-18 03:07:19,2023-05-20 09:07:19,54.0,Yes,No
TKT-04816,Access/Login,Critical,Resolved,Marketing,Priya Singh,2024-09-10 13:10:08,2024-09-10 14:10:08,1.0,No,No
TKT-04817,Printer,Low,Resolved,Legal,Priya Singh,2024-09-09 19:38:42,2024-09-12 00:38:42,53.0,No,No
TKT-04818,Software,Medium,Closed,Legal,Priya Singh,2023-03-27 07:52:28,2023-03-29 04:52:28,45.0,No,No
TKT-04819,Printer,Medium,Resolved,Legal,Vikram Joshi,2024-04-28 18:49:00,2024-04-29 22:49:00,28.0,No,Yes
TKT-04820,Hardware,Medium,Closed,Sales,Amit Sharma,2023-04-19 20:44:55,2023-04-21 15:44:55,43.0,No,No
TKT-04821,Printer,Low,Closed,Operations,Priya Singh,2024-10-14 17:45:50,2024-10-15 06:45:50,13.0,No,No
TKT-04822,Hardware,Medium,Closed,Legal,Suresh Kumar,2024-06-03 05:43:19,2024-06-05 11:43:19,54.0,Yes,No
TKT-04823,Email,Low,Closed,HR,Neha Gupta,2023-07-27 10:48:55,2023-07-30 23:48:55,85.0,Yes,No
TKT-04824,Network,Medium,Resolved,Operations,Anjali Mehta,2024-07-31 17:10:07,2024-08-02 20:10:07,51.0,Yes,No
TKT-04825,Access/Login,Medium,Closed,Marketing,Rohit Verma,2024-08-20 11:46:09,2024-08-22 20:46:09,57.0,Yes,No
TKT-04826,Email,Low,Open,IT,Amit Sharma,2024-01-22 19:42:42,,,,No
TKT-04827,Hardware,Medium,Resolved,Legal,Amit Sharma,2023-08-03 12:02:42,2023-08-05 03:02:42,39.0,No,No
TKT-04828,Access/Login,Low,In Progress,Finance,Neha Gupta,2023-12-07 13:07:20,,,,No
TKT-04829,Access/Login,Low,Resolved,Legal,Anjali Mehta,2024-02-01 14:27:34,2024-02-04 01:27:34,59.0,No,No
TKT-04830,Hardware,Medium,Closed,Legal,Amit Sharma,2023-01-23 05:41:23,2023-01-23 11:41:23,6.0,No,No
TKT-04831,Access/Login,High,Closed,HR,Suresh Kumar,2024-05-14 13:53:38,2024-05-15 09:53:38,20.0,No,No
TKT-04832,Email,Low,Resolved,HR,Vikram Joshi,2024-09-29 16:08:43,2024-10-01 03:08:43,35.0,No,Yes
TKT-04833,Printer,Low,Resolved,Legal,Vikram Joshi,2024-08-26 23:29:20,2024-08-30 04:29:20,77.0,Yes,No
TKT-04834,Access/Login,High,Resolved,Marketing,Suresh Kumar,2024-02-09 04:33:03,2024-02-10 04:33:03,24.0,No,No
TKT-04835,Email,Low,In Progress,HR,Suresh Kumar,2024-10-17 21:27:57,,,,No
TKT-04836,Access/Login,Medium,Resolved,IT,Neha Gupta,2023-01-10 17:57:00,2023-01-12 14:57:00,45.0,No,No
TKT-04837,Network,Medium,Closed,Marketing,Amit Sharma,2024-09-20 14:05:22,2024-09-22 23:05:22,57.0,Yes,No
TKT-04838,Hardware,Medium,Open,Legal,Amit Sharma,2024-08-27 15:01:03,,,,No
TKT-04839,Printer,High,In Progress,Marketing,Neha Gupta,2024-07-29 06:38:25,,,,No
TKT-04840,Software,Medium,Resolved,Sales,Amit Sharma,2023-09-13 03:28:52,2023-09-14 13:28:52,34.0,No,No
TKT-04841,Printer,Medium,Closed,Finance,Rohit Verma,2024-07-29 21:14:58,2024-07-30 09:14:58,12.0,No,No
TKT-04842,Printer,Low,Closed,Sales,Suresh Kumar,2023-12-21 18:18:09,2023-12-24 13:18:09,67.0,No,No
TKT-04843,Email,Low,Open,Operations,Suresh Kumar,2023-02-14 12:19:52,,,,No
TKT-04844,Software,Medium,Resolved,Operations,Suresh Kumar,2023-02-08 09:43:55,2023-02-09 20:43:55,35.0,No,No
TKT-04845,Software,Medium,Closed,Legal,Amit Sharma,2023-08-04 22:27:05,2023-08-05 15:27:05,17.0,No,No
TKT-04846,Network,Medium,Closed,Finance,Neha Gupta,2024-06-26 20:21:30,2024-06-27 08:21:30,12.0,No,No
TKT-04847,Email,Medium,Closed,Finance,Priya Singh,2024-07-14 15:25:57,2024-07-15 11:25:57,20.0,No,Yes
TKT-04848,Software,Medium,Resolved,Operations,Neha Gupta,2024-11-26 19:55:33,2024-11-27 13:55:33,18.0,No,No
TKT-04849,Printer,Medium,Resolved,Legal,Anjali Mehta,2023-10-08 20:28:11,2023-10-10 00:28:11,28.0,No,Yes
TKT-04850,Network,High,Resolved,Marketing,Priya Singh,2023-01-19 00:46:26,2023-01-19 21:46:26,21.0,No,No
TKT-04851,Email,Critical,Resolved,Operations,Amit Sharma,2024-05-09 08:58:11,2024-05-09 11:58:11,3.0,No,No
TKT-04852,Access/Login,Medium,Closed,Finance,Rohit Verma,2023-10-30 01:06:54,2023-10-30 13:06:54,12.0,No,No
TKT-04853,Email,Critical,Open,Finance,Suresh Kumar,2023-02-28 11:03:32,,,,No
TKT-04854,Email,Medium,In Progress,HR,Vikram Joshi,2024-10-25 08:39:36,,,,No
TKT-04855,Printer,High,Open,Sales,Vikram Joshi,2024-11-25 07:47:00,,,,No
TKT-04856,Printer,Medium,Closed,Legal,Vikram Joshi,2024-08-08 14:05:29,2024-08-09 00:05:29,10.0,No,No
TKT-04857,Software,Low,Resolved,Sales,Priya Singh,2023-12-10 15:16:29,2023-12-12 15:16:29,48.0,No,Yes
TKT-04858,Network,Low,In Progress,HR,Amit Sharma,2023-10-15 23:15:58,,,,Yes
TKT-04859,Email,Low,In Progress,Finance,Amit Sharma,2024-08-20 13:20:57,,,,No
TKT-04860,Printer,High,Resolved,Marketing,Vikram Joshi,2024-01-16 12:43:24,2024-01-17 10:43:24,22.0,No,No
TKT-04861,Access/Login,Low,Closed,Finance,Priya Singh,2024-11-08 14:22:56,2024-11-12 01:22:56,83.0,Yes,No
TKT-04862,Access/Login,High,Closed,HR,Vikram Joshi,2023-04-01 05:27:51,2023-04-01 17:27:51,12.0,No,Yes
TKT-04863,Hardware,Medium,Closed,Finance,Vikram Joshi,2024-08-04 21:15:46,2024-08-06 19:15:46,46.0,No,Yes
TKT-04864,Hardware,Low,Closed,HR,Rohit Verma,2024-04-21 04:38:43,2024-04-22 08:38:43,28.0,No,Yes
TKT-04865,Access/Login,Low,Resolved,Sales,Vikram Joshi,2024-06-14 12:08:55,2024-06-18 00:08:55,84.0,Yes,No
TKT-04866,Hardware,High,Closed,Operations,Suresh Kumar,2024-01-10 05:11:23,2024-01-11 02:11:23,21.0,No,No
TKT-04867,Printer,Low,In Progress,Legal,Vikram Joshi,2024-07-06 18:03:46,,,,Yes
TKT-04868,Access/Login,Critical,Resolved,Operations,Rohit Verma,2023-12-26 00:25:34,2023-12-26 02:25:34,2.0,No,No
TKT-04869,Hardware,Medium,Resolved,Legal,Priya Singh,2024-02-04 14:25:38,2024-02-06 00:25:38,34.0,No,Yes
TKT-04870,Hardware,Medium,Open,Legal,Neha Gupta,2024-02-08 04:54:15,,,,No
TKT-04871,Access/Login,Low,Open,Sales,Rohit Verma,2023-12-21 12:45:35,,,,No
TKT-04872,Software,Critical,Open,Sales,Anjali Mehta,2023-01-17 23:21:38,,,,No
TKT-04873,Printer,Medium,Resolved,Finance,Suresh Kumar,2023-11-12 04:32:32,2023-11-12 09:32:32,5.0,No,Yes
TKT-04874,Access/Login,Low,Resolved,Sales,Neha Gupta,2023-09-05 00:20:54,2023-09-07 11:20:54,59.0,No,No
TKT-04875,Network,High,Resolved,Marketing,Amit Sharma,2024-07-12 06:40:07,2024-07-12 09:40:07,3.0,No,No
TKT-04876,Email,Medium,In Progress,HR,Neha Gupta,2024-07-20 12:06:10,,,,Yes
TKT-04877,Access/Login,Low,Resolved,Sales,Anjali Mehta,2024-01-20 16:06:49,2024-01-21 12:06:49,20.0,No,Yes
TKT-04878,Software,Low,Closed,IT,Rohit Verma,2024-11-03 17:07:47,2024-11-06 06:07:47,61.0,No,Yes
TKT-04879,Hardware,Critical,Resolved,Sales,Anjali Mehta,2023-08-25 08:04:24,2023-08-25 14:04:24,6.0,Yes,No
TKT-04880,Network,Low,Resolved,Finance,Neha Gupta,2023-02-02 04:09:43,2023-02-04 16:09:43,60.0,No,No
TKT-04881,Software,Medium,In Progress,Operations,Vikram Joshi,2024-04-19 08:08:11,,,,No
TKT-04882,Printer,High,Resolved,HR,Neha Gupta,2024-10-20 13:00:59,2024-10-21 12:00:59,23.0,No,Yes
TKT-04883,Printer,Medium,Resolved,HR,Anjali Mehta,2023-09-20 16:20:02,2023-09-21 08:20:02,16.0,No,No
TKT-04884,Email,Low,Resolved,Operations,Vikram Joshi,2024-09-16 16:12:01,2024-09-17 16:12:01,24.0,No,No
TKT-04885,Printer,Low,Closed,Operations,Rohit Verma,2023-05-18 01:18:57,2023-05-21 03:18:57,74.0,Yes,No
TKT-04886,Network,Low,Resolved,Legal,Suresh Kumar,2024-12-05 08:14:04,2024-12-07 16:14:04,56.0,No,No
TKT-04887,Email,Medium,Closed,Sales,Vikram Joshi,2024-09-27 13:53:32,2024-09-28 20:53:32,31.0,No,No
TKT-04888,Hardware,Critical,Open,Legal,Anjali Mehta,2024-10-18 15:16:08,,,,No
TKT-04889,Hardware,Low,Closed,Operations,Anjali Mehta,2023-09-29 02:28:15,2023-10-01 02:28:15,48.0,No,No
TKT-04890,Email,Critical,Closed,Operations,Neha Gupta,2024-06-12 09:31:15,2024-06-12 14:31:15,5.0,Yes,No
TKT-04891,Email,Low,Closed,IT,Priya Singh,2024-08-27 01:39:18,2024-08-30 15:39:18,86.0,Yes,No
TKT-04892,Access/Login,High,Resolved,Operations,Amit Sharma,2023-07-30 18:36:42,2023-07-31 04:36:42,10.0,No,Yes
TKT-04893,Hardware,Critical,In Progress,Finance,Vikram Joshi,2024-06-03 21:43:19,,,,No
TKT-04894,Printer,Low,Resolved,Finance,Amit Sharma,2024-12-09 00:36:29,2024-12-12 04:36:29,76.0,Yes,No
TKT-04895,Software,Low,Resolved,Operations,Vikram Joshi,2023-07-15 22:41:21,2023-07-17 05:41:21,31.0,No,Yes
TKT-04896,Email,Low,Closed,HR,Anjali Mehta,2024-10-16 06:43:22,2024-10-17 08:43:22,26.0,No,No
TKT-04897,Access/Login,Low,Resolved,Legal,Amit Sharma,2023-04-29 10:50:38,2023-05-03 04:50:38,90.0,Yes,Yes
TKT-04898,Hardware,Critical,Resolved,Legal,Vikram Joshi,2023-07-06 11:44:31,2023-07-06 20:44:31,9.0,Yes,No
TKT-04899,Access/Login,Medium,Resolved,IT,Neha Gupta,2024-12-07 17:44:00,2024-12-07 23:44:00,6.0,No,Yes
TKT-04900,Email,Critical,Resolved,Marketing,Anjali Mehta,2024-09-01 05:14:29,2024-09-01 13:14:29,8.0,Yes,Yes
TKT-04901,Printer,High,Open,Marketing,Neha Gupta,2024-08-20 17:14:11,,,,No
TKT-04902,Printer,High,Open,IT,Vikram Joshi,2023-11-05 20:07:31,,,,Yes
TKT-04903,Printer,Medium,Closed,Legal,Anjali Mehta,2024-11-18 08:54:41,2024-11-18 14:54:41,6.0,No,No
TKT-04904,Printer,Low,Closed,Legal,Amit Sharma,2024-02-27 12:27:17,2024-02-28 00:27:17,12.0,No,No
TKT-04905,Printer,High,In Progress,Finance,Rohit Verma,2024-07-30 07:51:59,,,,No
TKT-04906,Network,Low,Resolved,HR,Neha Gupta,2024-11-28 16:05:54,2024-12-01 22:05:54,78.0,Yes,No
TKT-04907,Email,Low,In Progress,IT,Vikram Joshi,2024-06-29 00:00:11,,,,Yes
TKT-04908,Printer,Low,Closed,HR,Vikram Joshi,2023-02-04 10:04:17,2023-02-07 18:04:17,80.0,Yes,Yes
TKT-04909,Email,Low,Resolved,Finance,Anjali Mehta,2024-08-01 15:13:42,2024-08-05 09:13:42,90.0,Yes,No
TKT-04910,Email,Medium,Closed,IT,Anjali Mehta,2024-03-22 15:52:23,2024-03-23 13:52:23,22.0,No,No
TKT-04911,Network,Critical,Resolved,Marketing,Priya Singh,2024-03-27 08:25:09,2024-03-27 18:25:09,10.0,Yes,No
TKT-04912,Network,Medium,Resolved,HR,Anjali Mehta,2023-09-06 01:02:33,2023-09-08 01:02:33,48.0,No,No
TKT-04913,Software,Medium,Closed,Sales,Priya Singh,2023-03-25 15:12:31,2023-03-27 17:12:31,50.0,Yes,Yes
TKT-04914,Network,Low,Resolved,Legal,Anjali Mehta,2024-10-02 19:14:14,2024-10-03 05:14:14,10.0,No,No
TKT-04915,Hardware,High,Closed,Legal,Rohit Verma,2024-02-06 12:25:14,2024-02-07 11:25:14,23.0,No,No
TKT-04916,Email,Medium,In Progress,Finance,Vikram Joshi,2024-05-31 07:12:02,,,,No
TKT-04917,Access/Login,High,Resolved,Legal,Amit Sharma,2024-01-17 07:22:45,2024-01-17 09:22:45,2.0,No,No
TKT-04918,Email,Medium,Closed,Legal,Rohit Verma,2023-05-12 02:37:26,2023-05-13 00:37:26,22.0,No,No
TKT-04919,Network,High,Resolved,Sales,Suresh Kumar,2023-12-19 10:04:29,2023-12-19 15:04:29,5.0,No,No
TKT-04920,Software,High,Closed,Operations,Amit Sharma,2023-02-28 13:12:22,2023-02-28 18:12:22,5.0,No,No
TKT-04921,Access/Login,Low,Closed,HR,Anjali Mehta,2024-09-05 15:43:38,2024-09-06 13:43:38,22.0,No,No
TKT-04922,Access/Login,Medium,Resolved,Finance,Vikram Joshi,2023-01-09 03:29:25,2023-01-09 22:29:25,19.0,No,No
TKT-04923,Printer,Medium,In Progress,Sales,Anjali Mehta,2023-02-12 13:26:48,,,,Yes
TKT-04924,Software,Medium,In Progress,Finance,Priya Singh,2024-03-09 07:49:55,,,,Yes
TKT-04925,Printer,Medium,Closed,Legal,Neha Gupta,2024-07-25 10:41:20,2024-07-27 12:41:20,50.0,Yes,No
TKT-04926,Software,Medium,Closed,Finance,Suresh Kumar,2024-11-30 00:48:00,2024-12-01 09:48:00,33.0,No,Yes
TKT-04927,Email,Medium,Closed,Finance,Rohit Verma,2024-01-29 11:25:28,2024-01-31 11:25:28,48.0,No,No
TKT-04928,Software,Critical,Resolved,Finance,Neha Gupta,2024-03-08 06:46:42,2024-03-08 10:46:42,4.0,No,No
TKT-04929,Access/Login,High,Resolved,HR,Rohit Verma,2024-10-23 15:48:01,2024-10-23 23:48:01,8.0,No,No
TKT-04930,Hardware,High,In Progress,Operations,Neha Gupta,2024-06-01 11:37:30,,,,Yes
TKT-04931,Printer,High,Closed,Operations,Rohit Verma,2024-12-11 05:29:15,2024-12-11 14:29:15,9.0,No,No
TKT-04932,Hardware,Medium,Resolved,Marketing,Neha Gupta,2023-01-16 22:12:06,2023-01-18 14:12:06,40.0,No,No
TKT-04933,Printer,Low,Resolved,HR,Suresh Kumar,2024-03-06 21:39:43,2024-03-08 02:39:43,29.0,No,No
TKT-04934,Hardware,Medium,Resolved,Finance,Suresh Kumar,2023-04-16 01:48:00,2023-04-17 09:48:00,32.0,No,Yes
TKT-04935,Printer,Medium,Closed,Marketing,Vikram Joshi,2024-05-29 03:56:58,2024-05-29 20:56:58,17.0,No,No
TKT-04936,Network,Medium,Closed,Legal,Vikram Joshi,2023-06-04 05:54:29,2023-06-04 23:54:29,18.0,No,Yes
TKT-04937,Hardware,Low,Closed,Marketing,Neha Gupta,2024-10-22 17:33:49,2024-10-24 11:33:49,42.0,No,No
TKT-04938,Network,Medium,Resolved,IT,Rohit Verma,2024-02-05 17:44:55,2024-02-08 05:44:55,60.0,Yes,No
TKT-04939,Network,High,Resolved,HR,Anjali Mehta,2023-02-18 20:47:15,2023-02-19 04:47:15,8.0,No,Yes
TKT-04940,Software,Medium,Resolved,Marketing,Neha Gupta,2023-07-10 00:18:39,2023-07-11 00:18:39,24.0,No,No
TKT-04941,Printer,Medium,In Progress,Finance,Anjali Mehta,2024-06-15 17:28:21,,,,Yes
TKT-04942,Network,Medium,Open,Marketing,Neha Gupta,2023-12-31 06:53:07,,,,Yes
TKT-04943,Access/Login,High,Resolved,Operations,Vikram Joshi,2024-04-15 07:52:13,2024-04-16 02:52:13,19.0,No,No
TKT-04944,Email,Medium,Closed,Legal,Vikram Joshi,2024-07-07 07:42:26,2024-07-08 19:42:26,36.0,No,Yes
TKT-04945,Printer,Medium,Resolved,HR,Priya Singh,2023-12-10 17:28:43,2023-12-12 04:28:43,35.0,No,Yes
TKT-04946,Software,High,Closed,HR,Suresh Kumar,2024-12-03 03:58:59,2024-12-04 00:58:59,21.0,No,No
TKT-04947,Printer,Medium,Resolved,Sales,Suresh Kumar,2023-06-28 18:34:15,2023-06-29 13:34:15,19.0,No,No
TKT-04948,Network,Low,Resolved,Sales,Anjali Mehta,2024-04-15 07:12:59,2024-04-18 09:12:59,74.0,Yes,No
TKT-04949,Printer,High,Resolved,Marketing,Priya Singh,2024-01-22 03:07:48,2024-01-22 22:07:48,19.0,No,No
TKT-04950,Printer,Low,In Progress,Operations,Anjali Mehta,2023-10-23 20:43:18,,,,No
TKT-04951,Software,Medium,Closed,Sales,Neha Gupta,2024-08-09 05:43:50,2024-08-10 18:43:50,37.0,No,No
TKT-04952,Software,Critical,Resolved,Operations,Anjali Mehta,2023-04-09 16:12:52,2023-04-09 23:12:52,7.0,Yes,Yes
TKT-04953,Printer,Low,Resolved,Sales,Vikram Joshi,2023-09-28 23:23:36,2023-10-01 00:23:36,49.0,No,No
TKT-04954,Email,Low,Resolved,Operations,Rohit Verma,2023-05-17 03:31:05,2023-05-18 21:31:05,42.0,No,No
TKT-04955,Email,Medium,Resolved,IT,Amit Sharma,2023-01-17 22:33:55,2023-01-18 06:33:55,8.0,No,No
TKT-04956,Printer,Low,Resolved,IT,Suresh Kumar,2024-02-16 03:23:31,2024-02-18 00:23:31,45.0,No,No
TKT-04957,Network,Medium,Resolved,Sales,Vikram Joshi,2024-04-07 23:10:51,2024-04-09 23:10:51,48.0,No,Yes
TKT-04958,Network,Critical,Open,IT,Vikram Joshi,2023-04-22 16:28:33,,,,Yes
TKT-04959,Access/Login,Medium,In Progress,Legal,Suresh Kumar,2023-06-30 23:55:46,,,,No
TKT-04960,Printer,High,Closed,Legal,Amit Sharma,2023-10-04 16:36:02,2023-10-04 19:36:02,3.0,No,No
TKT-04961,Software,Medium,Resolved,Sales,Amit Sharma,2023-05-20 13:08:50,2023-05-21 13:08:50,24.0,No,Yes
TKT-04962,Hardware,High,Resolved,HR,Anjali Mehta,2024-09-13 08:53:42,2024-09-14 07:53:42,23.0,No,No
TKT-04963,Email,Medium,Open,Sales,Amit Sharma,2024-03-24 03:30:13,,,,Yes
TKT-04964,Access/Login,Medium,Resolved,IT,Rohit Verma,2023-06-20 19:33:08,2023-06-21 09:33:08,14.0,No,No
TKT-04965,Network,Medium,In Progress,IT,Amit Sharma,2023-10-21 17:12:21,,,,Yes
TKT-04966,Access/Login,Low,Open,HR,Suresh Kumar,2023-08-19 22:01:22,,,,Yes
TKT-04967,Software,Low,Resolved,Legal,Amit Sharma,2023-12-26 15:09:48,2023-12-28 13:09:48,46.0,No,No
TKT-04968,Hardware,Medium,Resolved,Legal,Neha Gupta,2024-03-01 20:06:49,2024-03-04 02:06:49,54.0,Yes,No
TKT-04969,Email,High,Closed,Sales,Suresh Kumar,2024-02-23 16:06:13,2024-02-24 00:06:13,8.0,No,No
TKT-04970,Network,High,Resolved,HR,Vikram Joshi,2024-03-31 04:19:23,2024-04-01 01:19:23,21.0,No,Yes
TKT-04971,Printer,Medium,Closed,Finance,Rohit Verma,2023-09-18 19:34:07,2023-09-21 05:34:07,58.0,Yes,No
TKT-04972,Network,Medium,Resolved,Operations,Amit Sharma,2023-10-27 04:06:54,2023-10-29 04:06:54,48.0,No,No
TKT-04973,Hardware,Medium,Closed,Sales,Priya Singh,2024-09-26 17:55:30,2024-09-27 13:55:30,20.0,No,No
TKT-04974,Network,Medium,Open,HR,Suresh Kumar,2024-01-14 00:31:02,,,,Yes
TKT-04975,Email,Low,Open,HR,Amit Sharma,2023-08-03 17:49:42,,,,No
TKT-04976,Network,Low,Open,Sales,Neha Gupta,2023-09-15 05:15:25,,,,No
TKT-04977,Software,Medium,Resolved,Marketing,Anjali Mehta,2023-07-20 13:51:03,2023-07-21 07:51:03,18.0,No,No
TKT-04978,Network,Low,Closed,HR,Suresh Kumar,2024-09-03 09:33:34,2024-09-03 22:33:34,13.0,No,No
TKT-04979,Access/Login,Low,Resolved,Marketing,Neha Gupta,2023-09-18 23:22:48,2023-09-22 11:22:48,84.0,Yes,No
TKT-04980,Network,High,Resolved,Marketing,Rohit Verma,2023-05-03 19:08:28,2023-05-04 17:08:28,22.0,No,No
TKT-04981,Access/Login,Medium,In Progress,Marketing,Vikram Joshi,2023-08-26 08:48:57,,,,Yes
TKT-04982,Network,Medium,Resolved,IT,Amit Sharma,2024-04-20 05:34:26,2024-04-22 15:34:26,58.0,Yes,Yes
TKT-04983,Printer,Medium,Closed,Operations,Anjali Mehta,2023-08-25 01:27:49,2023-08-26 01:27:49,24.0,No,No
TKT-04984,Access/Login,High,Resolved,Sales,Vikram Joshi,2024-03-23 23:03:28,2024-03-24 07:03:28,8.0,No,Yes
TKT-04985,Network,Medium,Resolved,Operations,Priya Singh,2023-12-04 15:45:22,2023-12-05 19:45:22,28.0,No,No
TKT-04986,Hardware,Low,Closed,Legal,Vikram Joshi,2024-01-08 02:53:13,2024-01-10 03:53:13,49.0,No,No
TKT-04987,Software,Low,Closed,Operations,Priya Singh,2023-07-01 17:58:46,2023-07-03 23:58:46,54.0,No,Yes
TKT-04988,Printer,High,Closed,Marketing,Priya Singh,2024-07-02 00:44:32,2024-07-02 02:44:32,2.0,No,No
TKT-04989,Hardware,Critical,Resolved,HR,Vikram Joshi,2024-03-25 19:25:50,2024-03-26 04:25:50,9.0,Yes,No
TKT-04990,Hardware,Medium,Open,Marketing,Vikram Joshi,2024-01-23 03:49:32,,,,No
TKT-04991,Network,High,Open,Finance,Rohit Verma,2024-05-05 10:19:33,,,,Yes
TKT-04992,Access/Login,Medium,Resolved,Legal,Rohit Verma,2024-12-24 17:47:25,2024-12-25 22:47:25,29.0,No,No
TKT-04993,Software,Low,Resolved,Legal,Amit Sharma,2023-09-05 04:24:41,2023-09-05 20:24:41,16.0,No,No
TKT-04994,Email,Medium,Closed,Finance,Neha Gupta,2023-11-28 12:26:53,2023-11-30 03:26:53,39.0,No,No
TKT-04995,Printer,Medium,Resolved,Sales,Vikram Joshi,2024-06-15 21:42:40,2024-06-17 09:42:40,36.0,No,Yes
TKT-04996,Software,High,Open,Operations,Rohit Verma,2024-10-18 23:43:14,,,,No
TKT-04997,Hardware,Medium,Resolved,HR,Vikram Joshi,2023-01-05 21:11:17,2023-01-06 03:11:17,6.0,No,No
TKT-04998,Network,Low,In Progress,Marketing,Priya Singh,2024-02-05 23:45:58,,,,No
TKT-04999,Access/Login,Low,Open,Operations,Vikram Joshi,2024-09-19 07:32:15,,,,No
TKT-05000,Access/Login,Low,Closed,IT,Priya Singh,2024-11-05 18:55:27,2024-11-08 02:55:27,56.0,No,No
TKT-05001,Printer,Medium,Resolved,Marketing,Neha Gupta,2023-06-04 04:14:50,2023-06-04 22:14:50,18.0,No,Yes
TKT-05002,Hardware,Medium,Resolved,Marketing,Anjali Mehta,2024-07-17 04:54:40,2024-07-18 04:54:40,24.0,No,No
TKT-05003,Email,Critical,Resolved,Sales,Priya Singh,2024-09-23 19:52:20,2024-09-24 01:52:20,6.0,Yes,No
TKT-05004,Software,Medium,Resolved,HR,Vikram Joshi,2024-01-31 10:15:50,2024-02-02 04:15:50,42.0,No,No
TKT-05005,Access/Login,High,Resolved,Legal,Rohit Verma,2023-10-30 11:12:34,2023-10-31 12:12:34,25.0,Yes,No
TKT-05006,Printer,Medium,Open,Marketing,Suresh Kumar,2023-10-12 10:56:22,,,,No
TKT-05007,Printer,Low,Closed,Sales,Anjali Mehta,2023-07-24 15:27:31,2023-07-25 19:27:31,28.0,No,No
TKT-05008,Email,Low,Open,Marketing,Rohit Verma,2023-01-01 15:11:26,,,,Yes
TKT-05009,Software,Medium,Closed,Finance,Neha Gupta,2024-10-16 13:42:05,2024-10-17 00:42:05,11.0,No,No
TKT-05010,Network,High,Closed,Sales,Amit Sharma,2024-07-06 07:14:22,2024-07-06 21:14:22,14.0,No,Yes
TKT-05011,Printer,Medium,Resolved,Operations,Neha Gupta,2023-02-14 17:46:31,2023-02-16 06:46:31,37.0,No,No
TKT-05012,Hardware,Medium,In Progress,Marketing,Vikram Joshi,2023-01-30 03:52:13,,,,No
TKT-05013,Software,Low,Closed,Sales,Anjali Mehta,2024-05-03 05:51:16,2024-05-05 10:51:16,53.0,No,No
TKT-05014,Email,Critical,In Progress,IT,Vikram Joshi,2023-03-20 01:43:39,,,,No
TKT-05015,Software,Low,Resolved,Marketing,Rohit Verma,2023-10-24 19:28:24,2023-10-26 08:28:24,37.0,No,No
TKT-05016,Software,High,Resolved,IT,Suresh Kumar,2023-01-27 03:02:18,2023-01-27 18:02:18,15.0,No,No
TKT-05017,Software,Low,In Progress,HR,Amit Sharma,2023-03-27 10:16:19,,,,No
TKT-05018,Access/Login,Medium,Resolved,Sales,Priya Singh,2023-07-04 10:58:54,2023-07-06 07:58:54,45.0,No,No
TKT-05019,Access/Login,Critical,Closed,Legal,Neha Gupta,2024-04-13 06:24:27,2024-04-13 14:24:27,8.0,Yes,Yes
TKT-05020,Hardware,Medium,Resolved,Finance,Amit Sharma,2023-12-17 17:39:04,2023-12-18 20:39:04,27.0,No,Yes
TKT-05021,Email,Medium,Resolved,Operations,Neha Gupta,2023-11-22 22:09:09,2023-11-23 04:09:09,6.0,No,No
TKT-05022,Network,Low,Closed,Legal,Priya Singh,2023-11-26 17:05:09,2023-11-29 14:05:09,69.0,No,Yes
TKT-05023,Hardware,Critical,Closed,Finance,Rohit Verma,2024-08-10 15:53:08,2024-08-11 00:53:08,9.0,Yes,Yes
TKT-05024,Network,Low,In Progress,Finance,Anjali Mehta,2023-06-10 16:15:11,,,,Yes
TKT-05025,Printer,High,Closed,Operations,Priya Singh,2023-07-23 16:39:40,2023-07-24 16:39:40,24.0,No,Yes
TKT-05026,Hardware,Medium,Resolved,Finance,Amit Sharma,2024-04-19 20:10:18,2024-04-21 18:10:18,46.0,No,No
TKT-05027,Hardware,High,In Progress,HR,Suresh Kumar,2023-06-26 07:20:10,,,,No
TKT-05028,Network,Low,Closed,Marketing,Anjali Mehta,2023-11-15 08:16:15,2023-11-17 11:16:15,51.0,No,No
TKT-05029,Software,Low,Resolved,Sales,Vikram Joshi,2024-02-25 23:17:06,2024-02-29 16:17:06,89.0,Yes,Yes
TKT-05030,Email,High,In Progress,HR,Neha Gupta,2024-04-19 18:17:52,,,,No
TKT-05031,Hardware,Low,Resolved,Legal,Suresh Kumar,2023-12-14 14:41:52,2023-12-17 19:41:52,77.0,Yes,No
TKT-05032,Hardware,High,Resolved,HR,Neha Gupta,2023-03-10 15:36:28,2023-03-10 22:36:28,7.0,No,No
TKT-05033,Hardware,Critical,In Progress,HR,Neha Gupta,2023-12-20 05:37:48,,,,No
TKT-05034,Access/Login,Medium,Closed,Legal,Neha Gupta,2023-10-11 08:36:25,2023-10-12 10:36:25,26.0,No,No
TKT-05035,Network,Critical,Resolved,Sales,Suresh Kumar,2023-10-07 06:35:07,2023-10-07 07:35:07,1.0,No,Yes
TKT-05036,Network,Medium,In Progress,Finance,Priya Singh,2024-02-20 05:54:03,,,,No
TKT-05037,Printer,Medium,Resolved,Operations,Neha Gupta,2023-03-16 17:43:31,2023-03-17 04:43:31,11.0,No,No
TKT-05038,Network,High,Resolved,Sales,Vikram Joshi,2023-01-11 21:33:50,2023-01-12 16:33:50,19.0,No,No
TKT-05039,Printer,Medium,Resolved,Marketing,Rohit Verma,2023-04-15 02:28:39,2023-04-15 16:28:39,14.0,No,Yes
TKT-05040,Access/Login,Low,Resolved,Sales,Suresh Kumar,2023-02-14 15:53:34,2023-02-16 02:53:34,35.0,No,No
TKT-05041,Hardware,Medium,Open,Marketing,Vikram Joshi,2024-03-08 23:46:44,,,,No
TKT-05042,Access/Login,Medium,Closed,Marketing,Anjali Mehta,2023-04-19 14:13:05,2023-04-21 07:13:05,41.0,No,No
TKT-05043,Email,Medium,Resolved,HR,Vikram Joshi,2023-03-08 22:55:37,2023-03-09 06:55:37,8.0,No,No
TKT-05044,Access/Login,Medium,In Progress,Sales,Amit Sharma,2023-10-22 22:28:01,,,,Yes
TKT-05045,Printer,Medium,Closed,Sales,Priya Singh,2023-03-01 12:18:40,2023-03-02 23:18:40,35.0,No,No
TKT-05046,Software,Low,Resolved,Legal,Amit Sharma,2024-02-21 03:21:17,2024-02-23 20:21:17,65.0,No,No
TKT-05047,Printer,Medium,Closed,Finance,Rohit Verma,2024-05-07 21:16:33,2024-05-09 06:16:33,33.0,No,No
TKT-05048,Network,Medium,Resolved,IT,Anjali Mehta,2024-01-03 23:08:36,2024-01-04 16:08:36,17.0,No,No
TKT-05049,Hardware,High,Open,Sales,Neha Gupta,2023-02-11 20:27:08,,,,Yes
TKT-05050,Software,High,Open,Legal,Vikram Joshi,2023-04-21 04:31:09,,,,No
TKT-05051,Access/Login,Critical,In Progress,Legal,Neha Gupta,2024-03-15 08:26:06,,,,No
TKT-05052,Access/Login,Critical,In Progress,Finance,Vikram Joshi,2023-10-17 23:29:42,,,,No
TKT-05053,Network,Medium,Closed,Operations,Rohit Verma,2024-03-28 05:48:28,2024-03-28 17:48:28,12.0,No,No
TKT-05054,Software,High,Resolved,Legal,Neha Gupta,2024-04-20 23:40:24,2024-04-21 01:40:24,2.0,No,Yes
TKT-05055,Email,High,Open,Legal,Rohit Verma,2023-09-11 14:03:10,,,,No
TKT-05056,Access/Login,Medium,Resolved,Finance,Amit Sharma,2024-11-06 11:44:21,2024-11-07 09:44:21,22.0,No,No
TKT-05057,Printer,Medium,Closed,Finance,Suresh Kumar,2024-08-28 08:21:25,2024-08-29 09:21:25,25.0,No,No
TKT-05058,Network,Medium,Closed,Legal,Neha Gupta,2023-10-09 03:53:12,2023-10-11 12:53:12,57.0,Yes,No
TKT-05059,Hardware,Medium,Resolved,Sales,Neha Gupta,2023-10-17 23:39:36,2023-10-20 09:39:36,58.0,Yes,No
TKT-05060,Software,High,Resolved,HR,Vikram Joshi,2023-07-02 21:01:04,2023-07-03 17:01:04,20.0,No,Yes
TKT-05061,Printer,High,Resolved,Sales,Rohit Verma,2024-11-23 16:59:10,2024-11-24 11:59:10,19.0,No,Yes
TKT-05062,Hardware,Medium,Closed,Legal,Neha Gupta,2023-04-12 18:27:15,2023-04-14 07:27:15,37.0,No,No
TKT-05063,Access/Login,Low,Resolved,Sales,Neha Gupta,2023-07-12 07:01:36,2023-07-15 07:01:36,72.0,No,No
TKT-05064,Printer,Medium,In Progress,Legal,Suresh Kumar,2024-03-27 10:39:42,,,,No
TKT-05065,Software,Low,Closed,IT,Rohit Verma,2024-05-25 06:57:31,2024-05-26 00:57:31,18.0,No,Yes
TKT-05066,Email,Medium,Resolved,HR,Rohit Verma,2023-04-10 08:35:36,2023-04-12 11:35:36,51.0,Yes,No
TKT-05067,Email,Medium,Resolved,Finance,Anjali Mehta,2023-11-10 08:46:03,2023-11-12 08:46:03,48.0,No,No
TKT-05068,Hardware,Medium,Resolved,Marketing,Priya Singh,2023-05-30 03:59:30,2023-06-01 15:59:30,60.0,Yes,No
TKT-05069,Software,Low,Closed,HR,Amit Sharma,2023-02-16 00:12:24,2023-02-18 21:12:24,69.0,No,No
TKT-05070,Software,High,Resolved,Marketing,Amit Sharma,2024-07-20 10:20:11,2024-07-20 20:20:11,10.0,No,Yes
TKT-05071,Network,Critical,Resolved,IT,Vikram Joshi,2024-09-04 09:36:12,2024-09-04 14:36:12,5.0,Yes,No
TKT-05072,Hardware,High,Resolved,Marketing,Neha Gupta,2024-04-22 23:11:36,2024-04-23 10:11:36,11.0,No,No
TKT-05073,Access/Login,Medium,Open,Operations,Amit Sharma,2024-10-05 23:25:04,,,,Yes
TKT-05074,Network,Medium,Resolved,Legal,Vikram Joshi,2023-07-06 10:58:12,2023-07-08 15:58:12,53.0,Yes,No
TKT-05075,Network,High,Closed,IT,Neha Gupta,2024-06-03 21:39:47,2024-06-04 11:39:47,14.0,No,No
TKT-05076,Email,Medium,Resolved,Marketing,Anjali Mehta,2023-12-03 01:54:50,2023-12-05 12:54:50,59.0,Yes,Yes
TKT-05077,Email,Medium,Resolved,Sales,Priya Singh,2023-11-22 19:11:39,2023-11-24 07:11:39,36.0,No,No
TKT-05078,Network,Medium,Closed,IT,Suresh Kumar,2023-09-09 12:08:37,2023-09-11 06:08:37,42.0,No,Yes
TKT-05079,Access/Login,Critical,Resolved,Sales,Anjali Mehta,2024-10-16 15:51:58,2024-10-16 16:51:58,1.0,No,No
TKT-05080,Access/Login,Low,Closed,Sales,Anjali Mehta,2024-07-21 03:47:06,2024-07-21 18:47:06,15.0,No,Yes
TKT-05081,Software,Medium,Closed,Legal,Anjali Mehta,2023-12-30 21:53:58,2024-01-01 19:53:58,46.0,No,Yes
TKT-05082,Printer,Low,Resolved,Legal,Neha Gupta,2024-02-01 19:40:16,2024-02-02 22:40:16,27.0,No,No
TKT-05083,Software,Medium,Resolved,Legal,Vikram Joshi,2023-11-02 07:01:26,2023-11-03 04:01:26,21.0,No,No
TKT-05084,Software,Low,Closed,Operations,Vikram Joshi,2024-08-03 01:04:54,2024-08-04 17:04:54,40.0,No,Yes
TKT-05085,Hardware,Low,Resolved,Legal,Suresh Kumar,2023-05-30 00:43:45,2023-05-31 19:43:45,43.0,No,No
TKT-05086,Network,Low,Closed,Sales,Suresh Kumar,2024-05-29 23:58:55,2024-06-02 00:58:55,73.0,Yes,No
TKT-05087,Printer,Low,Resolved,IT,Amit Sharma,2023-05-09 11:48:19,2023-05-11 16:48:19,53.0,No,No
TKT-05088,Access/Login,Medium,In Progress,Sales,Neha Gupta,2024-01-22 06:22:02,,,,No
TKT-05089,Access/Login,Critical,Open,Finance,Anjali Mehta,2024-04-22 16:27:40,,,,No
TKT-05090,Printer,Low,Resolved,IT,Neha Gupta,2023-01-09 10:58:52,2023-01-13 03:58:52,89.0,Yes,No
TKT-05091,Printer,Critical,Open,Operations,Anjali Mehta,2024-04-12 08:54:49,,,,No
TKT-05092,Access/Login,Medium,Resolved,Marketing,Suresh Kumar,2024-08-31 12:34:20,2024-09-01 13:34:20,25.0,No,Yes
TKT-05093,Hardware,Medium,Closed,Marketing,Suresh Kumar,2023-02-03 06:55:56,2023-02-05 12:55:56,54.0,Yes,No
TKT-05094,Software,Low,Resolved,Operations,Rohit Verma,2024-02-06 03:46:03,2024-02-09 01:46:03,70.0,No,No
TKT-05095,Email,Low,Open,Marketing,Suresh Kumar,2024-06-22 12:14:28,,,,Yes
TKT-05096,Network,High,Resolved,Operations,Neha Gupta,2023-02-05 09:56:07,2023-02-06 02:56:07,17.0,No,Yes
TKT-05097,Printer,High,Open,HR,Amit Sharma,2024-02-20 02:14:13,,,,No
TKT-05098,Hardware,Medium,Resolved,Legal,Suresh Kumar,2024-12-12 23:10:02,2024-12-15 10:10:02,59.0,Yes,No
TKT-05099,Hardware,Low,In Progress,IT,Priya Singh,2024-09-08 17:36:52,,,,Yes
TKT-05100,Printer,Low,Resolved,Sales,Rohit Verma,2024-08-31 02:45:01,2024-09-02 12:45:01,58.0,No,Yes
TKT-05101,Printer,Low,Closed,Finance,Amit Sharma,2023-06-21 06:31:19,2023-06-22 04:31:19,22.0,No,No
TKT-05102,Access/Login,Low,Closed,Operations,Priya Singh,2024-10-31 02:06:57,2024-11-02 09:06:57,55.0,No,No
TKT-05103,Network,Low,Resolved,Finance,Rohit Verma,2023-01-23 02:11:08,2023-01-24 18:11:08,40.0,No,No
TKT-05104,Network,Low,Resolved,IT,Rohit Verma,2024-02-07 14:37:19,2024-02-09 16:37:19,50.0,No,No
TKT-05105,Network,Low,Resolved,Finance,Amit Sharma,2024-01-05 14:00:12,2024-01-06 18:00:12,28.0,No,No
TKT-05106,Software,High,Resolved,IT,Rohit Verma,2024-11-03 23:57:22,2024-11-05 01:57:22,26.0,Yes,Yes
TKT-05107,Software,High,Resolved,Finance,Suresh Kumar,2024-11-04 18:52:03,2024-11-05 14:52:03,20.0,No,No
TKT-05108,Email,High,Resolved,Sales,Rohit Verma,2024-04-03 01:29:34,2024-04-04 04:29:34,27.0,Yes,No
TKT-05109,Hardware,Low,Closed,IT,Neha Gupta,2024-10-25 06:45:51,2024-10-26 04:45:51,22.0,No,No
TKT-05110,Software,Medium,Closed,Finance,Priya Singh,2023-09-08 11:40:32,2023-09-09 22:40:32,35.0,No,No
TKT-05111,Access/Login,Medium,Resolved,IT,Neha Gupta,2024-10-29 09:33:52,2024-10-30 18:33:52,33.0,No,No
TKT-05112,Network,Medium,Resolved,Sales,Rohit Verma,2024-02-02 03:47:27,2024-02-02 14:47:27,11.0,No,No
TKT-05113,Hardware,Low,Resolved,IT,Amit Sharma,2024-07-24 08:22:16,2024-07-26 13:22:16,53.0,No,No
TKT-05114,Software,High,Closed,Legal,Priya Singh,2024-10-29 19:41:19,2024-10-30 02:41:19,7.0,No,No
TKT-05115,Printer,Low,Resolved,HR,Rohit Verma,2024-10-13 17:29:45,2024-10-14 10:29:45,17.0,No,Yes
TKT-05116,Network,High,Resolved,Finance,Suresh Kumar,2023-05-31 05:59:49,2023-05-31 12:59:49,7.0,No,No
TKT-05117,Email,High,Closed,Operations,Anjali Mehta,2023-11-27 06:55:26,2023-11-27 13:55:26,7.0,No,No
TKT-05118,Access/Login,Medium,Resolved,Legal,Suresh Kumar,2024-04-09 17:09:11,2024-04-12 03:09:11,58.0,Yes,No
TKT-05119,Email,High,Resolved,HR,Anjali Mehta,2023-11-10 21:15:39,2023-11-11 03:15:39,6.0,No,No
TKT-05120,Network,Medium,Closed,Legal,Rohit Verma,2024-09-06 19:57:28,2024-09-08 05:57:28,34.0,No,No
TKT-05121,Network,High,Resolved,Marketing,Amit Sharma,2023-10-08 20:23:02,2023-10-09 03:23:02,7.0,No,Yes
TKT-05122,Hardware,High,Closed,Legal,Anjali Mehta,2023-02-06 06:11:20,2023-02-06 10:11:20,4.0,No,No
TKT-05123,Hardware,High,Open,Finance,Neha Gupta,2024-11-27 11:11:55,,,,No
TKT-05124,Network,Low,Open,Marketing,Vikram Joshi,2023-12-31 18:43:10,,,,Yes
TKT-05125,Email,Low,Resolved,Marketing,Vikram Joshi,2023-09-11 02:51:03,2023-09-11 12:51:03,10.0,No,No
TKT-05126,Printer,Low,In Progress,IT,Neha Gupta,2023-10-01 05:38:54,,,,Yes
TKT-05127,Access/Login,Medium,Open,Operations,Neha Gupta,2023-05-11 21:49:33,,,,No
TKT-05128,Hardware,Low,In Progress,Finance,Suresh Kumar,2023-10-23 16:18:22,,,,No
TKT-05129,Hardware,Medium,Open,Marketing,Neha Gupta,2023-07-17 09:31:30,,,,No
TKT-05130,Email,High,Resolved,IT,Neha Gupta,2023-02-23 23:57:06,2023-02-24 13:57:06,14.0,No,No
TKT-05131,Email,Medium,Resolved,Operations,Anjali Mehta,2023-01-19 23:24:11,2023-01-21 09:24:11,34.0,No,No
TKT-05132,Software,Low,Open,Marketing,Priya Singh,2024-03-02 19:20:14,,,,Yes
TKT-05133,Access/Login,Medium,Closed,Legal,Anjali Mehta,2023-10-09 03:52:32,2023-10-11 14:52:32,59.0,Yes,No
TKT-05134,Network,Critical,Closed,Sales,Rohit Verma,2023-10-27 17:38:29,2023-10-27 23:38:29,6.0,Yes,No
TKT-05135,Hardware,Medium,Resolved,Sales,Vikram Joshi,2024-07-05 13:55:26,2024-07-07 22:55:26,57.0,Yes,No
TKT-05136,Hardware,High,Open,IT,Neha Gupta,2023-04-25 07:44:41,,,,No
TKT-05137,Printer,High,Resolved,Operations,Neha Gupta,2023-08-02 16:58:37,2023-08-03 07:58:37,15.0,No,No
TKT-05138,Hardware,High,Closed,Legal,Priya Singh,2024-11-13 08:36:55,2024-11-14 09:36:55,25.0,Yes,No
TKT-05139,Software,Low,Open,Marketing,Rohit Verma,2023-02-06 05:08:07,,,,No
TKT-05140,Hardware,Low,Resolved,Finance,Rohit Verma,2023-04-27 13:30:06,2023-04-28 10:30:06,21.0,No,No
TKT-05141,Network,Medium,Closed,Sales,Vikram Joshi,2024-09-04 17:04:10,2024-09-06 03:04:10,34.0,No,No
TKT-05142,Software,Medium,Resolved,Sales,Amit Sharma,2023-09-04 13:31:32,2023-09-05 03:31:32,14.0,No,No
TKT-05143,Software,Low,Closed,IT,Amit Sharma,2024-08-05 01:47:28,2024-08-08 08:47:28,79.0,Yes,No
TKT-05144,Software,Low,Closed,HR,Amit Sharma,2024-07-07 07:00:16,2024-07-11 00:00:16,89.0,Yes,Yes
TKT-05145,Printer,High,Resolved,Marketing,Priya Singh,2023-09-19 08:57:32,2023-09-19 15:57:32,7.0,No,No
TKT-05146,Printer,Medium,Resolved,Marketing,Anjali Mehta,2024-01-22 08:35:33,2024-01-24 01:35:33,41.0,No,No
TKT-05147,Email,Low,Resolved,IT,Anjali Mehta,2023-09-10 17:53:28,2023-09-14 06:53:28,85.0,Yes,Yes
TKT-05148,Email,Low,Closed,Operations,Priya Singh,2023-05-06 21:31:01,2023-05-08 20:31:01,47.0,No,Yes
TKT-05149,Access/Login,Medium,Resolved,IT,Suresh Kumar,2023-10-24 21:06:55,2023-10-25 21:06:55,24.0,No,No
TKT-05150,Access/Login,Critical,Resolved,Sales,Anjali Mehta,2024-01-24 17:50:44,2024-01-24 18:50:44,1.0,No,No
TKT-05151,Printer,Critical,Closed,Finance,Suresh Kumar,2023-06-29 14:43:20,2023-06-29 20:43:20,6.0,Yes,No
TKT-05152,Printer,Low,Resolved,Operations,Priya Singh,2024-10-27 00:57:59,2024-10-29 04:57:59,52.0,No,Yes
TKT-05153,Software,Medium,Closed,IT,Neha Gupta,2023-06-05 07:25:47,2023-06-07 12:25:47,53.0,Yes,No
TKT-05154,Software,High,Closed,Sales,Neha Gupta,2024-04-22 00:24:21,2024-04-22 09:24:21,9.0,No,No
TKT-05155,Printer,High,Resolved,Operations,Vikram Joshi,2024-11-09 14:57:20,2024-11-09 21:57:20,7.0,No,Yes
TKT-05156,Hardware,High,Resolved,Finance,Priya Singh,2024-06-05 15:00:47,2024-06-06 13:00:47,22.0,No,No
TKT-05157,Access/Login,Medium,Resolved,Sales,Amit Sharma,2024-06-08 06:39:40,2024-06-10 01:39:40,43.0,No,Yes
TKT-05158,Hardware,Medium,In Progress,Legal,Suresh Kumar,2023-12-20 06:03:45,,,,No
TKT-05159,Access/Login,High,Closed,Marketing,Suresh Kumar,2023-07-25 16:50:29,2023-07-25 23:50:29,7.0,No,No
TKT-05160,Network,Medium,In Progress,HR,Vikram Joshi,2024-08-21 01:45:18,,,,No
TKT-05161,Network,Low,In Progress,Operations,Anjali Mehta,2024-07-08 14:29:38,,,,No
TKT-05162,Software,Medium,Resolved,Legal,Suresh Kumar,2023-06-07 01:09:52,2023-06-07 20:09:52,19.0,No,No
TKT-05163,Hardware,Medium,Closed,HR,Neha Gupta,2023-01-14 09:12:57,2023-01-16 13:12:57,52.0,Yes,Yes
TKT-05164,Access/Login,Medium,Resolved,Finance,Anjali Mehta,2024-01-15 14:55:12,2024-01-17 02:55:12,36.0,No,No
TKT-05165,Software,Medium,Closed,Legal,Amit Sharma,2023-11-16 13:57:00,2023-11-18 19:57:00,54.0,Yes,No
TKT-05166,Software,Critical,Resolved,IT,Priya Singh,2023-05-18 14:46:19,2023-05-18 20:46:19,6.0,Yes,No
TKT-05167,Software,Low,Closed,Finance,Suresh Kumar,2023-09-13 21:54:23,2023-09-14 19:54:23,22.0,No,No
TKT-05168,Hardware,Critical,Resolved,Legal,Neha Gupta,2023-03-06 04:40:59,2023-03-06 09:40:59,5.0,Yes,No
TKT-05169,Hardware,Medium,Resolved,Finance,Neha Gupta,2024-12-27 21:29:30,2024-12-28 13:29:30,16.0,No,No
TKT-05170,Email,Medium,Resolved,Finance,Amit Sharma,2023-04-13 04:09:46,2023-04-13 20:09:46,16.0,No,No
TKT-05171,Email,Low,Open,Finance,Amit Sharma,2024-11-06 12:22:52,,,,No
TKT-05172,Access/Login,Critical,Closed,HR,Amit Sharma,2024-02-26 23:35:50,2024-02-27 09:35:50,10.0,Yes,No
TKT-05173,Printer,Critical,Closed,IT,Neha Gupta,2024-06-12 00:07:19,2024-06-12 04:07:19,4.0,No,No
TKT-05174,Software,Critical,Open,Operations,Priya Singh,2024-05-23 07:48:03,,,,No
TKT-05175,Access/Login,Low,In Progress,Sales,Rohit Verma,2024-04-27 16:27:48,,,,Yes
TKT-05176,Hardware,Low,In Progress,HR,Anjali Mehta,2023-04-17 05:11:40,,,,No
TKT-05177,Access/Login,Low,In Progress,HR,Vikram Joshi,2024-05-28 13:46:15,,,,No
TKT-05178,Software,Medium,Closed,Operations,Amit Sharma,2023-06-23 21:12:13,2023-06-26 00:12:13,51.0,Yes,No
TKT-05179,Printer,High,Closed,Finance,Vikram Joshi,2024-07-13 23:16:19,2024-07-14 04:16:19,5.0,No,Yes
TKT-05180,Printer,Medium,Resolved,Legal,Suresh Kumar,2023-03-29 05:02:45,2023-03-29 21:02:45,16.0,No,No
TKT-05181,Email,Low,Closed,Legal,Rohit Verma,2023-07-23 20:27:12,2023-07-25 05:27:12,33.0,No,Yes
TKT-05182,Software,Medium,Closed,HR,Priya Singh,2024-10-17 03:54:03,2024-10-17 22:54:03,19.0,No,No
TKT-05183,Access/Login,Medium,Resolved,Sales,Priya Singh,2024-07-22 22:09:00,2024-07-25 02:09:00,52.0,Yes,No
TKT-05184,Access/Login,Medium,Resolved,Marketing,Vikram Joshi,2024-01-15 18:54:10,2024-01-17 00:54:10,30.0,No,No
TKT-05185,Hardware,Low,Resolved,IT,Vikram Joshi,2024-10-23 17:53:42,2024-10-26 23:53:42,78.0,Yes,No
TKT-05186,Email,Low,Resolved,Sales,Priya Singh,2023-10-06 08:03:59,2023-10-09 10:03:59,74.0,Yes,No
TKT-05187,Software,Medium,Resolved,HR,Priya Singh,2023-01-06 17:52:46,2023-01-07 00:52:46,7.0,No,No
TKT-05188,Network,Low,Closed,Sales,Priya Singh,2023-04-30 14:49:32,2023-05-01 02:49:32,12.0,No,Yes
TKT-05189,Network,High,Resolved,Operations,Rohit Verma,2024-05-26 00:38:26,2024-05-26 23:38:26,23.0,No,Yes
TKT-05190,Hardware,Medium,Closed,HR,Suresh Kumar,2023-10-05 19:18:44,2023-10-07 08:18:44,37.0,No,No
TKT-05191,Email,Low,In Progress,IT,Amit Sharma,2023-03-02 09:46:18,,,,No
TKT-05192,Network,Medium,Closed,HR,Anjali Mehta,2023-05-20 11:03:08,2023-05-22 03:03:08,40.0,No,Yes
TKT-05193,Hardware,Medium,Resolved,Marketing,Rohit Verma,2024-08-11 22:28:14,2024-08-13 00:28:14,26.0,No,Yes
TKT-05194,Network,Medium,Open,HR,Neha Gupta,2024-11-26 10:40:28,,,,No
TKT-05195,Printer,Medium,Resolved,Marketing,Priya Singh,2023-01-30 12:33:59,2023-01-31 04:33:59,16.0,No,No
TKT-05196,Hardware,High,Closed,Finance,Priya Singh,2024-08-02 15:33:06,2024-08-02 20:33:06,5.0,No,No
TKT-05197,Software,Low,Resolved,HR,Neha Gupta,2024-12-28 04:48:39,2024-12-29 15:48:39,35.0,No,Yes
TKT-05198,Hardware,Low,Closed,HR,Rohit Verma,2023-05-05 20:12:52,2023-05-06 09:12:52,13.0,No,No
TKT-05199,Access/Login,Medium,Resolved,IT,Anjali Mehta,2023-07-10 07:28:18,2023-07-12 18:28:18,59.0,Yes,No
TKT-05200,Printer,Low,Resolved,IT,Rohit Verma,2023-03-24 13:14:05,2023-03-27 20:14:05,79.0,Yes,No
TKT-05201,Email,Medium,Closed,IT,Priya Singh,2024-07-27 14:08:28,2024-07-29 13:08:28,47.0,No,Yes
TKT-05202,Network,High,Resolved,Marketing,Suresh Kumar,2024-12-03 03:09:55,2024-12-04 01:09:55,22.0,No,No
TKT-05203,Email,Medium,In Progress,Operations,Anjali Mehta,2024-11-09 11:37:12,,,,Yes
TKT-05204,Hardware,Low,Closed,Legal,Rohit Verma,2024-10-16 17:29:15,2024-10-18 21:29:15,52.0,No,No
TKT-05205,Printer,Medium,Resolved,HR,Suresh Kumar,2023-09-22 20:10:32,2023-09-23 09:10:32,13.0,No,No
TKT-05206,Access/Login,High,Resolved,HR,Suresh Kumar,2024-02-05 10:20:39,2024-02-05 15:20:39,5.0,No,No
TKT-05207,Access/Login,Medium,Resolved,IT,Vikram Joshi,2023-08-27 22:31:54,2023-08-30 03:31:54,53.0,Yes,Yes
TKT-05208,Software,High,Closed,Operations,Amit Sharma,2023-09-19 01:06:57,2023-09-19 14:06:57,13.0,No,No
TKT-05209,Network,Medium,Open,IT,Neha Gupta,2024-06-21 17:02:50,,,,No
TKT-05210,Printer,Low,Closed,Sales,Anjali Mehta,2024-04-23 14:35:19,2024-04-27 03:35:19,85.0,Yes,No
TKT-05211,Email,Low,Closed,IT,Vikram Joshi,2023-04-11 08:33:17,2023-04-13 00:33:17,40.0,No,No
TKT-05212,Access/Login,Low,Resolved,Finance,Suresh Kumar,2024-01-16 19:02:25,2024-01-20 10:02:25,87.0,Yes,No
TKT-05213,Printer,Medium,Closed,HR,Priya Singh,2024-06-22 20:45:37,2024-06-23 02:45:37,6.0,No,Yes
TKT-05214,Software,Medium,Resolved,IT,Priya Singh,2023-02-25 05:08:03,2023-02-27 13:08:03,56.0,Yes,Yes
TKT-05215,Access/Login,Low,Resolved,Finance,Anjali Mehta,2023-07-21 23:25:08,2023-07-24 19:25:08,68.0,No,No
TKT-05216,Software,Medium,Closed,Legal,Anjali Mehta,2023-12-19 00:39:43,2023-12-19 13:39:43,13.0,No,No
TKT-05217,Email,Low,Closed,IT,Anjali Mehta,2024-11-12 23:54:14,2024-11-15 19:54:14,68.0,No,No
TKT-05218,Access/Login,Low,In Progress,Legal,Priya Singh,2023-01-31 13:10:52,,,,No
TKT-05219,Access/Login,Medium,Resolved,HR,Neha Gupta,2024-11-09 21:49:16,2024-11-10 14:49:16,17.0,No,Yes
TKT-05220,Hardware,Low,Closed,Finance,Amit Sharma,2023-10-18 22:53:50,2023-10-21 07:53:50,57.0,No,No
TKT-05221,Network,High,In Progress,Finance,Vikram Joshi,2024-02-17 13:39:33,,,,Yes
TKT-05222,Email,Medium,Resolved,Finance,Priya Singh,2023-01-16 13:04:43,2023-01-17 23:04:43,34.0,No,No
TKT-05223,Network,Low,Resolved,Marketing,Amit Sharma,2023-11-09 19:54:36,2023-11-11 20:54:36,49.0,No,No
TKT-05224,Software,Low,Resolved,Sales,Rohit Verma,2024-11-10 19:39:37,2024-11-14 06:39:37,83.0,Yes,Yes
TKT-05225,Network,Medium,Resolved,Legal,Vikram Joshi,2023-06-28 02:46:55,2023-06-29 23:46:55,45.0,No,No
TKT-05226,Printer,Low,Open,Legal,Rohit Verma,2024-04-22 21:18:29,,,,No
TKT-05227,Network,Low,Closed,HR,Neha Gupta,2024-08-20 11:22:36,2024-08-22 07:22:36,44.0,No,No
TKT-05228,Software,Critical,Closed,Sales,Priya Singh,2023-12-10 11:52:29,2023-12-10 20:52:29,9.0,Yes,Yes
TKT-05229,Access/Login,Low,Resolved,Finance,Rohit Verma,2024-07-23 12:02:58,2024-07-25 01:02:58,37.0,No,No
TKT-05230,Email,High,Resolved,Marketing,Suresh Kumar,2024-02-19 01:00:54,2024-02-19 10:00:54,9.0,No,No
TKT-05231,Hardware,Medium,Open,Sales,Rohit Verma,2023-03-22 11:15:48,,,,No
TKT-05232,Network,Medium,Closed,Marketing,Priya Singh,2023-02-23 16:59:44,2023-02-24 18:59:44,26.0,No,No
TKT-05233,Software,Low,Closed,HR,Amit Sharma,2024-01-02 04:37:50,2024-01-05 06:37:50,74.0,Yes,No
TKT-05234,Access/Login,Critical,In Progress,Finance,Anjali Mehta,2023-10-07 10:13:37,,,,Yes
TKT-05235,Software,Medium,Closed,Legal,Anjali Mehta,2024-08-01 09:49:13,2024-08-02 07:49:13,22.0,No,No
TKT-05236,Hardware,Medium,Closed,Operations,Neha Gupta,2024-12-18 00:19:28,2024-12-20 03:19:28,51.0,Yes,No
TKT-05237,Email,Medium,Resolved,IT,Rohit Verma,2023-06-21 12:45:08,2023-06-21 23:45:08,11.0,No,No
TKT-05238,Hardware,Medium,Resolved,Marketing,Anjali Mehta,2024-01-24 19:46:53,2024-01-26 00:46:53,29.0,No,No
TKT-05239,Access/Login,Low,Closed,IT,Amit Sharma,2024-04-13 14:57:37,2024-04-15 20:57:37,54.0,No,Yes
TKT-05240,Hardware,Critical,Resolved,Finance,Anjali Mehta,2024-05-04 23:57:38,2024-05-05 00:57:38,1.0,No,Yes
TKT-05241,Hardware,Critical,Closed,Finance,Neha Gupta,2024-04-30 16:21:12,2024-05-01 02:21:12,10.0,Yes,No
TKT-05242,Email,Medium,In Progress,Legal,Suresh Kumar,2023-04-24 12:42:02,,,,No
TKT-05243,Software,Low,Resolved,HR,Rohit Verma,2023-11-26 15:48:17,2023-11-30 07:48:17,88.0,Yes,Yes
TKT-05244,Network,Low,Resolved,IT,Vikram Joshi,2024-07-24 22:23:36,2024-07-27 08:23:36,58.0,No,No
TKT-05245,Email,High,Resolved,HR,Anjali Mehta,2024-04-24 16:47:47,2024-04-24 20:47:47,4.0,No,No
TKT-05246,Network,Low,Resolved,Marketing,Neha Gupta,2023-04-19 17:13:25,2023-04-21 07:13:25,38.0,No,No
TKT-05247,Software,High,Closed,IT,Amit Sharma,2023-01-18 05:26:21,2023-01-18 18:26:21,13.0,No,No
TKT-05248,Email,High,Open,Marketing,Suresh Kumar,2024-12-24 07:18:35,,,,No
TKT-05249,Printer,Medium,Resolved,Legal,Neha Gupta,2023-03-22 07:05:46,2023-03-23 20:05:46,37.0,No,No
TKT-05250,Software,Low,Resolved,IT,Suresh Kumar,2024-04-09 01:03:34,2024-04-11 23:03:34,70.0,No,No
TKT-05251,Printer,Medium,Open,IT,Neha Gupta,2023-09-28 02:38:13,,,,No
TKT-05252,Printer,Medium,Resolved,Operations,Priya Singh,2024-12-19 12:29:38,2024-12-20 10:29:38,22.0,No,No
TKT-05253,Hardware,Medium,Closed,Legal,Vikram Joshi,2023-01-28 12:39:43,2023-01-30 05:39:43,41.0,No,Yes
TKT-05254,Network,Critical,Resolved,HR,Vikram Joshi,2024-06-02 21:22:44,2024-06-03 06:22:44,9.0,Yes,Yes
TKT-05255,Printer,Medium,Closed,IT,Neha Gupta,2024-03-02 10:03:15,2024-03-04 21:03:15,59.0,Yes,Yes
TKT-05256,Software,Medium,Closed,IT,Amit Sharma,2023-07-23 00:50:25,2023-07-24 01:50:25,25.0,No,Yes
TKT-05257,Software,Low,Resolved,Sales,Priya Singh,2023-02-10 06:50:21,2023-02-12 17:50:21,59.0,No,No
TKT-05258,Access/Login,Medium,Closed,HR,Suresh Kumar,2024-10-08 12:09:50,2024-10-10 19:09:50,55.0,Yes,No
TKT-05259,Network,Medium,Resolved,Sales,Vikram Joshi,2023-11-04 19:26:43,2023-11-06 16:26:43,45.0,No,Yes
TKT-05260,Access/Login,Medium,Resolved,Legal,Rohit Verma,2024-09-10 20:06:22,2024-09-12 07:06:22,35.0,No,No
TKT-05261,Printer,Critical,Resolved,Legal,Neha Gupta,2024-03-14 14:31:06,2024-03-14 20:31:06,6.0,Yes,No
TKT-05262,Access/Login,High,Resolved,Legal,Rohit Verma,2023-01-25 03:35:55,2023-01-26 04:35:55,25.0,Yes,No
TKT-05263,Printer,Critical,Resolved,HR,Priya Singh,2024-01-07 10:59:14,2024-01-07 19:59:14,9.0,Yes,Yes
TKT-05264,Network,Medium,Closed,Legal,Anjali Mehta,2023-01-12 02:42:54,2023-01-12 12:42:54,10.0,No,No
TKT-05265,Network,High,Open,Legal,Neha Gupta,2023-04-09 03:59:37,,,,Yes
TKT-05266,Email,Low,Closed,Legal,Neha Gupta,2024-02-14 15:03:44,2024-02-16 18:03:44,51.0,No,No
TKT-05267,Access/Login,Medium,Closed,Operations,Suresh Kumar,2024-05-22 23:52:29,2024-05-23 07:52:29,8.0,No,No
TKT-05268,Software,Medium,Resolved,HR,Neha Gupta,2024-06-21 10:22:00,2024-06-21 18:22:00,8.0,No,No
TKT-05269,Hardware,Medium,Closed,Finance,Rohit Verma,2024-07-16 09:27:31,2024-07-17 16:27:31,31.0,No,No
TKT-05270,Access/Login,High,Resolved,Marketing,Suresh Kumar,2024-05-01 20:09:58,2024-05-02 20:09:58,24.0,No,No
TKT-05271,Printer,Critical,Open,IT,Anjali Mehta,2023-05-27 08:06:01,,,,Yes
TKT-05272,Network,Medium,Resolved,Marketing,Neha Gupta,2024-07-19 03:46:08,2024-07-19 09:46:08,6.0,No,No
TKT-05273,Email,Medium,Resolved,Legal,Priya Singh,2024-10-08 22:42:06,2024-10-09 19:42:06,21.0,No,No
TKT-05274,Hardware,Low,Closed,Operations,Neha Gupta,2024-07-05 18:38:28,2024-07-07 04:38:28,34.0,No,No
TKT-05275,Software,Medium,In Progress,Operations,Vikram Joshi,2024-09-11 06:45:10,,,,No
TKT-05276,Hardware,Low,Closed,Operations,Amit Sharma,2023-07-29 19:15:55,2023-08-01 18:15:55,71.0,No,Yes
TKT-05277,Hardware,Critical,Resolved,Legal,Anjali Mehta,2024-06-19 15:21:50,2024-06-19 21:21:50,6.0,Yes,No
TKT-05278,Network,Low,Closed,Sales,Priya Singh,2024-05-19 08:12:01,2024-05-21 23:12:01,63.0,No,Yes
TKT-05279,Hardware,Medium,Closed,Marketing,Suresh Kumar,2023-06-14 19:43:35,2023-06-15 05:43:35,10.0,No,No
TKT-05280,Email,Medium,Closed,Marketing,Amit Sharma,2023-05-30 23:49:22,2023-06-01 17:49:22,42.0,No,No
TKT-05281,Access/Login,High,Closed,IT,Neha Gupta,2023-08-11 06:37:10,2023-08-11 22:37:10,16.0,No,No
TKT-05282,Software,High,Resolved,IT,Neha Gupta,2024-07-27 00:01:13,2024-07-27 13:01:13,13.0,No,Yes
TKT-05283,Network,Medium,Resolved,Sales,Suresh Kumar,2023-03-07 04:42:37,2023-03-09 00:42:37,44.0,No,No
TKT-05284,Software,Medium,Closed,HR,Amit Sharma,2023-10-27 21:45:17,2023-10-28 10:45:17,13.0,No,No
TKT-05285,Software,Medium,Resolved,Finance,Vikram Joshi,2023-07-20 16:46:19,2023-07-22 07:46:19,39.0,No,No
TKT-05286,Software,Medium,Resolved,HR,Priya Singh,2024-05-31 21:27:04,2024-06-02 21:27:04,48.0,No,No
TKT-05287,Network,Critical,Closed,Sales,Anjali Mehta,2023-08-19 04:33:19,2023-08-19 07:33:19,3.0,No,Yes
TKT-05288,Access/Login,Low,Resolved,Legal,Vikram Joshi,2024-12-16 11:22:23,2024-12-19 03:22:23,64.0,No,No
TKT-05289,Network,High,Resolved,HR,Anjali Mehta,2023-02-13 22:50:25,2023-02-15 02:50:25,28.0,Yes,No
TKT-05290,Access/Login,Medium,Resolved,IT,Rohit Verma,2024-06-29 12:33:35,2024-06-30 08:33:35,20.0,No,Yes
TKT-05291,Printer,Low,Closed,Legal,Suresh Kumar,2024-04-27 17:54:11,2024-04-30 13:54:11,68.0,No,Yes
TKT-05292,Email,Low,Resolved,Sales,Vikram Joshi,2024-10-29 04:56:56,2024-11-01 03:56:56,71.0,No,No
TKT-05293,Printer,Low,Resolved,Legal,Vikram Joshi,2023-07-08 02:41:34,2023-07-10 10:41:34,56.0,No,Yes
TKT-05294,Access/Login,Medium,Resolved,Sales,Suresh Kumar,2024-10-12 08:37:14,2024-10-13 23:37:14,39.0,No,Yes
TKT-05295,Email,Medium,Resolved,Marketing,Vikram Joshi,2024-06-28 22:18:38,2024-06-29 22:18:38,24.0,No,No
TKT-05296,Network,Critical,Resolved,Marketing,Rohit Verma,2023-01-10 03:24:40,2023-01-10 13:24:40,10.0,Yes,No
TKT-05297,Network,Medium,Open,Marketing,Rohit Verma,2024-06-14 10:46:45,,,,No
TKT-05298,Software,Low,Closed,HR,Rohit Verma,2024-11-07 02:10:50,2024-11-07 21:10:50,19.0,No,No
TKT-05299,Software,Critical,Open,Marketing,Suresh Kumar,2023-09-01 05:49:50,,,,No
TKT-05300,Network,Low,Open,Legal,Amit Sharma,2023-11-22 16:52:52,,,,No
TKT-05301,Email,Medium,Closed,HR,Anjali Mehta,2024-06-05 16:07:00,2024-06-06 21:07:00,29.0,No,No
TKT-05302,Printer,Critical,Closed,Finance,Neha Gupta,2023-12-04 00:08:18,2023-12-04 06:08:18,6.0,Yes,No
TKT-05303,Hardware,High,In Progress,Marketing,Amit Sharma,2023-10-07 21:38:24,,,,Yes
TKT-05304,Printer,Low,Resolved,Marketing,Amit Sharma,2023-06-24 16:30:39,2023-06-27 17:30:39,73.0,Yes,Yes
TKT-05305,Hardware,Medium,Resolved,HR,Priya Singh,2024-10-21 10:01:53,2024-10-21 15:01:53,5.0,No,No
TKT-05306,Email,Medium,Open,Marketing,Amit Sharma,2023-12-18 05:12:46,,,,No
TKT-05307,Network,High,Resolved,Sales,Anjali Mehta,2024-01-11 06:49:06,2024-01-12 00:49:06,18.0,No,No
TKT-05308,Software,High,Closed,IT,Anjali Mehta,2024-01-11 21:44:54,2024-01-12 01:44:54,4.0,No,No
TKT-05309,Printer,Low,In Progress,IT,Suresh Kumar,2024-05-28 16:49:38,,,,No
TKT-05310,Printer,Medium,Closed,Sales,Vikram Joshi,2023-01-14 14:23:15,2023-01-16 14:23:15,48.0,No,Yes
TKT-05311,Access/Login,Medium,In Progress,Sales,Amit Sharma,2024-04-28 04:14:42,,,,Yes
TKT-05312,Access/Login,Low,Closed,Sales,Suresh Kumar,2023-11-20 22:29:42,2023-11-23 07:29:42,57.0,No,No
TKT-05313,Hardware,High,Resolved,Finance,Suresh Kumar,2023-08-01 16:21:50,2023-08-02 00:21:50,8.0,No,No
TKT-05314,Software,Low,Resolved,HR,Suresh Kumar,2023-01-18 19:45:25,2023-01-20 00:45:25,29.0,No,No
TKT-05315,Access/Login,Low,Resolved,Finance,Anjali Mehta,2023-06-02 05:29:34,2023-06-04 21:29:34,64.0,No,No
TKT-05316,Email,High,Closed,IT,Suresh Kumar,2024-06-11 04:57:26,2024-06-11 15:57:26,11.0,No,No
TKT-05317,Access/Login,Medium,Open,Marketing,Suresh Kumar,2024-10-18 01:00:20,,,,No
TKT-05318,Email,Medium,Resolved,Sales,Priya Singh,2024-03-08 00:44:04,2024-03-09 21:44:04,45.0,No,No
TKT-05319,Printer,Low,Closed,Legal,Priya Singh,2024-12-07 07:31:09,2024-12-08 16:31:09,33.0,No,Yes
TKT-05320,Printer,Low,Resolved,Finance,Amit Sharma,2024-01-03 21:31:05,2024-01-04 22:31:05,25.0,No,No
TKT-05321,Access/Login,Medium,Closed,HR,Amit Sharma,2023-02-04 02:53:38,2023-02-05 07:53:38,29.0,No,Yes
TKT-05322,Email,Low,Open,Legal,Neha Gupta,2024-01-16 16:38:19,,,,No
TKT-05323,Email,Medium,Resolved,Legal,Neha Gupta,2023-03-06 18:39:46,2023-03-08 01:39:46,31.0,No,No
TKT-05324,Software,Low,Resolved,Sales,Neha Gupta,2024-09-27 12:35:31,2024-09-30 10:35:31,70.0,No,No
TKT-05325,Access/Login,Medium,Resolved,Marketing,Rohit Verma,2023-04-01 05:09:04,2023-04-03 11:09:04,54.0,Yes,Yes
TKT-05326,Network,High,Resolved,Sales,Amit Sharma,2024-03-15 04:05:58,2024-03-16 09:05:58,29.0,Yes,No
TKT-05327,Access/Login,Low,Resolved,Finance,Rohit Verma,2023-11-24 23:53:57,2023-11-28 04:53:57,77.0,Yes,No
TKT-05328,Network,High,In Progress,Finance,Anjali Mehta,2023-07-17 18:08:41,,,,No
TKT-05329,Network,High,Resolved,Operations,Suresh Kumar,2023-07-11 20:14:44,2023-07-12 05:14:44,9.0,No,No
TKT-05330,Hardware,Medium,Resolved,Legal,Anjali Mehta,2024-01-02 02:55:51,2024-01-03 04:55:51,26.0,No,No
TKT-05331,Software,Medium,Closed,Finance,Anjali Mehta,2023-02-27 13:46:25,2023-03-01 15:46:25,50.0,Yes,No
TKT-05332,Printer,Critical,Closed,HR,Neha Gupta,2024-05-20 09:02:31,2024-05-20 10:02:31,1.0,No,No
TKT-05333,Software,Medium,Resolved,IT,Priya Singh,2024-04-01 15:47:44,2024-04-03 13:47:44,46.0,No,No
TKT-05334,Network,Medium,Closed,Marketing,Priya Singh,2024-03-03 22:01:45,2024-03-05 05:01:45,31.0,No,Yes
TKT-05335,Email,Medium,Resolved,Finance,Priya Singh,2024-01-02 03:38:47,2024-01-03 23:38:47,44.0,No,No
TKT-05336,Printer,Medium,Resolved,HR,Vikram Joshi,2023-02-26 11:24:06,2023-02-27 23:24:06,36.0,No,Yes
TKT-05337,Network,Medium,Resolved,Marketing,Amit Sharma,2023-11-04 23:52:36,2023-11-05 13:52:36,14.0,No,Yes
TKT-05338,Printer,Medium,Open,IT,Anjali Mehta,2024-09-17 01:15:07,,,,No
TKT-05339,Email,Medium,Resolved,Legal,Vikram Joshi,2023-01-13 16:30:49,2023-01-14 00:30:49,8.0,No,No
TKT-05340,Email,Medium,Resolved,Legal,Amit Sharma,2024-08-08 21:06:45,2024-08-10 22:06:45,49.0,Yes,No
TKT-05341,Network,Low,Open,Operations,Rohit Verma,2023-05-25 03:24:01,,,,No
TKT-05342,Network,Low,Closed,Operations,Priya Singh,2023-07-14 22:03:26,2023-07-18 00:03:26,74.0,Yes,No
TKT-05343,Hardware,Critical,Resolved,HR,Rohit Verma,2024-12-10 16:27:46,2024-12-11 00:27:46,8.0,Yes,No
TKT-05344,Access/Login,Low,Resolved,IT,Anjali Mehta,2024-01-03 18:23:45,2024-01-04 14:23:45,20.0,No,No
TKT-05345,Access/Login,Medium,Resolved,Operations,Priya Singh,2023-05-16 17:36:03,2023-05-18 19:36:03,50.0,Yes,No
TKT-05346,Hardware,High,Closed,Marketing,Rohit Verma,2024-09-08 11:17:50,2024-09-09 15:17:50,28.0,Yes,Yes
TKT-05347,Software,Medium,Closed,Sales,Suresh Kumar,2023-11-05 04:47:07,2023-11-05 21:47:07,17.0,No,Yes
TKT-05348,Printer,High,Resolved,Legal,Vikram Joshi,2023-02-12 22:13:35,2023-02-13 12:13:35,14.0,No,Yes
TKT-05349,Printer,High,In Progress,Operations,Vikram Joshi,2023-03-25 04:29:40,,,,Yes
TKT-05350,Hardware,High,In Progress,HR,Anjali Mehta,2024-12-02 01:37:19,,,,No
TKT-05351,Email,Medium,Resolved,IT,Suresh Kumar,2024-02-15 18:35:00,2024-02-16 08:35:00,14.0,No,No
TKT-05352,Printer,Medium,Closed,Legal,Rohit Verma,2024-09-14 16:37:03,2024-09-16 21:37:03,53.0,Yes,Yes
TKT-05353,Hardware,Critical,Closed,Sales,Amit Sharma,2023-01-27 02:43:10,2023-01-27 03:43:10,1.0,No,No
TKT-05354,Access/Login,Medium,Closed,Sales,Anjali Mehta,2023-10-10 02:24:39,2023-10-11 09:24:39,31.0,No,No
TKT-05355,Access/Login,Medium,In Progress,IT,Priya Singh,2024-10-28 13:09:51,,,,No
TKT-05356,Software,Critical,Closed,Operations,Suresh Kumar,2023-04-16 21:38:30,2023-04-16 22:38:30,1.0,No,Yes
TKT-05357,Email,Medium,Resolved,IT,Neha Gupta,2023-01-14 10:20:52,2023-01-15 19:20:52,33.0,No,Yes
TKT-05358,Software,Medium,Resolved,Legal,Rohit Verma,2023-07-12 01:54:14,2023-07-12 20:54:14,19.0,No,No
TKT-05359,Network,Medium,Resolved,Marketing,Amit Sharma,2024-06-14 09:58:03,2024-06-16 06:58:03,45.0,No,No
TKT-05360,Network,Medium,Open,IT,Vikram Joshi,2023-07-04 15:54:29,,,,No
TKT-05361,Email,Medium,Resolved,Sales,Rohit Verma,2023-03-18 09:37:13,2023-03-20 18:37:13,57.0,Yes,Yes
TKT-05362,Email,Low,Resolved,Marketing,Suresh Kumar,2023-09-14 18:16:05,2023-09-15 04:16:05,10.0,No,No
TKT-05363,Network,Critical,Open,Marketing,Suresh Kumar,2023-10-10 10:24:21,,,,No
TKT-05364,Network,Medium,Closed,Operations,Amit Sharma,2024-05-09 00:44:28,2024-05-11 11:44:28,59.0,Yes,No
TKT-05365,Software,Critical,Resolved,Operations,Vikram Joshi,2024-06-21 05:02:16,2024-06-21 12:02:16,7.0,Yes,No
TKT-05366,Software,Medium,In Progress,Legal,Suresh Kumar,2023-11-23 05:58:50,,,,No
TKT-05367,Network,Medium,Resolved,Legal,Amit Sharma,2024-12-10 16:38:16,2024-12-11 21:38:16,29.0,No,No
TKT-05368,Email,High,Closed,HR,Amit Sharma,2024-02-27 07:57:14,2024-02-28 03:57:14,20.0,No,No
TKT-05369,Hardware,Medium,Closed,Sales,Rohit Verma,2024-07-30 09:51:32,2024-07-31 18:51:32,33.0,No,No
TKT-05370,Printer,Medium,Resolved,Finance,Vikram Joshi,2023-07-16 14:56:43,2023-07-18 19:56:43,53.0,Yes,Yes
TKT-05371,Email,Medium,Resolved,Operations,Rohit Verma,2023-02-23 10:14:01,2023-02-24 04:14:01,18.0,No,No
TKT-05372,Email,Medium,Closed,IT,Amit Sharma,2024-03-25 08:33:04,2024-03-26 03:33:04,19.0,No,No
TKT-05373,Software,Critical,Resolved,Finance,Anjali Mehta,2023-01-07 07:41:36,2023-01-07 10:41:36,3.0,No,Yes
TKT-05374,Network,Medium,Resolved,Operations,Anjali Mehta,2023-06-21 13:49:31,2023-06-22 06:49:31,17.0,No,No
TKT-05375,Email,Medium,Closed,Operations,Rohit Verma,2024-08-05 14:33:03,2024-08-07 13:33:03,47.0,No,No
TKT-05376,Hardware,High,Resolved,IT,Suresh Kumar,2023-03-14 22:38:50,2023-03-16 02:38:50,28.0,Yes,No
TKT-05377,Hardware,High,Resolved,Legal,Priya Singh,2023-12-21 11:28:01,2023-12-22 06:28:01,19.0,No,No
TKT-05378,Printer,Medium,Resolved,Legal,Neha Gupta,2024-12-04 22:09:27,2024-12-06 19:09:27,45.0,No,No
TKT-05379,Printer,Medium,In Progress,Legal,Amit Sharma,2024-05-06 20:12:23,,,,No
TKT-05380,Hardware,Medium,Closed,Legal,Neha Gupta,2024-11-07 10:45:53,2024-11-08 04:45:53,18.0,No,No
TKT-05381,Network,Low,Closed,Finance,Amit Sharma,2024-02-04 22:56:56,2024-02-08 03:56:56,77.0,Yes,Yes
TKT-05382,Access/Login,Low,Closed,Operations,Anjali Mehta,2023-04-14 23:33:29,2023-04-16 11:33:29,36.0,No,No
TKT-05383,Printer,Low,Resolved,IT,Priya Singh,2023-05-16 21:10:24,2023-05-20 00:10:24,75.0,Yes,No
TKT-05384,Access/Login,Low,In Progress,Operations,Amit Sharma,2024-02-23 00:43:48,,,,No
TKT-05385,Software,High,Resolved,Legal,Neha Gupta,2024-03-11 04:33:30,2024-03-11 07:33:30,3.0,No,No
TKT-05386,Access/Login,High,Resolved,IT,Neha Gupta,2024-01-30 18:31:27,2024-01-31 00:31:27,6.0,No,No
TKT-05387,Email,Medium,Closed,Legal,Priya Singh,2024-11-09 04:31:31,2024-11-09 18:31:31,14.0,No,Yes
TKT-05388,Network,High,Resolved,Sales,Suresh Kumar,2024-05-08 03:34:55,2024-05-08 10:34:55,7.0,No,No
TKT-05389,Printer,High,Resolved,HR,Neha Gupta,2023-03-07 23:20:07,2023-03-08 17:20:07,18.0,No,No
TKT-05390,Hardware,Medium,Closed,Sales,Vikram Joshi,2024-06-30 04:15:34,2024-07-01 15:15:34,35.0,No,Yes
TKT-05391,Access/Login,Medium,Closed,IT,Amit Sharma,2024-03-18 06:56:53,2024-03-19 12:56:53,30.0,No,No
TKT-05392,Access/Login,Medium,Resolved,Sales,Amit Sharma,2023-06-08 21:31:14,2023-06-09 22:31:14,25.0,No,No
TKT-05393,Network,High,Resolved,Marketing,Rohit Verma,2023-04-18 18:10:59,2023-04-19 21:10:59,27.0,Yes,No
TKT-05394,Email,Low,Open,Finance,Anjali Mehta,2024-01-06 14:58:10,,,,Yes
TKT-05395,Email,Critical,Closed,Legal,Suresh Kumar,2023-02-21 19:38:42,2023-02-21 21:38:42,2.0,No,No
TKT-05396,Hardware,Medium,Resolved,Finance,Vikram Joshi,2023-07-23 08:44:34,2023-07-24 23:44:34,39.0,No,Yes
TKT-05397,Hardware,Medium,Resolved,Marketing,Neha Gupta,2023-03-23 11:07:52,2023-03-23 18:07:52,7.0,No,No
TKT-05398,Hardware,Medium,Closed,Legal,Suresh Kumar,2024-07-02 11:29:59,2024-07-04 06:29:59,43.0,No,No
TKT-05399,Email,High,In Progress,Legal,Suresh Kumar,2023-07-25 22:38:02,,,,No
TKT-05400,Printer,Low,Closed,Sales,Suresh Kumar,2024-07-27 18:40:57,2024-07-30 10:40:57,64.0,No,Yes
TKT-05401,Printer,High,Resolved,Finance,Anjali Mehta,2024-05-25 22:17:31,2024-05-26 06:17:31,8.0,No,Yes
TKT-05402,Email,Low,Resolved,Sales,Priya Singh,2024-10-25 13:31:12,2024-10-27 10:31:12,45.0,No,No
TKT-05403,Hardware,Medium,Resolved,Legal,Rohit Verma,2024-09-28 13:40:27,2024-10-01 00:40:27,59.0,Yes,Yes
TKT-05404,Access/Login,Low,Closed,Legal,Anjali Mehta,2023-04-07 19:29:42,2023-04-09 06:29:42,35.0,No,No
TKT-05405,Printer,High,In Progress,IT,Amit Sharma,2023-11-29 12:23:05,,,,No
TKT-05406,Printer,Medium,Closed,Marketing,Anjali Mehta,2023-12-08 18:54:01,2023-12-10 15:54:01,45.0,No,No
TKT-05407,Access/Login,Critical,Resolved,IT,Anjali Mehta,2023-07-06 00:19:54,2023-07-06 08:19:54,8.0,Yes,No
TKT-05408,Hardware,Low,Closed,Marketing,Rohit Verma,2023-08-20 11:44:53,2023-08-23 09:44:53,70.0,No,Yes
TKT-05409,Printer,Low,Closed,Operations,Vikram Joshi,2024-02-06 15:23:03,2024-02-08 01:23:03,34.0,No,No
TKT-05410,Software,Low,Closed,Sales,Amit Sharma,2023-06-10 16:27:26,2023-06-12 00:27:26,32.0,No,Yes
TKT-05411,Email,High,Resolved,Legal,Vikram Joshi,2023-07-23 10:03:25,2023-07-23 23:03:25,13.0,No,Yes
TKT-05412,Printer,Medium,Open,HR,Suresh Kumar,2023-10-04 04:29:40,,,,No
TKT-05413,Network,Low,Closed,Finance,Rohit Verma,2023-04-17 11:06:52,2023-04-20 17:06:52,78.0,Yes,No
TKT-05414,Hardware,Low,Resolved,Finance,Rohit Verma,2023-11-18 15:16:11,2023-11-21 04:16:11,61.0,No,Yes
TKT-05415,Software,Medium,Resolved,Finance,Rohit Verma,2024-02-25 04:25:53,2024-02-27 16:25:53,60.0,Yes,Yes
TKT-05416,Network,Critical,Closed,Legal,Suresh Kumar,2024-04-04 17:22:53,2024-04-04 19:22:53,2.0,No,No
TKT-05417,Access/Login,High,Closed,Marketing,Neha Gupta,2023-12-03 02:30:50,2023-12-03 10:30:50,8.0,No,Yes
TKT-05418,Printer,High,Resolved,IT,Priya Singh,2023-10-28 07:03:38,2023-10-29 02:03:38,19.0,No,Yes
TKT-05419,Access/Login,Low,Closed,Sales,Neha Gupta,2024-06-14 15:12:10,2024-06-17 02:12:10,59.0,No,No
TKT-05420,Email,Low,Resolved,Finance,Vikram Joshi,2024-11-13 07:58:01,2024-11-15 15:58:01,56.0,No,No
TKT-05421,Email,Medium,Closed,Sales,Neha Gupta,2024-05-04 12:33:40,2024-05-06 11:33:40,47.0,No,Yes
TKT-05422,Software,Low,Resolved,HR,Vikram Joshi,2024-07-17 04:36:46,2024-07-20 12:36:46,80.0,Yes,No
TKT-05423,Hardware,Medium,Closed,Finance,Suresh Kumar,2024-04-16 08:51:44,2024-04-17 04:51:44,20.0,No,No
TKT-05424,Network,Medium,Closed,Legal,Rohit Verma,2023-05-06 17:23:31,2023-05-07 16:23:31,23.0,No,Yes
TKT-05425,Printer,Low,Open,Finance,Rohit Verma,2024-12-13 11:40:48,,,,No
TKT-05426,Software,Critical,Resolved,Marketing,Amit Sharma,2023-06-07 18:28:50,2023-06-08 01:28:50,7.0,Yes,No
TKT-05427,Access/Login,Low,Closed,Finance,Suresh Kumar,2023-10-15 23:16:30,2023-10-17 20:16:30,45.0,No,Yes
TKT-05428,Network,Low,Closed,Operations,Anjali Mehta,2024-12-24 21:39:54,2024-12-27 01:39:54,52.0,No,No
TKT-05429,Software,Low,Closed,HR,Vikram Joshi,2024-01-08 15:54:06,2024-01-09 14:54:06,23.0,No,No
TKT-05430,Network,Medium,Resolved,IT,Anjali Mehta,2023-08-18 09:18:01,2023-08-20 13:18:01,52.0,Yes,No
TKT-05431,Software,High,Open,Sales,Neha Gupta,2024-06-29 01:22:12,,,,Yes
TKT-05432,Access/Login,Low,Closed,Finance,Suresh Kumar,2024-10-15 22:01:32,2024-10-19 15:01:32,89.0,Yes,No
TKT-05433,Software,Critical,Resolved,HR,Neha Gupta,2023-12-08 19:06:56,2023-12-09 04:06:56,9.0,Yes,No
TKT-05434,Email,Low,In Progress,Legal,Priya Singh,2023-03-02 07:28:09,,,,No
TKT-05435,Hardware,High,In Progress,Sales,Priya Singh,2024-08-09 11:32:41,,,,No
TKT-05436,Software,Medium,Closed,Legal,Vikram Joshi,2023-06-27 08:50:18,2023-06-28 18:50:18,34.0,No,No
TKT-05437,Printer,Critical,Closed,Legal,Priya Singh,2023-03-23 22:50:23,2023-03-23 23:50:23,1.0,No,No
TKT-05438,Software,Low,Closed,Sales,Anjali Mehta,2024-11-09 11:15:28,2024-11-10 00:15:28,13.0,No,Yes
TKT-05439,Access/Login,Low,Closed,Finance,Priya Singh,2024-10-31 05:19:21,2024-11-01 16:19:21,35.0,No,No
TKT-05440,Hardware,Low,Closed,Sales,Rohit Verma,2023-12-15 06:26:25,2023-12-17 00:26:25,42.0,No,No
TKT-05441,Software,Medium,Closed,Operations,Anjali Mehta,2024-03-23 11:45:38,2024-03-24 10:45:38,23.0,No,Yes
TKT-05442,Software,Low,Open,Finance,Suresh Kumar,2023-11-03 09:51:24,,,,No
TKT-05443,Hardware,Medium,Open,Marketing,Rohit Verma,2023-11-09 05:34:32,,,,No
TKT-05444,Access/Login,Medium,Resolved,Legal,Priya Singh,2023-03-18 02:44:20,2023-03-19 21:44:20,43.0,No,Yes
TKT-05445,Network,Critical,Open,Legal,Amit Sharma,2023-11-12 11:34:22,,,,Yes
TKT-05446,Network,High,Closed,Finance,Suresh Kumar,2023-02-10 17:34:52,2023-02-10 20:34:52,3.0,No,No
TKT-05447,Printer,High,Resolved,Marketing,Vikram Joshi,2023-12-01 19:18:12,2023-12-02 05:18:12,10.0,No,No
TKT-05448,Access/Login,High,Closed,Finance,Suresh Kumar,2023-08-10 04:55:12,2023-08-10 15:55:12,11.0,No,No
TKT-05449,Hardware,High,In Progress,Marketing,Vikram Joshi,2024-09-01 01:07:51,,,,Yes
TKT-05450,Network,Low,Closed,Operations,Rohit Verma,2024-01-27 19:52:50,2024-01-29 00:52:50,29.0,No,Yes
TKT-05451,Network,High,Resolved,Finance,Amit Sharma,2024-07-17 01:29:59,2024-07-17 23:29:59,22.0,No,No
TKT-05452,Hardware,Low,Resolved,Finance,Vikram Joshi,2024-03-15 07:19:55,2024-03-16 09:19:55,26.0,No,No
TKT-05453,Email,Medium,Resolved,HR,Vikram Joshi,2024-03-04 05:37:09,2024-03-06 04:37:09,47.0,No,No
TKT-05454,Printer,Low,Closed,Legal,Rohit Verma,2023-02-18 13:07:10,2023-02-19 14:07:10,25.0,No,Yes
TKT-05455,Access/Login,Medium,Resolved,Operations,Amit Sharma,2024-03-29 05:45:02,2024-03-30 02:45:02,21.0,No,No
TKT-05456,Access/Login,Medium,Resolved,HR,Anjali Mehta,2024-11-04 11:46:28,2024-11-05 22:46:28,35.0,No,No
TKT-05457,Network,High,Resolved,Finance,Anjali Mehta,2024-01-23 13:55:27,2024-01-24 03:55:27,14.0,No,No
TKT-05458,Printer,High,Closed,Operations,Neha Gupta,2024-10-17 09:32:45,2024-10-18 02:32:45,17.0,No,No
TKT-05459,Access/Login,Low,Resolved,IT,Neha Gupta,2024-06-14 03:25:12,2024-06-16 13:25:12,58.0,No,No
TKT-05460,Software,Medium,Closed,Legal,Rohit Verma,2024-01-28 11:42:25,2024-01-29 08:42:25,21.0,No,Yes
TKT-05461,Hardware,Medium,Closed,Finance,Neha Gupta,2023-10-18 04:05:17,2023-10-19 23:05:17,43.0,No,No
TKT-05462,Printer,Low,Open,Finance,Vikram Joshi,2023-11-20 04:45:14,,,,No
TKT-05463,Hardware,Medium,Closed,Legal,Rohit Verma,2024-03-14 19:24:45,2024-03-16 01:24:45,30.0,No,No
TKT-05464,Access/Login,Medium,Closed,IT,Neha Gupta,2023-06-16 04:17:19,2023-06-16 17:17:19,13.0,No,No
TKT-05465,Access/Login,Medium,In Progress,HR,Priya Singh,2024-02-15 16:40:18,,,,No
TKT-05466,Access/Login,Medium,Resolved,Finance,Rohit Verma,2023-09-06 18:40:43,2023-09-07 03:40:43,9.0,No,No
TKT-05467,Software,Medium,Open,Finance,Suresh Kumar,2023-08-07 13:50:54,,,,No
TKT-05468,Software,Low,In Progress,Legal,Rohit Verma,2024-08-11 03:45:50,,,,Yes
TKT-05469,Printer,Medium,Open,HR,Suresh Kumar,2023-12-06 15:16:40,,,,No
TKT-05470,Email,High,Open,Finance,Rohit Verma,2024-05-07 23:23:31,,,,No
TKT-05471,Email,High,Resolved,Marketing,Rohit Verma,2023-04-30 22:51:31,2023-05-01 08:51:31,10.0,No,Yes
TKT-05472,Software,Medium,Closed,Legal,Neha Gupta,2024-04-25 04:12:19,2024-04-26 02:12:19,22.0,No,No
TKT-05473,Email,Low,In Progress,IT,Suresh Kumar,2023-12-26 04:42:10,,,,No
TKT-05474,Access/Login,Critical,Resolved,IT,Neha Gupta,2024-10-03 15:21:30,2024-10-03 17:21:30,2.0,No,No
TKT-05475,Hardware,Medium,Closed,Sales,Amit Sharma,2023-04-11 01:00:18,2023-04-12 12:00:18,35.0,No,No
TKT-05476,Email,Critical,Closed,HR,Amit Sharma,2023-03-03 01:20:06,2023-03-03 02:20:06,1.0,No,No
TKT-05477,Network,High,Closed,IT,Rohit Verma,2024-05-10 22:13:19,2024-05-11 20:13:19,22.0,No,No
TKT-05478,Software,Low,Open,Finance,Vikram Joshi,2023-05-31 03:09:58,,,,No
TKT-05479,Access/Login,Medium,Open,Marketing,Anjali Mehta,2024-08-19 08:32:15,,,,No
TKT-05480,Access/Login,Medium,Resolved,Finance,Neha Gupta,2023-11-15 08:42:34,2023-11-16 08:42:34,24.0,No,No
TKT-05481,Hardware,Low,Closed,Sales,Neha Gupta,2024-05-24 15:25:53,2024-05-28 00:25:53,81.0,Yes,No
TKT-05482,Hardware,Critical,Resolved,Legal,Neha Gupta,2023-02-13 09:08:34,2023-02-13 11:08:34,2.0,No,No
TKT-05483,Email,Critical,Open,Operations,Vikram Joshi,2024-07-25 05:46:10,,,,No
TKT-05484,Email,Medium,Open,Operations,Rohit Verma,2024-05-06 12:20:44,,,,No
TKT-05485,Hardware,Medium,Resolved,Marketing,Suresh Kumar,2023-03-27 12:39:47,2023-03-27 23:39:47,11.0,No,No
TKT-05486,Printer,Critical,Closed,Sales,Priya Singh,2024-04-30 10:00:51,2024-04-30 11:00:51,1.0,No,No
TKT-05487,Printer,High,Resolved,IT,Priya Singh,2023-11-09 14:51:53,2023-11-10 02:51:53,12.0,No,No
TKT-05488,Email,Medium,Resolved,IT,Vikram Joshi,2024-08-28 18:56:00,2024-08-30 02:56:00,32.0,No,No
TKT-05489,Network,Low,Closed,Legal,Amit Sharma,2023-06-24 01:22:52,2023-06-25 21:22:52,44.0,No,Yes
TKT-05490,Hardware,Low,Closed,HR,Vikram Joshi,2023-06-14 21:47:44,2023-06-17 15:47:44,66.0,No,No
TKT-05491,Software,Low,Open,HR,Amit Sharma,2023-11-05 17:26:03,,,,Yes
TKT-05492,Access/Login,High,Closed,Finance,Suresh Kumar,2024-05-25 04:21:12,2024-05-26 05:21:12,25.0,Yes,Yes
TKT-05493,Software,High,Closed,Sales,Anjali Mehta,2023-02-02 22:11:11,2023-02-03 14:11:11,16.0,No,No
TKT-05494,Printer,Low,In Progress,Marketing,Neha Gupta,2023-03-14 14:18:10,,,,No
TKT-05495,Software,High,Resolved,Legal,Vikram Joshi,2024-04-18 09:00:55,2024-04-19 09:00:55,24.0,No,No
TKT-05496,Access/Login,Medium,Open,Sales,Rohit Verma,2023-05-30 02:28:07,,,,No
TKT-05497,Access/Login,High,Closed,Marketing,Anjali Mehta,2024-08-12 10:40:37,2024-08-13 03:40:37,17.0,No,No
TKT-05498,Hardware,High,Resolved,Operations,Anjali Mehta,2023-12-22 06:49:02,2023-12-23 04:49:02,22.0,No,No
TKT-05499,Hardware,High,Closed,IT,Neha Gupta,2023-05-10 08:30:39,2023-05-10 20:30:39,12.0,No,No
TKT-05500,Printer,Medium,Closed,HR,Neha Gupta,2024-09-26 02:16:20,2024-09-26 21:16:20,19.0,No,No
TKT-05501,Network,Low,In Progress,Sales,Neha Gupta,2023-07-10 06:25:48,,,,No
TKT-05502,Software,Critical,Resolved,IT,Vikram Joshi,2023-07-04 22:48:16,2023-07-05 01:48:16,3.0,No,No
TKT-05503,Access/Login,High,Resolved,HR,Priya Singh,2023-07-13 00:39:08,2023-07-14 00:39:08,24.0,No,No
TKT-05504,Hardware,Medium,Resolved,Sales,Amit Sharma,2023-11-06 18:30:36,2023-11-09 06:30:36,60.0,Yes,No
TKT-05505,Software,Critical,Resolved,Operations,Anjali Mehta,2023-02-01 09:28:02,2023-02-01 14:28:02,5.0,Yes,No
TKT-05506,Software,Medium,Closed,IT,Anjali Mehta,2023-11-07 09:26:47,2023-11-08 19:26:47,34.0,No,No
TKT-05507,Software,High,Resolved,Finance,Anjali Mehta,2024-01-22 03:07:20,2024-01-22 12:07:20,9.0,No,No
TKT-05508,Access/Login,Medium,In Progress,Operations,Amit Sharma,2023-05-13 14:58:15,,,,Yes
TKT-05509,Network,High,Resolved,IT,Amit Sharma,2023-03-02 10:58:12,2023-03-03 13:58:12,27.0,Yes,No
TKT-05510,Email,Low,Closed,Marketing,Priya Singh,2023-04-07 06:20:06,2023-04-09 23:20:06,65.0,No,No
TKT-05511,Printer,Critical,Resolved,Legal,Anjali Mehta,2023-01-27 00:03:15,2023-01-27 03:03:15,3.0,No,No
TKT-05512,Access/Login,Critical,Resolved,HR,Anjali Mehta,2024-05-12 20:39:02,2024-05-13 00:39:02,4.0,No,Yes
TKT-05513,Hardware,High,Resolved,Legal,Anjali Mehta,2024-06-22 15:31:20,2024-06-23 19:31:20,28.0,Yes,Yes
TKT-05514,Access/Login,Medium,Resolved,Sales,Rohit Verma,2024-11-07 12:54:45,2024-11-08 13:54:45,25.0,No,No
TKT-05515,Network,Low,In Progress,HR,Anjali Mehta,2023-08-03 17:12:49,,,,No
TKT-05516,Network,Low,Resolved,Operations,Anjali Mehta,2024-04-05 06:41:05,2024-04-07 23:41:05,65.0,No,No
TKT-05517,Printer,Low,Closed,HR,Priya Singh,2023-11-08 01:43:27,2023-11-11 05:43:27,76.0,Yes,No
TKT-05518,Software,Low,Resolved,Legal,Vikram Joshi,2024-09-26 01:18:28,2024-09-28 19:18:28,66.0,No,No
TKT-05519,Access/Login,Low,Resolved,Sales,Priya Singh,2023-12-05 00:21:53,2023-12-07 14:21:53,62.0,No,No
TKT-05520,Hardware,Medium,In Progress,Sales,Anjali Mehta,2023-02-27 10:51:12,,,,No
TKT-05521,Software,Medium,Resolved,Operations,Neha Gupta,2023-05-05 19:13:47,2023-05-07 07:13:47,36.0,No,No
TKT-05522,Network,Low,Closed,Sales,Anjali Mehta,2024-01-30 09:04:30,2024-02-02 22:04:30,85.0,Yes,No
TKT-05523,Email,Medium,Resolved,Sales,Suresh Kumar,2024-01-30 02:54:18,2024-01-31 21:54:18,43.0,No,No
TKT-05524,Software,Medium,Resolved,IT,Anjali Mehta,2023-08-19 09:06:50,2023-08-20 11:06:50,26.0,No,Yes
TKT-05525,Hardware,Medium,Resolved,Legal,Suresh Kumar,2024-07-18 20:57:39,2024-07-20 21:57:39,49.0,Yes,No
TKT-05526,Email,Low,Open,Sales,Suresh Kumar,2023-03-30 13:19:51,,,,No
TKT-05527,Access/Login,High,Resolved,Legal,Rohit Verma,2023-03-16 15:31:12,2023-03-17 13:31:12,22.0,No,No
TKT-05528,Printer,Low,In Progress,IT,Anjali Mehta,2023-10-17 00:52:58,,,,No
TKT-05529,Access/Login,High,Resolved,Marketing,Neha Gupta,2023-07-18 22:55:36,2023-07-19 04:55:36,6.0,No,No
TKT-05530,Network,Low,Open,Finance,Vikram Joshi,2023-04-21 07:55:10,,,,No
TKT-05531,Printer,Medium,Resolved,HR,Amit Sharma,2024-06-14 14:36:18,2024-06-16 04:36:18,38.0,No,No
TKT-05532,Software,Medium,Resolved,Operations,Suresh Kumar,2024-11-06 17:44:36,2024-11-07 15:44:36,22.0,No,No
TKT-05533,Email,High,Closed,Finance,Neha Gupta,2023-10-03 20:17:48,2023-10-04 19:17:48,23.0,No,No
TKT-05534,Software,High,Closed,IT,Vikram Joshi,2023-09-02 00:50:57,2023-09-02 02:50:57,2.0,No,Yes
TKT-05535,Email,High,Resolved,Operations,Vikram Joshi,2024-10-20 09:49:28,2024-10-21 14:49:28,29.0,Yes,Yes
TKT-05536,Network,High,In Progress,Operations,Amit Sharma,2024-08-11 01:34:41,,,,Yes
TKT-05537,Software,Low,Closed,HR,Rohit Verma,2023-04-01 07:11:08,2023-04-01 21:11:08,14.0,No,Yes
TKT-05538,Printer,High,Resolved,IT,Anjali Mehta,2024-08-21 14:06:03,2024-08-22 12:06:03,22.0,No,No
TKT-05539,Printer,High,Resolved,Legal,Suresh Kumar,2024-10-28 15:48:44,2024-10-29 13:48:44,22.0,No,No
TKT-05540,Hardware,High,In Progress,HR,Neha Gupta,2023-10-18 17:02:22,,,,No
TKT-05541,Hardware,High,In Progress,HR,Priya Singh,2023-06-11 14:27:59,,,,Yes
TKT-05542,Network,Low,Resolved,Marketing,Anjali Mehta,2023-02-16 11:45:57,2023-02-18 17:45:57,54.0,No,No
TKT-05543,Access/Login,High,Resolved,Legal,Vikram Joshi,2024-08-10 05:47:43,2024-08-10 23:47:43,18.0,No,Yes
TKT-05544,Network,Medium,Closed,Sales,Suresh Kumar,2023-10-23 08:25:59,2023-10-25 19:25:59,59.0,Yes,No
TKT-05545,Hardware,High,Resolved,Finance,Priya Singh,2024-08-02 10:11:47,2024-08-03 14:11:47,28.0,Yes,No
TKT-05546,Printer,Medium,Resolved,Marketing,Rohit Verma,2023-12-02 08:56:41,2023-12-04 10:56:41,50.0,Yes,Yes
TKT-05547,Access/Login,Medium,Resolved,Legal,Suresh Kumar,2023-11-14 15:00:50,2023-11-15 02:00:50,11.0,No,No
TKT-05548,Network,Critical,Closed,Legal,Amit Sharma,2023-10-31 10:00:27,2023-10-31 20:00:27,10.0,Yes,No
TKT-05549,Printer,High,Resolved,HR,Neha Gupta,2023-10-18 10:31:35,2023-10-18 13:31:35,3.0,No,No
TKT-05550,Access/Login,Low,Closed,Operations,Rohit Verma,2023-09-22 09:57:30,2023-09-23 19:57:30,34.0,No,No
TKT-05551,Software,High,Resolved,Finance,Rohit Verma,2023-02-27 16:35:56,2023-02-28 06:35:56,14.0,No,No
TKT-05552,Hardware,Critical,Resolved,Finance,Anjali Mehta,2023-07-01 14:40:57,2023-07-01 20:40:57,6.0,Yes,Yes
TKT-05553,Access/Login,Low,Closed,HR,Suresh Kumar,2024-10-20 18:49:33,2024-10-21 05:49:33,11.0,No,Yes
TKT-05554,Software,Medium,Resolved,HR,Suresh Kumar,2023-05-18 11:24:00,2023-05-19 15:24:00,28.0,No,No
TKT-05555,Software,Medium,Resolved,Operations,Rohit Verma,2023-04-15 09:30:21,2023-04-17 00:30:21,39.0,No,Yes
TKT-05556,Email,Low,Resolved,IT,Rohit Verma,2024-02-02 08:47:29,2024-02-04 18:47:29,58.0,No,No
TKT-05557,Network,Medium,Closed,Legal,Priya Singh,2024-09-28 09:42:29,2024-09-29 17:42:29,32.0,No,Yes
TKT-05558,Software,Low,Closed,HR,Vikram Joshi,2023-09-18 06:27:50,2023-09-19 14:27:50,32.0,No,No
TKT-05559,Network,Low,Resolved,Marketing,Suresh Kumar,2023-10-13 20:47:52,2023-10-16 02:47:52,54.0,No,No
TKT-05560,Email,High,Closed,HR,Priya Singh,2023-08-29 14:31:55,2023-08-29 16:31:55,2.0,No,No
TKT-05561,Access/Login,Medium,Closed,HR,Neha Gupta,2024-10-23 08:28:52,2024-10-25 01:28:52,41.0,No,No
TKT-05562,Hardware,Low,Resolved,Legal,Suresh Kumar,2024-04-15 03:32:13,2024-04-17 01:32:13,46.0,No,No
TKT-05563,Network,Medium,Resolved,Legal,Anjali Mehta,2023-05-11 02:48:10,2023-05-13 03:48:10,49.0,Yes,No
TKT-05564,Hardware,Low,Resolved,Finance,Anjali Mehta,2023-03-09 03:14:55,2023-03-10 04:14:55,25.0,No,No
TKT-05565,Printer,High,In Progress,Legal,Suresh Kumar,2024-06-15 06:07:27,,,,Yes
TKT-05566,Printer,Low,Resolved,Marketing,Priya Singh,2023-06-29 16:10:10,2023-06-30 08:10:10,16.0,No,No
TKT-05567,Printer,High,Resolved,Operations,Priya Singh,2024-07-21 06:25:22,2024-07-21 15:25:22,9.0,No,Yes
TKT-05568,Email,Low,Resolved,HR,Anjali Mehta,2023-09-16 16:41:46,2023-09-19 23:41:46,79.0,Yes,Yes
TKT-05569,Email,High,Closed,Finance,Vikram Joshi,2024-10-17 23:41:10,2024-10-18 05:41:10,6.0,No,No
TKT-05570,Software,Medium,In Progress,Finance,Priya Singh,2024-02-13 22:14:55,,,,No
TKT-05571,Access/Login,Medium,Resolved,IT,Rohit Verma,2023-06-05 08:06:49,2023-06-06 17:06:49,33.0,No,No
TKT-05572,Hardware,Low,Resolved,Legal,Suresh Kumar,2024-08-09 16:55:44,2024-08-12 21:55:44,77.0,Yes,No
TKT-05573,Hardware,Critical,Resolved,Sales,Neha Gupta,2024-11-21 05:09:24,2024-11-21 12:09:24,7.0,Yes,No
TKT-05574,Software,Medium,Closed,IT,Anjali Mehta,2024-01-01 21:41:17,2024-01-03 09:41:17,36.0,No,No
TKT-05575,Network,Low,Closed,Legal,Anjali Mehta,2024-07-17 00:00:42,2024-07-18 22:00:42,46.0,No,No
TKT-05576,Email,Low,Closed,Legal,Suresh Kumar,2024-08-02 10:46:48,2024-08-04 11:46:48,49.0,No,No
TKT-05577,Hardware,High,Closed,Marketing,Vikram Joshi,2023-09-14 06:32:18,2023-09-15 02:32:18,20.0,No,No
TKT-05578,Email,Medium,Resolved,Marketing,Amit Sharma,2024-03-03 12:31:36,2024-03-04 13:31:36,25.0,No,Yes
TKT-05579,Hardware,High,Closed,Marketing,Anjali Mehta,2024-02-23 23:46:36,2024-02-24 10:46:36,11.0,No,No
TKT-05580,Printer,Critical,Closed,Operations,Anjali Mehta,2023-10-10 12:40:19,2023-10-10 22:40:19,10.0,Yes,No
TKT-05581,Email,High,Resolved,IT,Anjali Mehta,2023-04-06 09:00:46,2023-04-06 18:00:46,9.0,No,No
TKT-05582,Network,Medium,Resolved,Marketing,Rohit Verma,2024-05-24 11:28:23,2024-05-25 00:28:23,13.0,No,No
TKT-05583,Hardware,High,Resolved,IT,Priya Singh,2024-08-01 14:37:35,2024-08-02 02:37:35,12.0,No,No
TKT-05584,Hardware,Medium,Resolved,IT,Neha Gupta,2023-09-30 10:44:56,2023-10-01 18:44:56,32.0,No,Yes
TKT-05585,Printer,Low,In Progress,Operations,Neha Gupta,2023-09-11 20:01:22,,,,No
TKT-05586,Email,High,Closed,Operations,Amit Sharma,2024-09-06 08:58:57,2024-09-07 06:58:57,22.0,No,No
TKT-05587,Software,Low,Closed,Marketing,Amit Sharma,2024-02-05 16:44:26,2024-02-06 04:44:26,12.0,No,No
TKT-05588,Printer,Low,Closed,IT,Anjali Mehta,2023-10-02 20:20:58,2023-10-05 11:20:58,63.0,No,No
TKT-05589,Software,Medium,Resolved,Sales,Suresh Kumar,2023-06-08 06:27:49,2023-06-08 17:27:49,11.0,No,No
TKT-05590,Hardware,Medium,Resolved,HR,Anjali Mehta,2024-09-10 02:20:08,2024-09-12 01:20:08,47.0,No,No
TKT-05591,Hardware,High,Closed,Sales,Suresh Kumar,2023-11-29 19:15:22,2023-11-30 05:15:22,10.0,No,No
TKT-05592,Printer,Low,Open,Marketing,Rohit Verma,2024-11-15 15:00:04,,,,No
TKT-05593,Printer,Medium,Closed,Legal,Suresh Kumar,2023-04-19 16:10:10,2023-04-22 03:10:10,59.0,Yes,No
TKT-05594,Hardware,Medium,Closed,Finance,Anjali Mehta,2023-04-29 04:04:04,2023-04-29 13:04:04,9.0,No,Yes
TKT-05595,Network,Low,In Progress,Sales,Priya Singh,2024-04-09 15:12:37,,,,No
TKT-05596,Printer,Medium,Resolved,Sales,Anjali Mehta,2023-09-27 19:52:34,2023-09-29 00:52:34,29.0,No,No
TKT-05597,Email,High,Resolved,Finance,Anjali Mehta,2023-02-23 16:03:55,2023-02-24 03:03:55,11.0,No,No
TKT-05598,Access/Login,Medium,Resolved,IT,Neha Gupta,2023-11-07 19:47:52,2023-11-09 16:47:52,45.0,No,No
TKT-05599,Email,Low,Closed,HR,Anjali Mehta,2023-02-23 08:30:29,2023-02-26 19:30:29,83.0,Yes,No
TKT-05600,Network,Critical,Resolved,Marketing,Neha Gupta,2023-09-11 13:59:18,2023-09-11 18:59:18,5.0,Yes,No
TKT-05601,Access/Login,Low,Open,Marketing,Amit Sharma,2023-04-17 18:58:21,,,,No
TKT-05602,Network,High,Resolved,IT,Suresh Kumar,2024-05-04 06:39:01,2024-05-05 07:39:01,25.0,Yes,Yes
TKT-05603,Software,Low,Closed,IT,Vikram Joshi,2023-03-16 13:29:09,2023-03-20 00:29:09,83.0,Yes,No
TKT-05604,Network,Medium,Resolved,Marketing,Neha Gupta,2023-06-04 06:12:36,2023-06-05 00:12:36,18.0,No,Yes
TKT-05605,Access/Login,Critical,Closed,Marketing,Amit Sharma,2024-11-07 19:19:52,2024-11-07 23:19:52,4.0,No,No
TKT-05606,Printer,Medium,Open,Legal,Neha Gupta,2023-02-23 17:07:06,,,,No
TKT-05607,Software,Medium,Resolved,Operations,Anjali Mehta,2023-06-06 19:24:33,2023-06-07 13:24:33,18.0,No,No
TKT-05608,Printer,Critical,Resolved,Operations,Neha Gupta,2023-01-26 22:47:32,2023-01-27 04:47:32,6.0,Yes,No
TKT-05609,Access/Login,Medium,Resolved,Operations,Vikram Joshi,2024-07-12 04:56:59,2024-07-13 22:56:59,42.0,No,No
TKT-05610,Printer,Medium,Resolved,IT,Priya Singh,2023-07-01 21:17:04,2023-07-02 05:17:04,8.0,No,Yes
TKT-05611,Software,Medium,Closed,HR,Vikram Joshi,2024-06-22 12:47:25,2024-06-23 15:47:25,27.0,No,Yes
TKT-05612,Access/Login,Low,Resolved,IT,Vikram Joshi,2024-01-25 17:05:31,2024-01-26 10:05:31,17.0,No,No
TKT-05613,Hardware,Low,Closed,Sales,Vikram Joshi,2024-06-06 18:44:52,2024-06-08 05:44:52,35.0,No,No
TKT-05614,Printer,Medium,Closed,Finance,Suresh Kumar,2023-07-03 21:54:47,2023-07-05 01:54:47,28.0,No,No
TKT-05615,Printer,High,Closed,Operations,Rohit Verma,2023-02-03 12:13:16,2023-02-04 07:13:16,19.0,No,No
TKT-05616,Access/Login,Medium,Closed,Sales,Rohit Verma,2023-08-22 14:33:50,2023-08-24 04:33:50,38.0,No,No
TKT-05617,Printer,High,Resolved,Finance,Anjali Mehta,2024-05-22 10:34:17,2024-05-23 00:34:17,14.0,No,No
TKT-05618,Email,Critical,Resolved,Marketing,Suresh Kumar,2024-04-07 06:25:09,2024-04-07 07:25:09,1.0,No,Yes
TKT-05619,Hardware,Medium,Closed,Finance,Vikram Joshi,2023-05-20 16:35:04,2023-05-21 10:35:04,18.0,No,Yes
TKT-05620,Email,Medium,Resolved,Sales,Neha Gupta,2023-07-08 14:31:10,2023-07-09 05:31:10,15.0,No,Yes
TKT-05621,Access/Login,High,Open,Sales,Amit Sharma,2024-06-13 08:57:17,,,,No
TKT-05622,Printer,Low,Closed,HR,Suresh Kumar,2024-08-25 15:05:53,2024-08-27 11:05:53,44.0,No,Yes
TKT-05623,Hardware,High,Resolved,IT,Vikram Joshi,2024-01-02 12:04:22,2024-01-03 03:04:22,15.0,No,No
TKT-05624,Network,Medium,Resolved,Finance,Anjali Mehta,2024-10-16 11:09:59,2024-10-17 15:09:59,28.0,No,No
TKT-05625,Printer,Medium,Closed,Marketing,Amit Sharma,2023-11-22 21:13:48,2023-11-23 14:13:48,17.0,No,No
TKT-05626,Software,Medium,Open,Finance,Suresh Kumar,2023-07-07 06:54:25,,,,No
TKT-05627,Software,Medium,Resolved,Operations,Neha Gupta,2023-11-17 13:09:32,2023-11-18 17:09:32,28.0,No,No
TKT-05628,Network,High,Closed,IT,Rohit Verma,2023-01-10 00:20:34,2023-01-10 15:20:34,15.0,No,No
TKT-05629,Printer,Medium,Closed,Sales,Neha Gupta,2023-01-22 09:04:46,2023-01-24 09:04:46,48.0,No,Yes
TKT-05630,Hardware,Medium,Resolved,Operations,Priya Singh,2023-07-16 22:19:54,2023-07-19 03:19:54,53.0,Yes,Yes
TKT-05631,Email,Critical,Closed,HR,Suresh Kumar,2023-05-10 10:02:55,2023-05-10 18:02:55,8.0,Yes,No
TKT-05632,Network,Medium,Resolved,Sales,Vikram Joshi,2023-02-21 02:49:10,2023-02-23 06:49:10,52.0,Yes,No
TKT-05633,Email,Low,Resolved,Operations,Amit Sharma,2023-07-03 07:42:47,2023-07-04 06:42:47,23.0,No,No
TKT-05634,Printer,High,Resolved,IT,Vikram Joshi,2024-12-04 08:28:09,2024-12-05 01:28:09,17.0,No,No
TKT-05635,Hardware,Medium,Resolved,Legal,Vikram Joshi,2024-11-19 07:13:24,2024-11-20 15:13:24,32.0,No,No
TKT-05636,Access/Login,High,Resolved,Legal,Rohit Verma,2023-04-03 09:22:00,2023-04-03 18:22:00,9.0,No,No
TKT-05637,Access/Login,Medium,Closed,IT,Priya Singh,2024-04-08 19:22:22,2024-04-10 06:22:22,35.0,No,No
TKT-05638,Software,High,In Progress,IT,Priya Singh,2024-07-22 00:00:07,,,,No
TKT-05639,Network,Low,Resolved,Sales,Priya Singh,2024-02-05 19:26:35,2024-02-09 03:26:35,80.0,Yes,No
TKT-05640,Network,Critical,Resolved,Finance,Amit Sharma,2024-03-03 18:48:54,2024-03-04 00:48:54,6.0,Yes,Yes
TKT-05641,Printer,Low,Resolved,Legal,Neha Gupta,2024-05-17 15:51:24,2024-05-18 04:51:24,13.0,No,No
TKT-05642,Access/Login,Low,Resolved,Sales,Suresh Kumar,2023-09-03 11:25:18,2023-09-06 11:25:18,72.0,No,Yes
TKT-05643,Access/Login,Low,Closed,Marketing,Rohit Verma,2023-03-14 08:21:22,2023-03-17 20:21:22,84.0,Yes,No
TKT-05644,Hardware,Medium,Resolved,Marketing,Priya Singh,2023-02-01 21:37:09,2023-02-03 05:37:09,32.0,No,No
TKT-05645,Email,Medium,Closed,Sales,Suresh Kumar,2024-01-17 22:17:56,2024-01-20 06:17:56,56.0,Yes,No
TKT-05646,Printer,Medium,Closed,Marketing,Vikram Joshi,2024-06-27 16:35:36,2024-06-29 01:35:36,33.0,No,No
TKT-05647,Hardware,High,Closed,Sales,Rohit Verma,2023-01-20 18:32:20,2023-01-21 19:32:20,25.0,Yes,No
TKT-05648,Access/Login,Low,Resolved,Legal,Suresh Kumar,2024-07-02 05:50:11,2024-07-04 07:50:11,50.0,No,No
TKT-05649,Network,Medium,Resolved,Finance,Neha Gupta,2023-11-15 11:30:22,2023-11-15 21:30:22,10.0,No,No
TKT-05650,Email,Low,Resolved,Sales,Neha Gupta,2023-07-09 03:27:52,2023-07-09 22:27:52,19.0,No,Yes
TKT-05651,Hardware,Critical,Closed,Legal,Suresh Kumar,2023-04-04 05:37:02,2023-04-04 13:37:02,8.0,Yes,No
TKT-05652,Email,High,Closed,Finance,Priya Singh,2023-05-22 03:44:49,2023-05-23 00:44:49,21.0,No,No
TKT-05653,Printer,High,In Progress,Sales,Suresh Kumar,2023-12-30 15:28:48,,,,Yes
TKT-05654,Printer,Low,Resolved,Sales,Suresh Kumar,2023-04-03 07:06:26,2023-04-05 15:06:26,56.0,No,No
TKT-05655,Printer,Medium,Closed,Sales,Rohit Verma,2024-07-14 07:27:28,2024-07-15 06:27:28,23.0,No,Yes
TKT-05656,Printer,High,Resolved,Finance,Priya Singh,2023-11-24 01:55:41,2023-11-24 10:55:41,9.0,No,No
TKT-05657,Access/Login,Medium,Resolved,Legal,Priya Singh,2024-12-26 19:21:41,2024-12-28 15:21:41,44.0,No,No
TKT-05658,Email,Medium,Resolved,IT,Vikram Joshi,2024-06-06 01:42:13,2024-06-07 14:42:13,37.0,No,No
TKT-05659,Email,Medium,Resolved,IT,Suresh Kumar,2023-01-11 11:05:46,2023-01-13 16:05:46,53.0,Yes,No
TKT-05660,Printer,Medium,Closed,Operations,Priya Singh,2024-01-08 20:09:26,2024-01-09 13:09:26,17.0,No,No
TKT-05661,Software,Low,In Progress,IT,Priya Singh,2024-09-24 06:26:24,,,,No
TKT-05662,Printer,Low,Resolved,IT,Neha Gupta,2023-08-01 21:42:17,2023-08-02 10:42:17,13.0,No,No
TKT-05663,Access/Login,Medium,Resolved,Sales,Amit Sharma,2023-08-25 07:33:09,2023-08-27 07:33:09,48.0,No,No
TKT-05664,Network,Critical,Closed,IT,Anjali Mehta,2023-06-07 03:27:24,2023-06-07 06:27:24,3.0,No,No
TKT-05665,Email,High,Closed,Legal,Anjali Mehta,2023-10-28 02:42:21,2023-10-28 06:42:21,4.0,No,Yes
TKT-05666,Access/Login,Medium,Closed,Marketing,Priya Singh,2023-05-20 21:14:23,2023-05-22 00:14:23,27.0,No,Yes
TKT-05667,Email,Low,Resolved,Finance,Amit Sharma,2024-03-15 15:37:26,2024-03-17 19:37:26,52.0,No,No
TKT-05668,Printer,Medium,Resolved,HR,Neha Gupta,2024-08-26 10:17:37,2024-08-27 11:17:37,25.0,No,No
TKT-05669,Email,High,In Progress,Legal,Neha Gupta,2023-09-18 06:27:33,,,,No
TKT-05670,Email,Low,Open,Legal,Vikram Joshi,2024-01-30 17:15:28,,,,No
TKT-05671,Email,Medium,Resolved,IT,Rohit Verma,2024-09-05 05:57:40,2024-09-07 10:57:40,53.0,Yes,No
TKT-05672,Hardware,Medium,Closed,Sales,Suresh Kumar,2024-11-27 08:43:42,2024-11-28 19:43:42,35.0,No,No
TKT-05673,Email,Low,Closed,Sales,Amit Sharma,2023-09-02 21:57:58,2023-09-05 17:57:58,68.0,No,Yes
TKT-05674,Network,Low,Resolved,HR,Neha Gupta,2024-10-11 07:00:36,2024-10-14 22:00:36,87.0,Yes,No
TKT-05675,Hardware,High,Closed,Sales,Neha Gupta,2024-10-02 18:00:08,2024-10-03 13:00:08,19.0,No,No
TKT-05676,Hardware,High,Resolved,Legal,Suresh Kumar,2023-05-19 17:34:26,2023-05-20 09:34:26,16.0,No,No
TKT-05677,Email,High,Resolved,Marketing,Suresh Kumar,2023-05-15 04:06:28,2023-05-15 08:06:28,4.0,No,No
TKT-05678,Access/Login,Low,Resolved,Legal,Neha Gupta,2024-04-29 19:15:30,2024-05-01 05:15:30,34.0,No,No
TKT-05679,Network,Medium,Resolved,Operations,Rohit Verma,2023-04-12 03:10:44,2023-04-12 21:10:44,18.0,No,No
TKT-05680,Email,Critical,Resolved,Finance,Priya Singh,2024-06-12 14:26:06,2024-06-12 20:26:06,6.0,Yes,No
TKT-05681,Printer,Medium,In Progress,IT,Neha Gupta,2024-09-12 08:27:05,,,,No
TKT-05682,Access/Login,High,Closed,Legal,Vikram Joshi,2023-09-16 20:29:03,2023-09-17 01:29:03,5.0,No,Yes
TKT-05683,Network,Critical,Closed,Marketing,Neha Gupta,2023-11-17 12:01:03,2023-11-17 18:01:03,6.0,Yes,No
TKT-05684,Hardware,Low,Resolved,Marketing,Vikram Joshi,2023-08-08 04:41:09,2023-08-11 10:41:09,78.0,Yes,No
TKT-05685,Email,Low,Closed,Sales,Vikram Joshi,2023-10-18 00:38:01,2023-10-20 03:38:01,51.0,No,No
TKT-05686,Software,Medium,Closed,Legal,Rohit Verma,2023-11-02 21:32:22,2023-11-04 18:32:22,45.0,No,No
TKT-05687,Email,Low,Resolved,HR,Amit Sharma,2024-09-09 20:07:29,2024-09-11 18:07:29,46.0,No,No
TKT-05688,Access/Login,High,In Progress,Sales,Suresh Kumar,2024-05-01 03:19:46,,,,No
TKT-05689,Hardware,Medium,Resolved,Legal,Anjali Mehta,2023-05-04 00:37:17,2023-05-04 10:37:17,10.0,No,No
TKT-05690,Printer,Medium,Resolved,Finance,Anjali Mehta,2023-04-03 10:07:50,2023-04-03 16:07:50,6.0,No,No
TKT-05691,Access/Login,Medium,Resolved,HR,Amit Sharma,2024-08-16 21:33:54,2024-08-17 23:33:54,26.0,No,No
TKT-05692,Hardware,Critical,Closed,Finance,Priya Singh,2023-06-06 22:12:25,2023-06-07 05:12:25,7.0,Yes,No
TKT-05693,Email,Medium,Resolved,Marketing,Neha Gupta,2023-09-18 22:11:18,2023-09-20 17:11:18,43.0,No,No
TKT-05694,Email,Low,Resolved,Sales,Anjali Mehta,2024-08-24 13:43:37,2024-08-27 15:43:37,74.0,Yes,Yes
TKT-05695,Printer,Medium,Closed,IT,Rohit Verma,2024-04-10 08:41:34,2024-04-10 21:41:34,13.0,No,No
TKT-05696,Network,Medium,Closed,Marketing,Amit Sharma,2023-04-06 04:35:05,2023-04-06 11:35:05,7.0,No,No
TKT-05697,Software,Medium,Closed,Legal,Rohit Verma,2023-01-25 09:12:52,2023-01-26 06:12:52,21.0,No,No
TKT-05698,Printer,High,Resolved,Marketing,Priya Singh,2023-10-17 23:27:14,2023-10-19 01:27:14,26.0,Yes,No
TKT-05699,Printer,Low,Resolved,Operations,Anjali Mehta,2023-12-02 07:28:17,2023-12-05 15:28:17,80.0,Yes,Yes
TKT-05700,Email,High,Resolved,Marketing,Priya Singh,2023-08-15 17:05:17,2023-08-16 04:05:17,11.0,No,No
TKT-05701,Printer,Medium,Resolved,IT,Amit Sharma,2023-10-10 00:33:10,2023-10-11 18:33:10,42.0,No,No
TKT-05702,Software,Low,Open,Operations,Suresh Kumar,2024-12-25 23:33:29,,,,No
TKT-05703,Email,Low,Open,Finance,Vikram Joshi,2023-03-10 02:30:28,,,,No
TKT-05704,Email,Low,Resolved,HR,Rohit Verma,2024-02-17 16:31:56,2024-02-18 08:31:56,16.0,No,Yes
TKT-05705,Network,Low,Resolved,Finance,Rohit Verma,2024-11-04 22:39:15,2024-11-07 16:39:15,66.0,No,No
TKT-05706,Network,Low,Resolved,IT,Neha Gupta,2024-02-25 08:05:30,2024-02-28 21:05:30,85.0,Yes,Yes
TKT-05707,Software,High,Resolved,Legal,Suresh Kumar,2023-12-02 01:28:36,2023-12-03 04:28:36,27.0,Yes,Yes
TKT-05708,Network,Medium,Resolved,Operations,Amit Sharma,2023-02-07 06:48:22,2023-02-08 23:48:22,41.0,No,No
TKT-05709,Email,High,Resolved,Finance,Anjali Mehta,2024-10-04 19:00:15,2024-10-05 21:00:15,26.0,Yes,No
TKT-05710,Access/Login,Low,Resolved,Sales,Priya Singh,2024-08-19 01:05:59,2024-08-21 11:05:59,58.0,No,No
TKT-05711,Network,Medium,Open,Sales,Amit Sharma,2024-02-26 13:03:30,,,,No
TKT-05712,Network,Low,Resolved,Sales,Anjali Mehta,2023-12-05 03:37:35,2023-12-08 05:37:35,74.0,Yes,No
TKT-05713,Email,Critical,Resolved,Operations,Rohit Verma,2024-04-15 23:27:14,2024-04-16 09:27:14,10.0,Yes,No
TKT-05714,Hardware,High,In Progress,Legal,Neha Gupta,2024-11-02 22:10:29,,,,Yes
TKT-05715,Email,Medium,Resolved,HR,Suresh Kumar,2024-06-21 16:13:02,2024-06-24 00:13:02,56.0,Yes,No
TKT-05716,Access/Login,Low,Resolved,Sales,Anjali Mehta,2024-12-01 21:48:46,2024-12-03 04:48:46,31.0,No,Yes
TKT-05717,Access/Login,Medium,Resolved,Legal,Neha Gupta,2023-03-02 20:40:52,2023-03-04 19:40:52,47.0,No,No
TKT-05718,Network,Medium,Open,Sales,Amit Sharma,2024-05-13 01:54:28,,,,No
TKT-05719,Software,Medium,Resolved,Sales,Rohit Verma,2023-06-09 19:54:17,2023-06-11 00:54:17,29.0,No,No
TKT-05720,Software,Low,In Progress,Marketing,Priya Singh,2023-06-01 19:38:55,,,,No
TKT-05721,Hardware,High,Resolved,HR,Vikram Joshi,2024-03-09 22:01:00,2024-03-10 21:01:00,23.0,No,Yes
TKT-05722,Network,Critical,Open,Marketing,Rohit Verma,2024-12-16 12:33:37,,,,No
TKT-05723,Hardware,Medium,In Progress,Operations,Anjali Mehta,2023-04-20 19:40:24,,,,No
TKT-05724,Printer,High,In Progress,Marketing,Amit Sharma,2023-08-02 06:56:13,,,,No
TKT-05725,Software,Medium,Resolved,HR,Anjali Mehta,2024-07-30 21:16:05,2024-08-01 20:16:05,47.0,No,No
TKT-05726,Access/Login,Medium,Resolved,Legal,Priya Singh,2024-10-17 17:12:07,2024-10-19 00:12:07,31.0,No,No
TKT-05727,Access/Login,Low,Resolved,IT,Priya Singh,2024-07-21 09:29:45,2024-07-24 04:29:45,67.0,No,Yes
TKT-05728,Access/Login,Low,Open,Sales,Suresh Kumar,2023-08-13 07:10:12,,,,Yes
TKT-05729,Printer,High,Closed,Operations,Neha Gupta,2024-01-27 13:44:59,2024-01-28 00:44:59,11.0,No,Yes
TKT-05730,Printer,Low,Closed,Sales,Suresh Kumar,2023-01-07 17:10:10,2023-01-11 09:10:10,88.0,Yes,Yes
TKT-05731,Software,Medium,Resolved,IT,Priya Singh,2023-01-02 10:58:45,2023-01-03 17:58:45,31.0,No,No
TKT-05732,Printer,High,In Progress,HR,Anjali Mehta,2024-03-08 22:53:59,,,,No
TKT-05733,Access/Login,Medium,Resolved,Finance,Amit Sharma,2024-05-13 14:30:15,2024-05-13 23:30:15,9.0,No,No
TKT-05734,Printer,High,Resolved,HR,Neha Gupta,2023-04-05 13:28:27,2023-04-05 15:28:27,2.0,No,No
TKT-05735,Software,Medium,In Progress,Operations,Anjali Mehta,2023-12-08 06:09:53,,,,No
TKT-05736,Hardware,Medium,Closed,Marketing,Anjali Mehta,2023-04-08 16:45:23,2023-04-10 05:45:23,37.0,No,Yes
TKT-05737,Access/Login,Medium,Closed,HR,Priya Singh,2023-08-08 20:03:15,2023-08-10 04:03:15,32.0,No,No
TKT-05738,Hardware,High,Open,Finance,Suresh Kumar,2024-03-07 16:31:43,,,,No
TKT-05739,Printer,High,In Progress,HR,Amit Sharma,2024-07-06 20:00:04,,,,Yes
TKT-05740,Email,Medium,In Progress,Sales,Neha Gupta,2023-12-15 13:33:23,,,,No
TKT-05741,Network,Medium,Resolved,Marketing,Neha Gupta,2024-08-20 23:01:12,2024-08-21 04:01:12,5.0,No,No
TKT-05742,Software,Low,Resolved,HR,Rohit Verma,2023-10-21 04:43:25,2023-10-23 16:43:25,60.0,No,Yes
TKT-05743,Printer,Low,Resolved,Legal,Neha Gupta,2023-01-02 07:06:05,2023-01-05 15:06:05,80.0,Yes,No
TKT-05744,Software,Critical,In Progress,HR,Anjali Mehta,2023-01-02 18:39:22,,,,No
TKT-05745,Printer,Low,Closed,Finance,Rohit Verma,2023-07-15 08:27:45,2023-07-15 23:27:45,15.0,No,Yes
TKT-05746,Hardware,Medium,Resolved,Sales,Vikram Joshi,2024-04-16 20:42:45,2024-04-19 07:42:45,59.0,Yes,No
TKT-05747,Access/Login,Critical,Resolved,Finance,Anjali Mehta,2023-07-22 07:53:44,2023-07-22 08:53:44,1.0,No,Yes
TKT-05748,Email,Critical,Resolved,Sales,Priya Singh,2023-01-31 15:56:46,2023-01-31 22:56:46,7.0,Yes,No
TKT-05749,Network,Low,Closed,IT,Suresh Kumar,2023-07-17 00:34:51,2023-07-17 21:34:51,21.0,No,No
TKT-05750,Printer,Critical,Resolved,HR,Neha Gupta,2023-10-21 06:04:05,2023-10-21 07:04:05,1.0,No,Yes
TKT-05751,Email,Medium,Resolved,Sales,Vikram Joshi,2024-10-05 16:34:30,2024-10-07 10:34:30,42.0,No,Yes
TKT-05752,Email,Low,Open,Finance,Amit Sharma,2024-08-16 20:58:41,,,,No
TKT-05753,Software,Medium,Resolved,HR,Anjali Mehta,2023-04-27 17:45:26,2023-04-29 15:45:26,46.0,No,No
TKT-05754,Network,Medium,Resolved,Marketing,Neha Gupta,2023-02-02 19:37:24,2023-02-04 09:37:24,38.0,No,No
TKT-05755,Email,Medium,Resolved,Finance,Neha Gupta,2024-03-20 12:48:26,2024-03-22 03:48:26,39.0,No,No
TKT-05756,Software,Low,Closed,Finance,Priya Singh,2024-01-02 03:36:40,2024-01-03 06:36:40,27.0,No,No
TKT-05757,Network,Low,Resolved,Operations,Anjali Mehta,2024-12-02 00:13:22,2024-12-03 17:13:22,41.0,No,No
TKT-05758,Access/Login,High,Resolved,Finance,Anjali Mehta,2023-12-30 19:40:53,2023-12-31 14:40:53,19.0,No,Yes
TKT-05759,Network,Medium,Resolved,Operations,Amit Sharma,2024-07-12 01:23:06,2024-07-13 12:23:06,35.0,No,No
TKT-05760,Software,High,Resolved,IT,Priya Singh,2024-06-16 13:48:03,2024-06-17 10:48:03,21.0,No,Yes
TKT-05761,Software,Medium,Resolved,Marketing,Anjali Mehta,2023-03-06 10:21:03,2023-03-08 08:21:03,46.0,No,No
TKT-05762,Network,Medium,Closed,Sales,Amit Sharma,2024-08-13 07:26:46,2024-08-15 19:26:46,60.0,Yes,No
TKT-05763,Printer,Medium,Resolved,Operations,Amit Sharma,2023-09-27 01:27:11,2023-09-27 13:27:11,12.0,No,No
TKT-05764,Hardware,Medium,Resolved,Finance,Vikram Joshi,2024-01-21 00:18:48,2024-01-22 18:18:48,42.0,No,Yes
TKT-05765,Hardware,Low,Resolved,HR,Vikram Joshi,2023-09-22 19:14:41,2023-09-25 04:14:41,57.0,No,No
TKT-05766,Access/Login,Low,Resolved,HR,Rohit Verma,2023-04-14 05:45:55,2023-04-16 18:45:55,61.0,No,No
TKT-05767,Printer,Low,In Progress,Finance,Rohit Verma,2024-05-06 00:59:45,,,,No
TKT-05768,Software,Critical,Open,IT,Amit Sharma,2023-01-02 06:13:34,,,,No
TKT-05769,Printer,Low,Closed,IT,Vikram Joshi,2023-05-30 13:18:23,2023-06-01 04:18:23,39.0,No,No
TKT-05770,Hardware,Low,In Progress,Finance,Priya Singh,2024-04-15 19:41:33,,,,No
TKT-05771,Hardware,Medium,Resolved,Legal,Suresh Kumar,2024-06-28 09:24:41,2024-06-29 10:24:41,25.0,No,No
TKT-05772,Hardware,Medium,Resolved,Marketing,Anjali Mehta,2024-06-24 00:36:13,2024-06-25 04:36:13,28.0,No,No
TKT-05773,Hardware,Medium,Closed,HR,Vikram Joshi,2024-12-20 14:26:14,2024-12-21 21:26:14,31.0,No,No
TKT-05774,Software,Medium,Resolved,IT,Priya Singh,2024-04-19 23:36:28,2024-04-21 18:36:28,43.0,No,No
TKT-05775,Access/Login,High,Resolved,Finance,Rohit Verma,2023-08-05 13:25:27,2023-08-06 11:25:27,22.0,No,Yes
TKT-05776,Software,High,Open,Operations,Vikram Joshi,2024-08-07 23:20:45,,,,No
TKT-05777,Access/Login,Medium,Closed,HR,Priya Singh,2024-08-21 19:09:30,2024-08-23 13:09:30,42.0,No,No
TKT-05778,Network,High,Resolved,Sales,Amit Sharma,2023-11-25 22:08:18,2023-11-26 01:08:18,3.0,No,Yes
TKT-05779,Access/Login,Low,Resolved,Finance,Priya Singh,2024-05-18 13:56:29,2024-05-21 14:56:29,73.0,Yes,Yes
TKT-05780,Email,High,Resolved,Legal,Anjali Mehta,2023-03-31 19:52:21,2023-04-01 09:52:21,14.0,No,No
TKT-05781,Network,Medium,In Progress,Operations,Suresh Kumar,2023-03-31 06:01:57,,,,No
TKT-05782,Access/Login,High,Closed,Finance,Amit Sharma,2024-11-17 04:04:33,2024-11-17 16:04:33,12.0,No,Yes
TKT-05783,Hardware,Low,Resolved,Sales,Amit Sharma,2024-10-10 22:16:24,2024-10-12 04:16:24,30.0,No,No
TKT-05784,Network,Critical,Open,IT,Neha Gupta,2024-09-15 02:17:54,,,,Yes
TKT-05785,Access/Login,Low,Closed,Legal,Anjali Mehta,2024-06-14 21:35:55,2024-06-16 16:35:55,43.0,No,No
TKT-05786,Printer,Medium,Closed,Sales,Rohit Verma,2023-05-16 22:57:44,2023-05-18 13:57:44,39.0,No,No
TKT-05787,Printer,High,Resolved,HR,Amit Sharma,2024-04-06 12:36:01,2024-04-07 02:36:01,14.0,No,Yes
TKT-05788,Access/Login,Low,Resolved,Marketing,Amit Sharma,2023-09-17 20:45:28,2023-09-18 20:45:28,24.0,No,Yes
TKT-05789,Access/Login,Low,Resolved,HR,Anjali Mehta,2024-11-03 14:07:31,2024-11-06 18:07:31,76.0,Yes,Yes
TKT-05790,Access/Login,Low,In Progress,Sales,Neha Gupta,2023-01-04 04:25:21,,,,No
TKT-05791,Network,Low,Resolved,HR,Anjali Mehta,2024-09-16 12:25:19,2024-09-18 14:25:19,50.0,No,No
TKT-05792,Access/Login,High,Closed,Legal,Neha Gupta,2024-01-12 08:08:39,2024-01-12 14:08:39,6.0,No,No
TKT-05793,Hardware,Low,Open,Finance,Rohit Verma,2023-03-17 03:00:22,,,,No
TKT-05794,Hardware,Low,In Progress,Sales,Rohit Verma,2023-06-17 19:06:20,,,,Yes
TKT-05795,Email,Low,Resolved,Legal,Amit Sharma,2024-08-16 10:08:56,2024-08-19 02:08:56,64.0,No,No
TKT-05796,Hardware,Medium,Closed,IT,Amit Sharma,2023-11-21 14:06:03,2023-11-23 04:06:03,38.0,No,No
TKT-05797,Network,Low,Closed,Operations,Priya Singh,2023-12-16 05:36:52,2023-12-17 21:36:52,40.0,No,Yes
TKT-05798,Access/Login,Medium,Resolved,Legal,Neha Gupta,2023-06-23 03:14:09,2023-06-24 11:14:09,32.0,No,No
TKT-05799,Software,High,Resolved,IT,Vikram Joshi,2024-04-23 08:38:53,2024-04-24 11:38:53,27.0,Yes,No
TKT-05800,Hardware,Medium,Closed,Marketing,Vikram Joshi,2024-10-01 07:18:55,2024-10-01 18:18:55,11.0,No,No
TKT-05801,Access/Login,Critical,In Progress,HR,Priya Singh,2023-04-14 02:48:12,,,,No
TKT-05802,Printer,Low,Closed,IT,Suresh Kumar,2023-05-11 16:05:02,2023-05-15 06:05:02,86.0,Yes,No
TKT-05803,Printer,Medium,Resolved,Legal,Anjali Mehta,2024-09-13 05:38:17,2024-09-14 14:38:17,33.0,No,No
TKT-05804,Hardware,Low,Open,Operations,Priya Singh,2023-12-25 13:21:36,,,,No
TKT-05805,Printer,High,Resolved,Sales,Neha Gupta,2024-04-08 08:22:44,2024-04-09 01:22:44,17.0,No,No
TKT-05806,Software,Low,Resolved,Marketing,Vikram Joshi,2023-12-13 00:38:32,2023-12-16 15:38:32,87.0,Yes,No
TKT-05807,Email,Medium,Resolved,IT,Suresh Kumar,2024-03-14 22:41:39,2024-03-15 12:41:39,14.0,No,No
TKT-05808,Software,Low,Open,Marketing,Neha Gupta,2024-10-14 09:56:59,,,,No
TKT-05809,Email,Low,Resolved,Marketing,Amit Sharma,2024-07-25 05:31:03,2024-07-28 09:31:03,76.0,Yes,No
TKT-05810,Email,Medium,Resolved,Marketing,Amit Sharma,2024-06-01 04:34:43,2024-06-02 07:34:43,27.0,No,Yes
TKT-05811,Hardware,Medium,Closed,Sales,Amit Sharma,2024-10-25 10:07:38,2024-10-26 13:07:38,27.0,No,No
TKT-05812,Software,Medium,Closed,IT,Anjali Mehta,2024-12-03 03:00:29,2024-12-04 08:00:29,29.0,No,No
TKT-05813,Hardware,Medium,Resolved,Operations,Suresh Kumar,2023-07-26 04:48:27,2023-07-27 03:48:27,23.0,No,No
TKT-05814,Printer,Low,Closed,Legal,Rohit Verma,2023-01-19 01:40:33,2023-01-19 15:40:33,14.0,No,No
TKT-05815,Software,High,Closed,Operations,Amit Sharma,2024-07-07 13:11:52,2024-07-08 14:11:52,25.0,Yes,Yes
TKT-05816,Access/Login,Medium,Resolved,Legal,Amit Sharma,2024-07-23 12:00:17,2024-07-25 11:00:17,47.0,No,No
TKT-05817,Access/Login,Critical,Resolved,Finance,Suresh Kumar,2024-11-20 04:20:34,2024-11-20 07:20:34,3.0,No,No
TKT-05818,Software,Low,Resolved,Sales,Neha Gupta,2023-01-09 20:59:02,2023-01-12 20:59:02,72.0,No,No
TKT-05819,Hardware,High,Closed,Finance,Suresh Kumar,2024-02-03 00:56:44,2024-02-04 06:56:44,30.0,Yes,Yes
TKT-05820,Hardware,Medium,Closed,Marketing,Amit Sharma,2024-06-29 20:15:13,2024-06-30 06:15:13,10.0,No,Yes
TKT-05821,Software,Medium,Closed,Finance,Priya Singh,2024-08-20 02:51:10,2024-08-21 03:51:10,25.0,No,No
TKT-05822,Software,Medium,Open,Finance,Vikram Joshi,2023-07-13 11:35:09,,,,No
TKT-05823,Printer,Low,Closed,Finance,Amit Sharma,2024-06-14 02:52:40,2024-06-16 20:52:40,66.0,No,No
TKT-05824,Network,Low,Closed,IT,Amit Sharma,2024-12-23 01:52:11,2024-12-26 18:52:11,89.0,Yes,No
TKT-05825,Software,Medium,In Progress,Marketing,Rohit Verma,2023-09-23 06:43:42,,,,Yes
TKT-05826,Software,Critical,In Progress,Legal,Amit Sharma,2023-05-31 03:08:15,,,,No
TKT-05827,Access/Login,Medium,Open,Marketing,Suresh Kumar,2023-09-30 09:52:13,,,,Yes
TKT-05828,Access/Login,Low,Closed,IT,Priya Singh,2024-01-02 06:11:50,2024-01-03 20:11:50,38.0,No,No
TKT-05829,Access/Login,Critical,Closed,HR,Priya Singh,2024-07-10 13:42:18,2024-07-10 17:42:18,4.0,No,No
TKT-05830,Network,Low,Closed,Marketing,Amit Sharma,2023-02-20 19:18:17,2023-02-22 11:18:17,40.0,No,No
TKT-05831,Hardware,Low,Resolved,Sales,Vikram Joshi,2023-09-07 10:07:29,2023-09-08 01:07:29,15.0,No,No
TKT-05832,Access/Login,Critical,Resolved,Operations,Vikram Joshi,2024-09-20 19:55:12,2024-09-20 21:55:12,2.0,No,No
TKT-05833,Software,Low,Open,Finance,Priya Singh,2023-06-27 06:10:49,,,,No
TKT-05834,Email,Medium,Resolved,Legal,Rohit Verma,2024-03-07 05:53:48,2024-03-07 13:53:48,8.0,No,No
TKT-05835,Network,Low,Open,HR,Priya Singh,2023-06-16 19:02:01,,,,No
TKT-05836,Email,High,In Progress,Finance,Neha Gupta,2023-10-08 22:00:40,,,,Yes
TKT-05837,Hardware,Medium,In Progress,Operations,Priya Singh,2024-03-19 15:18:29,,,,No
TKT-05838,Email,Low,In Progress,Operations,Priya Singh,2023-08-04 13:32:38,,,,No
TKT-05839,Email,Low,In Progress,Legal,Suresh Kumar,2024-08-29 05:14:30,,,,No
TKT-05840,Email,Medium,Closed,Finance,Suresh Kumar,2024-05-08 04:52:27,2024-05-08 21:52:27,17.0,No,No
TKT-05841,Printer,Medium,Closed,Finance,Suresh Kumar,2023-12-10 06:33:12,2023-12-10 17:33:12,11.0,No,Yes
TKT-05842,Access/Login,Low,Resolved,Sales,Neha Gupta,2023-02-01 13:40:29,2023-02-02 20:40:29,31.0,No,No
TKT-05843,Network,Medium,Resolved,IT,Amit Sharma,2024-02-15 12:12:06,2024-02-16 13:12:06,25.0,No,No
TKT-05844,Network,Medium,Closed,Finance,Vikram Joshi,2024-12-15 23:37:11,2024-12-16 20:37:11,21.0,No,Yes
TKT-05845,Printer,Low,Closed,Marketing,Suresh Kumar,2024-06-11 12:16:35,2024-06-12 20:16:35,32.0,No,No
TKT-05846,Email,Critical,Resolved,Finance,Anjali Mehta,2023-10-28 10:56:59,2023-10-28 18:56:59,8.0,Yes,Yes
TKT-05847,Email,Critical,Closed,Sales,Suresh Kumar,2024-07-18 16:24:07,2024-07-18 20:24:07,4.0,No,No
TKT-05848,Access/Login,Low,Resolved,Legal,Rohit Verma,2024-08-24 07:41:19,2024-08-25 05:41:19,22.0,No,Yes
TKT-05849,Software,High,Resolved,HR,Neha Gupta,2023-05-16 13:22:13,2023-05-17 12:22:13,23.0,No,No
TKT-05850,Hardware,Medium,Closed,IT,Priya Singh,2024-09-28 20:08:55,2024-09-29 06:08:55,10.0,No,Yes
TKT-05851,Hardware,High,Closed,HR,Suresh Kumar,2023-04-11 02:59:34,2023-04-12 03:59:34,25.0,Yes,No
TKT-05852,Hardware,Medium,Resolved,Marketing,Amit Sharma,2024-12-11 13:03:58,2024-12-12 10:03:58,21.0,No,No
TKT-05853,Software,Medium,Closed,IT,Amit Sharma,2023-11-04 05:23:39,2023-11-05 17:23:39,36.0,No,Yes
TKT-05854,Hardware,Medium,Open,Operations,Priya Singh,2024-04-07 00:16:49,,,,Yes
TKT-05855,Email,Low,Resolved,Legal,Amit Sharma,2024-03-29 05:51:23,2024-03-31 17:51:23,60.0,No,No
TKT-05856,Access/Login,Critical,Resolved,Sales,Neha Gupta,2023-03-29 08:30:20,2023-03-29 12:30:20,4.0,No,No
TKT-05857,Software,Medium,Closed,Sales,Amit Sharma,2024-02-24 23:54:34,2024-02-26 01:54:34,26.0,No,Yes
TKT-05858,Email,Medium,Resolved,Marketing,Priya Singh,2024-05-16 15:17:03,2024-05-18 23:17:03,56.0,Yes,No
TKT-05859,Printer,Low,Resolved,IT,Priya Singh,2024-06-03 01:02:24,2024-06-03 15:02:24,14.0,No,No
TKT-05860,Email,High,In Progress,HR,Vikram Joshi,2024-08-13 12:19:58,,,,No
TKT-05861,Hardware,Critical,Closed,Operations,Suresh Kumar,2024-01-15 23:15:16,2024-01-16 04:15:16,5.0,Yes,No
TKT-05862,Network,Medium,Resolved,Marketing,Neha Gupta,2024-11-14 23:50:35,2024-11-17 05:50:35,54.0,Yes,No
TKT-05863,Network,Low,Resolved,Sales,Rohit Verma,2024-03-10 06:17:36,2024-03-10 23:17:36,17.0,No,Yes
TKT-05864,Network,Critical,Closed,IT,Neha Gupta,2024-06-13 04:01:36,2024-06-13 07:01:36,3.0,No,No
TKT-05865,Hardware,Low,Resolved,IT,Vikram Joshi,2023-11-12 17:09:07,2023-11-14 19:09:07,50.0,No,Yes
TKT-05866,Printer,Low,In Progress,HR,Amit Sharma,2024-03-25 10:16:04,,,,No
TKT-05867,Network,High,Resolved,Marketing,Suresh Kumar,2023-11-22 11:17:15,2023-11-23 09:17:15,22.0,No,No
TKT-05868,Hardware,Medium,Open,Legal,Vikram Joshi,2024-08-27 15:40:08,,,,No
TKT-05869,Email,Low,In Progress,HR,Amit Sharma,2024-09-26 14:51:12,,,,No
TKT-05870,Printer,Medium,Open,Sales,Suresh Kumar,2023-03-18 17:17:20,,,,Yes
TKT-05871,Network,High,Closed,IT,Rohit Verma,2024-05-08 08:37:09,2024-05-08 23:37:09,15.0,No,No
TKT-05872,Network,Critical,Closed,Operations,Priya Singh,2023-04-10 08:44:43,2023-04-10 11:44:43,3.0,No,No
TKT-05873,Network,Medium,Resolved,Finance,Suresh Kumar,2024-03-18 07:26:43,2024-03-20 08:26:43,49.0,Yes,No
TKT-05874,Network,High,Resolved,Operations,Amit Sharma,2024-01-10 02:36:28,2024-01-11 08:36:28,30.0,Yes,No
TKT-05875,Access/Login,Medium,Closed,Sales,Amit Sharma,2024-06-22 14:33:32,2024-06-24 14:33:32,48.0,No,Yes
TKT-05876,Email,Medium,Resolved,Finance,Amit Sharma,2023-10-01 23:18:44,2023-10-02 05:18:44,6.0,No,Yes
TKT-05877,Access/Login,Low,Closed,Marketing,Rohit Verma,2024-05-25 20:01:11,2024-05-28 19:01:11,71.0,No,Yes
TKT-05878,Software,High,Open,HR,Anjali Mehta,2023-09-22 03:14:27,,,,No
TKT-05879,Software,High,Resolved,IT,Neha Gupta,2024-09-07 17:50:43,2024-09-08 00:50:43,7.0,No,Yes
TKT-05880,Network,Critical,Resolved,Operations,Rohit Verma,2024-06-30 23:02:02,2024-07-01 09:02:02,10.0,Yes,Yes
TKT-05881,Access/Login,Low,Closed,Marketing,Suresh Kumar,2023-10-08 08:11:56,2023-10-11 23:11:56,87.0,Yes,Yes
TKT-05882,Printer,Medium,In Progress,Operations,Priya Singh,2024-07-20 02:48:31,,,,Yes
TKT-05883,Hardware,High,Closed,Legal,Neha Gupta,2024-09-05 22:11:23,2024-09-06 08:11:23,10.0,No,No
TKT-05884,Access/Login,Critical,Closed,Marketing,Priya Singh,2024-01-21 01:23:08,2024-01-21 07:23:08,6.0,Yes,Yes
TKT-05885,Email,Low,Open,Legal,Rohit Verma,2023-12-11 17:33:45,,,,No
TKT-05886,Hardware,Medium,Resolved,Sales,Vikram Joshi,2024-07-21 21:29:23,2024-07-22 18:29:23,21.0,No,Yes
TKT-05887,Software,High,Closed,Finance,Anjali Mehta,2023-03-10 22:56:24,2023-03-11 23:56:24,25.0,Yes,No
TKT-05888,Access/Login,Medium,Closed,IT,Vikram Joshi,2024-08-16 08:21:13,2024-08-17 19:21:13,35.0,No,No
TKT-05889,Access/Login,High,Open,IT,Priya Singh,2023-12-08 02:05:21,,,,No
TKT-05890,Software,Low,Resolved,HR,Suresh Kumar,2024-05-03 14:50:43,2024-05-04 12:50:43,22.0,No,No
TKT-05891,Hardware,Medium,Open,Operations,Neha Gupta,2023-04-26 06:51:24,,,,No
TKT-05892,Access/Login,Medium,In Progress,Legal,Amit Sharma,2023-12-20 06:42:56,,,,No
TKT-05893,Email,Low,Resolved,IT,Vikram Joshi,2023-04-20 17:34:35,2023-04-22 11:34:35,42.0,No,No
TKT-05894,Printer,Medium,Resolved,IT,Neha Gupta,2024-08-16 18:03:57,2024-08-18 06:03:57,36.0,No,No
TKT-05895,Email,High,Resolved,Legal,Neha Gupta,2024-07-29 07:05:26,2024-07-29 12:05:26,5.0,No,No
TKT-05896,Printer,Medium,Closed,Marketing,Vikram Joshi,2024-08-31 15:48:56,2024-09-02 22:48:56,55.0,Yes,Yes
TKT-05897,Printer,Medium,In Progress,IT,Amit Sharma,2023-05-23 07:00:33,,,,No
TKT-05898,Access/Login,Critical,In Progress,HR,Rohit Verma,2023-09-27 23:21:57,,,,No
TKT-05899,Access/Login,Critical,Resolved,Sales,Anjali Mehta,2024-06-30 06:46:33,2024-06-30 12:46:33,6.0,Yes,Yes
TKT-05900,Network,Critical,Resolved,Sales,Amit Sharma,2023-03-25 08:00:02,2023-03-25 17:00:02,9.0,Yes,Yes
TKT-05901,Network,Medium,Resolved,Sales,Neha Gupta,2024-01-16 02:33:48,2024-01-16 20:33:48,18.0,No,No
TKT-05902,Network,Critical,Closed,Sales,Rohit Verma,2023-02-22 09:12:28,2023-02-22 17:12:28,8.0,Yes,No
TKT-05903,Access/Login,Critical,In Progress,Marketing,Neha Gupta,2024-07-23 17:31:53,,,,No
TKT-05904,Printer,Low,Resolved,Marketing,Rohit Verma,2024-01-11 06:40:55,2024-01-11 19:40:55,13.0,No,No
TKT-05905,Software,High,Closed,Finance,Neha Gupta,2023-12-25 20:19:16,2023-12-26 14:19:16,18.0,No,No
TKT-05906,Access/Login,Medium,Resolved,Operations,Suresh Kumar,2024-02-05 20:51:52,2024-02-06 04:51:52,8.0,No,No
TKT-05907,Email,Critical,Open,Legal,Priya Singh,2024-02-09 19:09:07,,,,No
TKT-05908,Software,Medium,Resolved,Operations,Suresh Kumar,2024-01-26 01:23:27,2024-01-28 08:23:27,55.0,Yes,No
TKT-05909,Access/Login,Medium,Open,Sales,Suresh Kumar,2023-04-11 09:22:01,,,,No
TKT-05910,Network,Low,Resolved,HR,Neha Gupta,2023-08-27 02:13:44,2023-08-30 17:13:44,87.0,Yes,Yes
TKT-05911,Access/Login,Medium,Resolved,Legal,Vikram Joshi,2023-01-31 09:14:54,2023-02-02 09:14:54,48.0,No,No
TKT-05912,Software,Low,Resolved,Sales,Suresh Kumar,2023-06-07 07:12:17,2023-06-08 01:12:17,18.0,No,No
TKT-05913,Software,Critical,Resolved,Sales,Amit Sharma,2024-06-22 03:31:23,2024-06-22 09:31:23,6.0,Yes,Yes
TKT-05914,Email,Low,Resolved,IT,Suresh Kumar,2024-12-29 22:10:55,2024-12-30 17:10:55,19.0,No,Yes
TKT-05915,Access/Login,Medium,Resolved,Operations,Priya Singh,2024-09-14 18:19:30,2024-09-15 02:19:30,8.0,No,Yes
TKT-05916,Hardware,Medium,Resolved,Legal,Vikram Joshi,2024-07-18 20:34:12,2024-07-21 05:34:12,57.0,Yes,No
TKT-05917,Hardware,Low,In Progress,IT,Rohit Verma,2024-06-22 02:22:21,,,,Yes
TKT-05918,Email,High,Resolved,Legal,Rohit Verma,2024-12-11 23:00:16,2024-12-12 04:00:16,5.0,No,No
TKT-05919,Hardware,Low,Resolved,Operations,Anjali Mehta,2023-01-16 00:30:26,2023-01-18 07:30:26,55.0,No,No
TKT-05920,Hardware,Medium,Resolved,Legal,Rohit Verma,2024-09-18 18:47:09,2024-09-19 15:47:09,21.0,No,No
TKT-05921,Hardware,Critical,Closed,Operations,Neha Gupta,2023-12-14 00:31:35,2023-12-14 07:31:35,7.0,Yes,No
TKT-05922,Network,Medium,Resolved,HR,Anjali Mehta,2024-11-20 21:10:38,2024-11-21 03:10:38,6.0,No,No
TKT-05923,Software,Medium,In Progress,HR,Rohit Verma,2024-05-03 01:48:29,,,,No
TKT-05924,Printer,Medium,Resolved,Operations,Rohit Verma,2023-02-13 07:15:37,2023-02-14 23:15:37,40.0,No,No
TKT-05925,Printer,Medium,Open,Marketing,Anjali Mehta,2024-06-10 19:18:56,,,,No
TKT-05926,Network,Medium,Resolved,IT,Priya Singh,2024-05-07 14:33:07,2024-05-09 11:33:07,45.0,No,No
TKT-05927,Hardware,High,Resolved,Marketing,Priya Singh,2023-04-19 04:38:21,2023-04-20 07:38:21,27.0,Yes,No
TKT-05928,Printer,High,In Progress,Operations,Priya Singh,2023-05-07 17:07:36,,,,Yes
TKT-05929,Hardware,Critical,Resolved,Finance,Priya Singh,2023-03-29 17:53:41,2023-03-30 03:53:41,10.0,Yes,No
TKT-05930,Software,Low,Open,Marketing,Rohit Verma,2024-03-07 03:38:24,,,,No
TKT-05931,Software,Medium,Closed,IT,Vikram Joshi,2023-02-01 10:27:33,2023-02-03 04:27:33,42.0,No,No
TKT-05932,Printer,Medium,Closed,Operations,Vikram Joshi,2023-10-18 10:26:59,2023-10-20 22:26:59,60.0,Yes,No
TKT-05933,Software,High,In Progress,IT,Priya Singh,2023-11-24 01:56:52,,,,No
TKT-05934,Access/Login,High,Resolved,Operations,Amit Sharma,2023-05-17 07:11:11,2023-05-17 09:11:11,2.0,No,No
TKT-05935,Access/Login,High,Open,Finance,Suresh Kumar,2024-12-22 11:09:03,,,,Yes
TKT-05936,Network,Low,Closed,HR,Anjali Mehta,2024-10-09 22:10:45,2024-10-12 00:10:45,50.0,No,No
TKT-05937,Printer,Medium,Resolved,Sales,Amit Sharma,2024-09-11 04:16:17,2024-09-11 13:16:17,9.0,No,No
TKT-05938,Access/Login,High,Closed,Finance,Suresh Kumar,2024-07-05 04:43:06,2024-07-06 07:43:06,27.0,Yes,No
TKT-05939,Access/Login,Low,In Progress,IT,Rohit Verma,2024-12-28 21:05:24,,,,Yes
TKT-05940,Email,Medium,Open,Sales,Amit Sharma,2023-11-19 23:12:44,,,,Yes
TKT-05941,Software,Critical,Closed,HR,Amit Sharma,2024-09-21 15:25:27,2024-09-21 21:25:27,6.0,Yes,Yes
TKT-05942,Access/Login,Medium,Resolved,HR,Vikram Joshi,2024-11-26 23:53:15,2024-11-28 10:53:15,35.0,No,No
TKT-05943,Printer,Medium,Resolved,Marketing,Anjali Mehta,2024-02-02 17:08:20,2024-02-03 15:08:20,22.0,No,No
TKT-05944,Hardware,Critical,Resolved,IT,Amit Sharma,2024-10-25 10:24:22,2024-10-25 13:24:22,3.0,No,No
TKT-05945,Hardware,High,Closed,Legal,Neha Gupta,2023-07-23 13:55:33,2023-07-23 21:55:33,8.0,No,Yes
TKT-05946,Email,Medium,Closed,HR,Amit Sharma,2024-04-29 17:36:19,2024-04-30 04:36:19,11.0,No,No
TKT-05947,Email,Low,Resolved,Legal,Vikram Joshi,2024-11-05 12:56:55,2024-11-08 20:56:55,80.0,Yes,No
TKT-05948,Software,Critical,Closed,Sales,Amit Sharma,2023-12-02 02:24:51,2023-12-02 06:24:51,4.0,No,Yes
TKT-05949,Email,Medium,Resolved,Marketing,Suresh Kumar,2023-06-16 06:10:52,2023-06-17 12:10:52,30.0,No,No
TKT-05950,Printer,Medium,Resolved,Sales,Priya Singh,2024-08-29 12:18:56,2024-08-31 03:18:56,39.0,No,No
TKT-05951,Network,High,Resolved,Legal,Suresh Kumar,2023-10-06 16:43:15,2023-10-06 19:43:15,3.0,No,No
TKT-05952,Network,Low,Open,Marketing,Priya Singh,2023-08-08 16:34:20,,,,No
TKT-05953,Network,Medium,In Progress,Legal,Anjali Mehta,2023-05-09 09:45:40,,,,No
TKT-05954,Access/Login,Medium,Closed,Legal,Anjali Mehta,2024-04-14 04:18:15,2024-04-16 11:18:15,55.0,Yes,Yes
TKT-05955,Access/Login,Medium,Resolved,Legal,Rohit Verma,2024-07-11 02:00:19,2024-07-12 15:00:19,37.0,No,No
TKT-05956,Access/Login,Low,Resolved,HR,Vikram Joshi,2024-08-14 17:59:42,2024-08-16 13:59:42,44.0,No,No
TKT-05957,Access/Login,High,Closed,IT,Suresh Kumar,2023-07-11 22:44:01,2023-07-12 23:44:01,25.0,Yes,No
TKT-05958,Access/Login,High,Closed,Legal,Neha Gupta,2024-06-06 10:43:42,2024-06-06 20:43:42,10.0,No,No
TKT-05959,Printer,Medium,Resolved,IT,Amit Sharma,2023-06-22 01:48:45,2023-06-23 01:48:45,24.0,No,No
TKT-05960,Hardware,Medium,Resolved,Operations,Amit Sharma,2024-11-02 05:13:51,2024-11-03 22:13:51,41.0,No,Yes
TKT-05961,Network,Critical,Resolved,Finance,Neha Gupta,2024-02-12 21:15:25,2024-02-13 04:15:25,7.0,Yes,No
TKT-05962,Network,High,Resolved,Marketing,Rohit Verma,2023-11-06 00:36:05,2023-11-07 06:36:05,30.0,Yes,No
TKT-05963,Printer,Low,In Progress,Sales,Vikram Joshi,2024-05-26 22:35:33,,,,Yes
TKT-05964,Printer,Low,Closed,Marketing,Rohit Verma,2023-10-20 08:25:28,2023-10-20 23:25:28,15.0,No,No
TKT-05965,Software,Medium,Closed,IT,Vikram Joshi,2024-11-18 07:37:28,2024-11-19 14:37:28,31.0,No,No
TKT-05966,Email,Critical,Resolved,Sales,Priya Singh,2024-10-11 05:22:14,2024-10-11 15:22:14,10.0,Yes,No
TKT-05967,Printer,Medium,Resolved,Legal,Amit Sharma,2024-08-05 14:56:18,2024-08-06 19:56:18,29.0,No,No
TKT-05968,Hardware,Medium,Resolved,IT,Suresh Kumar,2024-06-23 11:09:41,2024-06-24 08:09:41,21.0,No,Yes
TKT-05969,Network,Medium,Resolved,Finance,Suresh Kumar,2024-11-06 20:36:17,2024-11-08 02:36:17,30.0,No,No
TKT-05970,Printer,Low,Resolved,Legal,Neha Gupta,2023-12-11 03:00:44,2023-12-11 23:00:44,20.0,No,No
TKT-05971,Access/Login,Medium,Resolved,Legal,Vikram Joshi,2023-09-06 21:29:51,2023-09-08 00:29:51,27.0,No,No
TKT-05972,Printer,High,Open,HR,Neha Gupta,2023-10-03 08:48:33,,,,No
TKT-05973,Email,Low,Resolved,IT,Neha Gupta,2024-02-14 21:15:03,2024-02-15 20:15:03,23.0,No,No
TKT-05974,Access/Login,Medium,Resolved,IT,Neha Gupta,2023-05-19 14:33:09,2023-05-21 15:33:09,49.0,Yes,No
TKT-05975,Printer,Low,Open,Operations,Vikram Joshi,2024-04-10 05:28:30,,,,No
TKT-05976,Network,Low,In Progress,Operations,Vikram Joshi,2023-01-18 03:10:39,,,,No
TKT-05977,Access/Login,Critical,Closed,Operations,Neha Gupta,2023-03-17 15:14:56,2023-03-17 22:14:56,7.0,Yes,No
TKT-05978,Access/Login,Critical,Resolved,Marketing,Amit Sharma,2024-10-05 19:45:22,2024-10-05 21:45:22,2.0,No,Yes
TKT-05979,Software,Medium,Resolved,Operations,Suresh Kumar,2024-09-16 15:54:07,2024-09-18 23:54:07,56.0,Yes,No
TKT-05980,Printer,High,Resolved,Marketing,Vikram Joshi,2024-04-01 06:42:35,2024-04-02 01:42:35,19.0,No,No
TKT-05981,Hardware,Low,Closed,Sales,Vikram Joshi,2024-08-24 03:31:43,2024-08-26 16:31:43,61.0,No,Yes
TKT-05982,Email,Low,Resolved,HR,Vikram Joshi,2024-03-03 01:59:00,2024-03-06 10:59:00,81.0,Yes,Yes
TKT-05983,Network,Medium,Closed,Legal,Amit Sharma,2023-11-25 11:20:50,2023-11-27 23:20:50,60.0,Yes,Yes
TKT-05984,Printer,Low,Closed,Marketing,Priya Singh,2024-05-12 12:16:58,2024-05-15 08:16:58,68.0,No,Yes
TKT-05985,Network,Medium,Open,Operations,Amit Sharma,2023-10-12 21:43:09,,,,No
TKT-05986,Access/Login,High,Resolved,IT,Priya Singh,2023-07-01 19:48:12,2023-07-03 01:48:12,30.0,Yes,Yes
TKT-05987,Email,High,In Progress,Marketing,Priya Singh,2023-10-03 21:46:17,,,,No
TKT-05988,Network,Low,Open,Operations,Neha Gupta,2023-04-15 00:25:33,,,,Yes
TKT-05989,Email,Low,Resolved,Sales,Rohit Verma,2023-11-20 17:54:53,2023-11-21 08:54:53,15.0,No,No
TKT-05990,Access/Login,Medium,Resolved,IT,Suresh Kumar,2024-05-14 20:30:58,2024-05-17 05:30:58,57.0,Yes,No
TKT-05991,Access/Login,Critical,Open,Operations,Priya Singh,2023-09-26 19:18:53,,,,No
TKT-05992,Hardware,Medium,Resolved,Sales,Suresh Kumar,2023-07-27 13:10:49,2023-07-29 02:10:49,37.0,No,No
TKT-05993,Printer,High,Closed,Finance,Amit Sharma,2023-01-11 21:15:04,2023-01-12 12:15:04,15.0,No,No
TKT-05994,Software,High,Resolved,Marketing,Anjali Mehta,2023-03-11 01:07:57,2023-03-12 01:07:57,24.0,No,Yes
TKT-05995,Email,Medium,In Progress,IT,Amit Sharma,2024-04-17 21:21:30,,,,No
TKT-05996,Access/Login,Medium,Closed,Sales,Rohit Verma,2024-10-24 07:28:56,2024-10-26 03:28:56,44.0,No,No
TKT-05997,Printer,Medium,Resolved,Sales,Neha Gupta,2024-05-04 12:09:36,2024-05-05 01:09:36,13.0,No,Yes
TKT-05998,Email,Low,Open,IT,Rohit Verma,2024-07-14 08:44:55,,,,Yes
TKT-05999,Printer,Critical,Resolved,Marketing,Vikram Joshi,2023-03-18 22:30:58,2023-03-19 08:30:58,10.0,Yes,Yes
TKT-06000,Email,Critical,Resolved,IT,Rohit Verma,2024-05-12 02:27:22,2024-05-12 11:27:22,9.0,Yes,Yes
TKT-06001,Email,High,Closed,Finance,Neha Gupta,2023-10-10 13:16:11,2023-10-11 03:16:11,14.0,No,No
TKT-06002,Email,Low,Resolved,HR,Neha Gupta,2024-02-14 12:52:52,2024-02-15 18:52:52,30.0,No,No
TKT-06003,Software,Low,Closed,Operations,Rohit Verma,2023-07-01 14:15:29,2023-07-02 09:15:29,19.0,No,Yes
TKT-06004,Hardware,Low,Resolved,Sales,Neha Gupta,2024-02-10 00:27:16,2024-02-10 20:27:16,20.0,No,Yes
TKT-06005,Email,Medium,Closed,Legal,Rohit Verma,2023-07-23 06:10:03,2023-07-25 09:10:03,51.0,Yes,Yes
TKT-06006,Software,Critical,Closed,Marketing,Amit Sharma,2024-09-12 13:30:39,2024-09-12 15:30:39,2.0,No,No
TKT-06007,Email,Low,Closed,Legal,Rohit Verma,2024-05-20 08:15:18,2024-05-21 07:15:18,23.0,No,No
TKT-06008,Access/Login,Low,In Progress,Sales,Anjali Mehta,2024-07-19 05:35:02,,,,No
TKT-06009,Email,Medium,Open,Finance,Vikram Joshi,2023-12-06 02:11:17,,,,No
TKT-06010,Software,High,Resolved,Operations,Suresh Kumar,2023-07-19 20:25:21,2023-07-20 05:25:21,9.0,No,No
TKT-06011,Access/Login,High,Resolved,Operations,Priya Singh,2024-05-28 18:13:27,2024-05-29 23:13:27,29.0,Yes,No
TKT-06012,Email,Low,In Progress,Sales,Neha Gupta,2023-04-14 06:03:47,,,,No
TKT-06013,Access/Login,Low,Resolved,Legal,Vikram Joshi,2023-01-10 06:03:38,2023-01-11 07:03:38,25.0,No,No
TKT-06014,Email,High,Closed,Finance,Anjali Mehta,2024-09-29 17:29:40,2024-09-30 21:29:40,28.0,Yes,Yes
TKT-06015,Email,Low,Resolved,Operations,Rohit Verma,2023-02-09 10:50:42,2023-02-10 20:50:42,34.0,No,No
TKT-06016,Access/Login,Medium,Closed,HR,Anjali Mehta,2024-05-14 20:49:44,2024-05-17 00:49:44,52.0,Yes,No
TKT-06017,Network,Medium,Resolved,Legal,Amit Sharma,2023-04-14 21:04:35,2023-04-15 04:04:35,7.0,No,No
TKT-06018,Email,Medium,Resolved,Sales,Neha Gupta,2023-09-24 22:22:03,2023-09-27 05:22:03,55.0,Yes,Yes
TKT-06019,Email,Medium,Closed,IT,Neha Gupta,2023-05-23 14:21:39,2023-05-24 10:21:39,20.0,No,No
TKT-06020,Software,Low,Resolved,Legal,Vikram Joshi,2023-04-17 14:54:24,2023-04-19 02:54:24,36.0,No,No
TKT-06021,Printer,Medium,Closed,Finance,Amit Sharma,2023-09-22 04:39:41,2023-09-23 09:39:41,29.0,No,No
TKT-06022,Network,Low,Closed,Marketing,Priya Singh,2023-06-21 08:06:30,2023-06-24 09:06:30,73.0,Yes,No
TKT-06023,Hardware,High,Resolved,Legal,Suresh Kumar,2024-05-19 23:18:03,2024-05-20 14:18:03,15.0,No,Yes
TKT-06024,Network,Medium,Open,Marketing,Priya Singh,2023-09-19 07:09:19,,,,No
TKT-06025,Access/Login,Medium,Closed,Operations,Neha Gupta,2024-03-25 10:20:08,2024-03-26 03:20:08,17.0,No,No
TKT-06026,Hardware,Medium,In Progress,IT,Priya Singh,2024-10-11 23:10:54,,,,No
TKT-06027,Email,Critical,Resolved,Finance,Vikram Joshi,2024-11-16 20:54:41,2024-11-16 21:54:41,1.0,No,Yes
TKT-06028,Hardware,Medium,In Progress,Operations,Priya Singh,2023-11-28 15:17:05,,,,No
TKT-06029,Printer,Medium,Resolved,Operations,Anjali Mehta,2024-01-10 19:29:18,2024-01-11 08:29:18,13.0,No,No
TKT-06030,Email,Medium,Closed,Legal,Anjali Mehta,2023-11-21 02:51:41,2023-11-23 12:51:41,58.0,Yes,No
TKT-06031,Access/Login,Medium,In Progress,Finance,Suresh Kumar,2023-12-19 18:59:47,,,,No
TKT-06032,Access/Login,Low,Resolved,IT,Vikram Joshi,2024-09-03 00:24:45,2024-09-06 02:24:45,74.0,Yes,No
TKT-06033,Software,Medium,Resolved,Marketing,Vikram Joshi,2023-08-01 21:54:47,2023-08-03 01:54:47,28.0,No,No
TKT-06034,Printer,Low,Resolved,HR,Neha Gupta,2023-06-03 19:50:48,2023-06-07 02:50:48,79.0,Yes,Yes
TKT-06035,Email,Low,Closed,HR,Anjali Mehta,2024-02-15 01:02:30,2024-02-18 17:02:30,88.0,Yes,No
TKT-06036,Email,Medium,Resolved,HR,Suresh Kumar,2023-01-15 11:29:54,2023-01-17 01:29:54,38.0,No,Yes
TKT-06037,Email,High,Closed,Legal,Rohit Verma,2023-04-18 03:37:05,2023-04-18 21:37:05,18.0,No,No
TKT-06038,Email,Medium,In Progress,Legal,Rohit Verma,2024-06-02 15:22:46,,,,Yes
TKT-06039,Access/Login,Critical,Resolved,IT,Anjali Mehta,2023-01-01 08:49:18,2023-01-01 11:49:18,3.0,No,Yes
TKT-06040,Access/Login,Low,Resolved,HR,Anjali Mehta,2024-04-17 22:53:14,2024-04-21 00:53:14,74.0,Yes,No
TKT-06041,Printer,Medium,Closed,Sales,Amit Sharma,2024-12-03 11:54:51,2024-12-05 08:54:51,45.0,No,No
TKT-06042,Access/Login,Medium,Resolved,Marketing,Amit Sharma,2023-01-09 06:57:57,2023-01-10 18:57:57,36.0,No,No
TKT-06043,Hardware,High,Resolved,Operations,Priya Singh,2024-11-13 11:42:45,2024-11-14 15:42:45,28.0,Yes,No
TKT-06044,Access/Login,Low,Resolved,Legal,Suresh Kumar,2024-08-15 20:22:10,2024-08-19 01:22:10,77.0,Yes,No
TKT-06045,Hardware,Medium,In Progress,IT,Suresh Kumar,2024-08-15 14:50:09,,,,No
TKT-06046,Software,High,Resolved,Finance,Amit Sharma,2024-06-15 14:32:23,2024-06-16 02:32:23,12.0,No,Yes
TKT-06047,Software,Low,Closed,Sales,Anjali Mehta,2023-01-31 00:36:10,2023-02-01 18:36:10,42.0,No,No
TKT-06048,Access/Login,Critical,Resolved,Finance,Anjali Mehta,2024-02-10 06:10:36,2024-02-10 16:10:36,10.0,Yes,Yes
TKT-06049,Access/Login,Medium,Resolved,Operations,Rohit Verma,2024-06-17 11:01:13,2024-06-18 20:01:13,33.0,No,No
TKT-06050,Printer,Critical,Resolved,HR,Vikram Joshi,2024-11-02 19:10:15,2024-11-03 03:10:15,8.0,Yes,Yes
TKT-06051,Network,Medium,Resolved,HR,Suresh Kumar,2024-01-25 06:42:51,2024-01-27 07:42:51,49.0,Yes,No
TKT-06052,Printer,Medium,Resolved,Marketing,Priya Singh,2023-09-13 14:23:03,2023-09-14 16:23:03,26.0,No,No
TKT-06053,Software,Low,Closed,IT,Neha Gupta,2023-03-27 23:09:21,2023-03-30 19:09:21,68.0,No,No
TKT-06054,Email,Medium,In Progress,Finance,Priya Singh,2023-07-02 22:21:39,,,,Yes
TKT-06055,Hardware,Medium,Resolved,Sales,Vikram Joshi,2023-07-25 00:07:54,2023-07-25 11:07:54,11.0,No,No
TKT-06056,Software,Medium,In Progress,Finance,Suresh Kumar,2024-12-13 04:41:54,,,,No
TKT-06057,Software,Critical,Closed,Legal,Priya Singh,2024-10-19 15:08:34,2024-10-20 01:08:34,10.0,Yes,Yes
TKT-06058,Email,Medium,Resolved,Marketing,Rohit Verma,2023-05-08 06:57:06,2023-05-10 04:57:06,46.0,No,No
TKT-06059,Software,Medium,Open,HR,Amit Sharma,2023-09-05 14:43:08,,,,No
TKT-06060,Access/Login,Low,Closed,Operations,Rohit Verma,2024-11-14 05:20:07,2024-11-15 16:20:07,35.0,No,No
TKT-06061,Printer,Medium,Closed,Finance,Neha Gupta,2024-11-22 04:36:56,2024-11-23 15:36:56,35.0,No,No
TKT-06062,Hardware,Medium,Resolved,Marketing,Amit Sharma,2024-07-12 06:21:24,2024-07-14 15:21:24,57.0,Yes,No
TKT-06063,Network,High,Closed,HR,Suresh Kumar,2024-03-22 18:25:37,2024-03-23 05:25:37,11.0,No,No
TKT-06064,Hardware,Medium,Open,HR,Amit Sharma,2024-03-12 17:11:21,,,,No
TKT-06065,Network,High,Closed,Sales,Rohit Verma,2024-02-19 10:34:39,2024-02-20 11:34:39,25.0,Yes,No
TKT-06066,Hardware,Low,Resolved,Operations,Vikram Joshi,2023-12-08 10:14:26,2023-12-10 06:14:26,44.0,No,No
TKT-06067,Printer,High,Resolved,Sales,Vikram Joshi,2023-08-29 16:09:54,2023-08-30 20:09:54,28.0,Yes,No
TKT-06068,Printer,Medium,Open,Finance,Rohit Verma,2023-04-02 08:13:19,,,,Yes
TKT-06069,Printer,Critical,Resolved,IT,Vikram Joshi,2023-12-07 17:30:12,2023-12-08 00:30:12,7.0,Yes,No
TKT-06070,Access/Login,Medium,Closed,IT,Suresh Kumar,2023-01-03 01:27:11,2023-01-03 08:27:11,7.0,No,No
TKT-06071,Hardware,Medium,Closed,IT,Vikram Joshi,2024-10-07 09:36:26,2024-10-09 21:36:26,60.0,Yes,No
TKT-06072,Hardware,Low,In Progress,HR,Anjali Mehta,2023-08-07 20:06:49,,,,No
TKT-06073,Access/Login,Low,Resolved,IT,Neha Gupta,2023-04-11 08:41:52,2023-04-13 02:41:52,42.0,No,No
TKT-06074,Printer,Medium,Closed,Sales,Priya Singh,2024-02-24 04:49:53,2024-02-26 04:49:53,48.0,No,Yes
TKT-06075,Hardware,High,In Progress,Sales,Neha Gupta,2024-05-28 05:55:18,,,,No
TKT-06076,Hardware,Low,Resolved,Finance,Suresh Kumar,2024-10-04 14:19:05,2024-10-06 23:19:05,57.0,No,No
TKT-06077,Software,High,In Progress,Operations,Suresh Kumar,2023-02-04 21:24:56,,,,Yes
TKT-06078,Printer,Critical,Resolved,Sales,Suresh Kumar,2024-01-08 04:41:18,2024-01-08 06:41:18,2.0,No,No
TKT-06079,Printer,Medium,Resolved,Legal,Suresh Kumar,2023-06-30 21:40:40,2023-07-03 02:40:40,53.0,Yes,No
TKT-06080,Hardware,Medium,In Progress,Marketing,Priya Singh,2023-11-03 10:20:06,,,,No
TKT-06081,Email,Critical,Resolved,Sales,Rohit Verma,2024-11-17 18:04:05,2024-11-17 21:04:05,3.0,No,Yes
TKT-06082,Email,High,Resolved,IT,Suresh Kumar,2024-07-07 01:20:48,2024-07-08 01:20:48,24.0,No,Yes
TKT-06083,Printer,Low,In Progress,IT,Neha Gupta,2023-09-10 15:52:34,,,,Yes
TKT-06084,Printer,Low,Closed,Finance,Vikram Joshi,2024-08-19 22:29:46,2024-08-23 01:29:46,75.0,Yes,No
TKT-06085,Hardware,Medium,Resolved,IT,Anjali Mehta,2023-08-26 18:29:57,2023-08-27 00:29:57,6.0,No,Yes
TKT-06086,Email,Medium,Resolved,Finance,Suresh Kumar,2023-08-17 14:39:52,2023-08-18 05:39:52,15.0,No,No
TKT-06087,Software,Low,Closed,Finance,Amit Sharma,2024-02-01 02:38:12,2024-02-02 04:38:12,26.0,No,No
TKT-06088,Network,Medium,In Progress,IT,Vikram Joshi,2024-11-15 12:20:44,,,,No
TKT-06089,Network,Medium,Resolved,Sales,Anjali Mehta,2023-08-29 04:37:04,2023-08-30 15:37:04,35.0,No,No
TKT-06090,Email,Low,Closed,Legal,Suresh Kumar,2024-02-17 09:38:23,2024-02-19 04:38:23,43.0,No,Yes
TKT-06091,Access/Login,Medium,Resolved,Finance,Vikram Joshi,2023-05-19 08:06:56,2023-05-20 07:06:56,23.0,No,No
TKT-06092,Network,Low,Open,Marketing,Amit Sharma,2023-11-04 20:16:29,,,,Yes
TKT-06093,Printer,Low,In Progress,Finance,Suresh Kumar,2024-10-28 06:28:59,,,,No
TKT-06094,Software,Medium,Resolved,Marketing,Vikram Joshi,2023-12-18 20:21:32,2023-12-21 07:21:32,59.0,Yes,No
TKT-06095,Hardware,High,Resolved,Marketing,Anjali Mehta,2024-08-27 07:36:58,2024-08-28 01:36:58,18.0,No,No
TKT-06096,Hardware,Medium,Closed,Finance,Neha Gupta,2024-01-28 03:03:34,2024-01-30 00:03:34,45.0,No,Yes
TKT-06097,Printer,Medium,Resolved,Sales,Vikram Joshi,2023-05-23 05:03:44,2023-05-24 21:03:44,40.0,No,No
TKT-06098,Software,High,Closed,IT,Amit Sharma,2024-03-01 14:47:19,2024-03-02 03:47:19,13.0,No,No
TKT-06099,Access/Login,Low,Resolved,Marketing,Anjali Mehta,2024-05-10 07:05:02,2024-05-10 19:05:02,12.0,No,No
TKT-06100,Access/Login,Medium,Resolved,IT,Priya Singh,2024-03-11 17:12:37,2024-03-13 19:12:37,50.0,Yes,No
TKT-06101,Software,Medium,Resolved,HR,Vikram Joshi,2023-04-20 16:42:48,2023-04-22 11:42:48,43.0,No,No
TKT-06102,Network,High,Resolved,Operations,Suresh Kumar,2023-05-08 14:08:15,2023-05-09 11:08:15,21.0,No,No
TKT-06103,Access/Login,Medium,Resolved,Marketing,Anjali Mehta,2024-07-19 07:25:52,2024-07-21 03:25:52,44.0,No,No
TKT-06104,Access/Login,High,Resolved,Operations,Vikram Joshi,2023-12-20 18:50:11,2023-12-21 12:50:11,18.0,No,No
TKT-06105,Network,Low,Resolved,Marketing,Vikram Joshi,2023-03-21 02:27:47,2023-03-24 15:27:47,85.0,Yes,No
TKT-06106,Email,Critical,Resolved,Marketing,Suresh Kumar,2023-04-06 14:17:46,2023-04-06 21:17:46,7.0,Yes,No
TKT-06107,Software,High,Resolved,IT,Vikram Joshi,2023-04-15 00:24:38,2023-04-15 12:24:38,12.0,No,Yes
TKT-06108,Printer,Medium,Resolved,Sales,Neha Gupta,2023-01-27 06:57:16,2023-01-29 16:57:16,58.0,Yes,No
TKT-06109,Hardware,Medium,Resolved,Finance,Priya Singh,2024-08-29 20:34:31,2024-08-30 05:34:31,9.0,No,No
TKT-06110,Email,Critical,Resolved,Legal,Anjali Mehta,2023-08-07 12:28:29,2023-08-07 20:28:29,8.0,Yes,No
TKT-06111,Network,High,Open,Operations,Vikram Joshi,2024-06-02 20:39:22,,,,Yes
TKT-06112,Access/Login,Medium,Resolved,HR,Vikram Joshi,2024-02-19 08:14:54,2024-02-21 16:14:54,56.0,Yes,No
TKT-06113,Software,Medium,Resolved,Marketing,Suresh Kumar,2023-01-29 03:35:05,2023-01-30 06:35:05,27.0,No,Yes
TKT-06114,Printer,Critical,Open,IT,Amit Sharma,2023-10-08 00:36:15,,,,Yes
TKT-06115,Network,Low,Open,HR,Vikram Joshi,2024-03-31 02:01:02,,,,Yes
TKT-06116,Printer,Low,In Progress,IT,Vikram Joshi,2023-11-06 16:14:39,,,,No
TKT-06117,Printer,Medium,Closed,Legal,Anjali Mehta,2023-10-08 15:34:58,2023-10-10 17:34:58,50.0,Yes,Yes
TKT-06118,Network,Medium,Closed,Legal,Priya Singh,2024-07-18 00:41:02,2024-07-19 06:41:02,30.0,No,No
TKT-06119,Access/Login,Medium,Resolved,Marketing,Rohit Verma,2024-10-19 05:49:40,2024-10-21 04:49:40,47.0,No,Yes
TKT-06120,Email,Medium,Open,HR,Neha Gupta,2024-05-30 23:20:53,,,,No
TKT-06121,Printer,Low,Open,Sales,Rohit Verma,2023-07-15 09:59:36,,,,Yes
TKT-06122,Email,High,Resolved,Sales,Rohit Verma,2024-08-30 21:05:04,2024-08-31 23:05:04,26.0,Yes,No
TKT-06123,Software,Medium,Closed,Operations,Rohit Verma,2023-09-09 17:45:52,2023-09-11 10:45:52,41.0,No,Yes
TKT-06124,Access/Login,Medium,Closed,Legal,Rohit Verma,2024-04-14 05:54:34,2024-04-16 16:54:34,59.0,Yes,Yes
TKT-06125,Email,Medium,Closed,HR,Rohit Verma,2023-07-27 10:39:47,2023-07-29 01:39:47,39.0,No,No
TKT-06126,Hardware,Medium,Resolved,HR,Priya Singh,2023-11-25 17:24:13,2023-11-27 15:24:13,46.0,No,Yes
TKT-06127,Access/Login,Low,Resolved,Sales,Suresh Kumar,2024-02-15 00:17:06,2024-02-15 23:17:06,23.0,No,No
TKT-06128,Access/Login,Medium,In Progress,Operations,Neha Gupta,2023-02-14 09:17:33,,,,No
TKT-06129,Hardware,Critical,Closed,HR,Anjali Mehta,2023-03-05 03:58:13,2023-03-05 04:58:13,1.0,No,Yes
TKT-06130,Hardware,Low,Resolved,Marketing,Rohit Verma,2024-07-19 11:58:36,2024-07-21 16:58:36,53.0,No,No
TKT-06131,Access/Login,Medium,Open,Legal,Vikram Joshi,2023-11-03 14:46:12,,,,No
TKT-06132,Software,High,Closed,IT,Neha Gupta,2024-07-01 04:25:05,2024-07-02 06:25:05,26.0,Yes,No
TKT-06133,Network,Low,Closed,Operations,Amit Sharma,2024-09-16 15:37:31,2024-09-17 20:37:31,29.0,No,No
TKT-06134,Email,High,Open,IT,Vikram Joshi,2023-07-17 20:56:05,,,,No
TKT-06135,Printer,Low,Resolved,HR,Vikram Joshi,2024-01-24 10:23:31,2024-01-26 20:23:31,58.0,No,No
TKT-06136,Access/Login,Low,Open,HR,Rohit Verma,2023-04-15 11:03:53,,,,Yes
TKT-06137,Software,Medium,Resolved,IT,Anjali Mehta,2024-06-10 03:13:33,2024-06-10 12:13:33,9.0,No,No
TKT-06138,Software,Medium,Resolved,Operations,Vikram Joshi,2023-12-03 22:48:02,2023-12-04 10:48:02,12.0,No,Yes
TKT-06139,Access/Login,Low,Open,IT,Neha Gupta,2023-02-18 11:40:04,,,,Yes
TKT-06140,Software,Medium,Open,HR,Rohit Verma,2023-04-09 12:13:39,,,,Yes
TKT-06141,Hardware,Medium,Open,Marketing,Vikram Joshi,2023-10-23 02:44:03,,,,No
TKT-06142,Printer,Low,Closed,Sales,Neha Gupta,2023-02-04 03:16:15,2023-02-06 21:16:15,66.0,No,Yes
TKT-06143,Access/Login,Medium,Closed,Sales,Suresh Kumar,2023-12-22 23:02:05,2023-12-25 08:02:05,57.0,Yes,No
TKT-06144,Software,Medium,In Progress,Finance,Amit Sharma,2023-11-18 08:17:38,,,,Yes
TKT-06145,Email,Medium,Closed,IT,Vikram Joshi,2024-01-29 14:01:12,2024-01-31 05:01:12,39.0,No,No
TKT-06146,Software,Low,Resolved,Sales,Suresh Kumar,2023-11-12 17:42:05,2023-11-15 06:42:05,61.0,No,Yes
TKT-06147,Email,Medium,In Progress,IT,Rohit Verma,2023-05-29 23:33:35,,,,No
TKT-06148,Hardware,High,In Progress,Operations,Anjali Mehta,2024-09-18 14:13:56,,,,No
TKT-06149,Network,Medium,Resolved,Sales,Amit Sharma,2024-06-19 12:25:39,2024-06-21 20:25:39,56.0,Yes,No
TKT-06150,Access/Login,Medium,Resolved,Marketing,Amit Sharma,2024-07-25 04:30:54,2024-07-27 14:30:54,58.0,Yes,No
TKT-06151,Access/Login,High,Closed,HR,Rohit Verma,2023-11-12 16:59:43,2023-11-12 23:59:43,7.0,No,Yes
TKT-06152,Software,Critical,Closed,IT,Rohit Verma,2023-05-02 19:16:49,2023-05-02 21:16:49,2.0,No,No
TKT-06153,Printer,Low,Resolved,Legal,Rohit Verma,2023-10-28 18:48:19,2023-10-29 11:48:19,17.0,No,Yes
TKT-06154,Printer,High,Resolved,HR,Rohit Verma,2024-01-28 06:52:20,2024-01-29 04:52:20,22.0,No,Yes
TKT-06155,Access/Login,Critical,Resolved,Finance,Amit Sharma,2023-04-17 11:00:24,2023-04-17 13:00:24,2.0,No,No
TKT-06156,Email,High,Closed,IT,Vikram Joshi,2024-02-23 12:23:32,2024-02-23 14:23:32,2.0,No,No
TKT-06157,Network,Critical,Closed,Sales,Neha Gupta,2023-07-22 14:02:18,2023-07-22 19:02:18,5.0,Yes,Yes
TKT-06158,Hardware,High,Closed,Operations,Amit Sharma,2023-07-24 08:47:35,2023-07-25 05:47:35,21.0,No,No
TKT-06159,Email,Low,Resolved,Operations,Suresh Kumar,2023-07-14 08:08:33,2023-07-15 05:08:33,21.0,No,No
TKT-06160,Email,Critical,Resolved,Legal,Vikram Joshi,2024-07-07 16:04:48,2024-07-07 17:04:48,1.0,No,Yes
TKT-06161,Email,Medium,In Progress,Marketing,Amit Sharma,2023-02-05 17:29:07,,,,Yes
TKT-06162,Network,Medium,Resolved,Marketing,Neha Gupta,2023-04-02 16:42:51,2023-04-03 03:42:51,11.0,No,Yes
TKT-06163,Access/Login,Medium,Open,Sales,Priya Singh,2023-10-09 02:23:47,,,,No
TKT-06164,Hardware,Medium,Resolved,Marketing,Suresh Kumar,2023-11-10 16:37:31,2023-11-12 08:37:31,40.0,No,No
TKT-06165,Printer,Low,Closed,IT,Neha Gupta,2023-12-21 10:34:31,2023-12-24 23:34:31,85.0,Yes,No
TKT-06166,Software,Low,Resolved,Finance,Amit Sharma,2024-07-13 19:59:21,2024-07-15 06:59:21,35.0,No,Yes
TKT-06167,Printer,High,Open,HR,Neha Gupta,2024-03-31 00:27:43,,,,Yes
TKT-06168,Access/Login,Low,Resolved,Sales,Suresh Kumar,2024-04-13 23:20:09,2024-04-15 23:20:09,48.0,No,Yes
TKT-06169,Network,Medium,Resolved,Sales,Suresh Kumar,2024-11-28 03:33:45,2024-11-30 15:33:45,60.0,Yes,No
TKT-06170,Software,Critical,Resolved,Operations,Amit Sharma,2024-11-26 21:10:24,2024-11-27 04:10:24,7.0,Yes,No
TKT-06171,Software,Low,In Progress,Legal,Priya Singh,2024-02-22 07:36:23,,,,No
TKT-06172,Printer,High,Resolved,Sales,Suresh Kumar,2024-05-24 00:40:58,2024-05-24 23:40:58,23.0,No,No
TKT-06173,Access/Login,Medium,Resolved,Marketing,Anjali Mehta,2023-11-26 03:04:12,2023-11-28 07:04:12,52.0,Yes,Yes
TKT-06174,Software,Medium,Resolved,Legal,Priya Singh,2024-05-03 11:47:30,2024-05-04 07:47:30,20.0,No,No
TKT-06175,Hardware,Low,Closed,Sales,Neha Gupta,2024-08-18 22:21:20,2024-08-21 11:21:20,61.0,No,Yes
TKT-06176,Printer,Critical,Open,HR,Priya Singh,2023-11-23 21:00:05,,,,No
TKT-06177,Network,High,Resolved,Finance,Neha Gupta,2023-07-03 11:48:57,2023-07-04 05:48:57,18.0,No,No
TKT-06178,Email,Medium,Resolved,Sales,Priya Singh,2023-10-07 19:01:27,2023-10-08 09:01:27,14.0,No,Yes
TKT-06179,Software,Low,Resolved,Finance,Amit Sharma,2023-06-26 05:50:16,2023-06-27 17:50:16,36.0,No,No
TKT-06180,Email,High,Resolved,IT,Priya Singh,2023-06-09 11:30:46,2023-06-10 04:30:46,17.0,No,No
TKT-06181,Software,Medium,Resolved,Marketing,Rohit Verma,2023-02-20 13:53:29,2023-02-22 19:53:29,54.0,Yes,No
TKT-06182,Hardware,Critical,Resolved,Operations,Priya Singh,2024-12-30 04:17:47,2024-12-30 12:17:47,8.0,Yes,No
TKT-06183,Printer,Medium,Closed,Finance,Rohit Verma,2024-04-08 08:42:34,2024-04-09 22:42:34,38.0,No,No
TKT-06184,Email,Low,Closed,IT,Amit Sharma,2024-07-23 23:58:17,2024-07-26 15:58:17,64.0,No,No
TKT-06185,Email,Critical,Closed,IT,Amit Sharma,2023-12-03 16:28:18,2023-12-03 22:28:18,6.0,Yes,Yes
TKT-06186,Email,Low,Closed,IT,Priya Singh,2023-04-18 10:04:37,2023-04-19 21:04:37,35.0,No,No
TKT-06187,Access/Login,Critical,Resolved,HR,Amit Sharma,2023-06-29 03:18:18,2023-06-29 06:18:18,3.0,No,No
TKT-06188,Printer,Critical,Closed,Legal,Priya Singh,2023-03-02 00:56:29,2023-03-02 05:56:29,5.0,Yes,No
TKT-06189,Access/Login,Medium,Resolved,IT,Vikram Joshi,2024-05-19 05:03:48,2024-05-20 18:03:48,37.0,No,Yes
TKT-06190,Software,High,Resolved,IT,Suresh Kumar,2024-01-09 01:04:20,2024-01-09 18:04:20,17.0,No,No
TKT-06191,Email,Low,Open,Legal,Rohit Verma,2023-01-30 13:01:50,,,,No
TKT-06192,Email,Medium,In Progress,Legal,Priya Singh,2023-09-13 21:56:20,,,,No
TKT-06193,Printer,High,Resolved,Legal,Rohit Verma,2023-02-04 09:13:15,2023-02-05 10:13:15,25.0,Yes,Yes
TKT-06194,Software,High,Resolved,Legal,Neha Gupta,2023-07-08 21:19:28,2023-07-09 08:19:28,11.0,No,Yes
TKT-06195,Hardware,Low,Resolved,IT,Priya Singh,2023-07-10 07:25:37,2023-07-11 14:25:37,31.0,No,No
TKT-06196,Printer,Low,Resolved,IT,Vikram Joshi,2024-03-16 10:55:43,2024-03-18 04:55:43,42.0,No,Yes
TKT-06197,Email,Medium,Closed,HR,Priya Singh,2024-02-02 19:19:43,2024-02-03 03:19:43,8.0,No,No
TKT-06198,Email,Medium,In Progress,HR,Anjali Mehta,2024-09-02 12:35:25,,,,No
TKT-06199,Email,Medium,Resolved,HR,Neha Gupta,2024-05-05 06:11:21,2024-05-05 23:11:21,17.0,No,Yes
TKT-06200,Email,Low,Resolved,Operations,Suresh Kumar,2023-02-03 15:54:08,2023-02-06 01:54:08,58.0,No,No
TKT-06201,Access/Login,Medium,Closed,Legal,Vikram Joshi,2024-09-28 20:08:28,2024-10-01 01:08:28,53.0,Yes,Yes
TKT-06202,Access/Login,Medium,Closed,Sales,Neha Gupta,2024-07-08 10:07:45,2024-07-09 12:07:45,26.0,No,No
TKT-06203,Software,Medium,Resolved,Operations,Neha Gupta,2023-03-12 02:40:02,2023-03-13 02:40:02,24.0,No,Yes
TKT-06204,Software,Medium,Closed,Operations,Suresh Kumar,2024-01-14 17:23:39,2024-01-16 17:23:39,48.0,No,Yes
TKT-06205,Printer,Critical,Closed,Operations,Vikram Joshi,2023-04-16 08:00:01,2023-04-16 09:00:01,1.0,No,Yes
TKT-06206,Email,Low,Open,HR,Neha Gupta,2024-03-13 09:37:40,,,,No
TKT-06207,Software,High,Resolved,Legal,Neha Gupta,2024-07-12 17:36:57,2024-07-13 11:36:57,18.0,No,No
TKT-06208,Email,Medium,Resolved,Legal,Vikram Joshi,2024-07-29 09:48:42,2024-07-30 03:48:42,18.0,No,No
TKT-06209,Software,High,Open,Finance,Neha Gupta,2024-08-10 12:42:02,,,,Yes
TKT-06210,Software,High,Closed,Finance,Vikram Joshi,2024-11-05 06:24:11,2024-11-06 02:24:11,20.0,No,No
TKT-06211,Printer,Critical,Resolved,Sales,Priya Singh,2024-09-17 22:11:10,2024-09-18 02:11:10,4.0,No,No
TKT-06212,Hardware,High,In Progress,Operations,Neha Gupta,2024-02-16 15:20:52,,,,No
TKT-06213,Printer,High,Resolved,Operations,Amit Sharma,2023-08-09 15:16:13,2023-08-09 18:16:13,3.0,No,No
TKT-06214,Email,High,Resolved,IT,Priya Singh,2023-07-24 11:20:36,2023-07-25 11:20:36,24.0,No,No
TKT-06215,Hardware,Low,In Progress,Sales,Suresh Kumar,2024-01-19 06:13:48,,,,No
TKT-06216,Software,Low,Closed,HR,Priya Singh,2024-04-10 13:18:31,2024-04-11 08:18:31,19.0,No,No
TKT-06217,Access/Login,High,Resolved,Finance,Anjali Mehta,2023-06-06 07:55:26,2023-06-06 13:55:26,6.0,No,No
TKT-06218,Network,Medium,Closed,Legal,Amit Sharma,2024-04-27 15:21:05,2024-04-28 16:21:05,25.0,No,Yes
TKT-06219,Hardware,Medium,Resolved,Sales,Amit Sharma,2024-07-16 06:44:53,2024-07-17 09:44:53,27.0,No,No
TKT-06220,Software,High,Resolved,Operations,Amit Sharma,2024-05-09 13:42:51,2024-05-10 02:42:51,13.0,No,No
TKT-06221,Hardware,Critical,Resolved,Legal,Amit Sharma,2023-06-25 16:46:50,2023-06-25 19:46:50,3.0,No,Yes
TKT-06222,Network,Low,Resolved,Marketing,Priya Singh,2023-10-16 07:33:22,2023-10-17 12:33:22,29.0,No,No
TKT-06223,Hardware,Low,Resolved,HR,Priya Singh,2024-11-19 10:59:41,2024-11-19 23:59:41,13.0,No,No
TKT-06224,Hardware,High,Resolved,HR,Vikram Joshi,2023-09-04 03:09:35,2023-09-05 00:09:35,21.0,No,No
TKT-06225,Hardware,High,Resolved,IT,Amit Sharma,2024-09-11 15:27:29,2024-09-11 21:27:29,6.0,No,No
TKT-06226,Software,Low,Closed,Sales,Amit Sharma,2023-04-10 14:46:55,2023-04-14 01:46:55,83.0,Yes,No
TKT-06227,Printer,High,Resolved,Marketing,Rohit Verma,2024-08-03 11:24:44,2024-08-03 19:24:44,8.0,No,Yes
TKT-06228,Hardware,Low,Resolved,Finance,Neha Gupta,2023-01-24 01:34:17,2023-01-25 03:34:17,26.0,No,No
TKT-06229,Network,High,Closed,IT,Amit Sharma,2024-06-10 06:30:00,2024-06-10 09:30:00,3.0,No,No
TKT-06230,Printer,Low,Closed,Sales,Amit Sharma,2023-12-02 09:36:27,2023-12-03 21:36:27,36.0,No,Yes
TKT-06231,Hardware,Medium,Resolved,HR,Vikram Joshi,2024-02-17 03:47:47,2024-02-19 13:47:47,58.0,Yes,Yes
TKT-06232,Network,Critical,Resolved,HR,Anjali Mehta,2023-12-27 17:12:53,2023-12-28 00:12:53,7.0,Yes,No
TKT-06233,Access/Login,Medium,Resolved,HR,Priya Singh,2024-11-30 17:26:27,2024-12-01 12:26:27,19.0,No,Yes
TKT-06234,Network,Medium,Resolved,Operations,Amit Sharma,2024-10-16 09:44:37,2024-10-17 10:44:37,25.0,No,No
TKT-06235,Hardware,High,Resolved,Operations,Rohit Verma,2024-08-28 02:52:18,2024-08-28 08:52:18,6.0,No,No
TKT-06236,Access/Login,Medium,Resolved,Sales,Neha Gupta,2023-06-16 23:02:43,2023-06-17 19:02:43,20.0,No,No
TKT-06237,Network,Medium,Resolved,Legal,Vikram Joshi,2024-02-19 09:05:10,2024-02-20 04:05:10,19.0,No,No
TKT-06238,Printer,Critical,Resolved,Legal,Rohit Verma,2023-11-23 20:24:09,2023-11-24 01:24:09,5.0,Yes,No
TKT-06239,Access/Login,High,Resolved,Finance,Amit Sharma,2024-01-13 21:11:29,2024-01-14 02:11:29,5.0,No,Yes
TKT-06240,Hardware,Low,Resolved,HR,Neha Gupta,2024-03-09 02:50:24,2024-03-11 08:50:24,54.0,No,Yes
TKT-06241,Email,Critical,Resolved,Marketing,Amit Sharma,2023-04-21 08:15:14,2023-04-21 16:15:14,8.0,Yes,No
TKT-06242,Network,Low,In Progress,HR,Anjali Mehta,2023-11-20 06:07:34,,,,No
TKT-06243,Access/Login,Medium,Open,Sales,Neha Gupta,2024-07-01 09:30:44,,,,No
TKT-06244,Printer,Low,Closed,Operations,Anjali Mehta,2024-08-12 22:47:21,2024-08-14 20:47:21,46.0,No,No
TKT-06245,Printer,Medium,Resolved,Marketing,Vikram Joshi,2023-11-01 03:57:52,2023-11-03 13:57:52,58.0,Yes,No
TKT-06246,Software,Low,Open,Sales,Vikram Joshi,2024-09-27 00:25:23,,,,No
TKT-06247,Software,Medium,Closed,Finance,Rohit Verma,2023-10-17 14:32:54,2023-10-18 19:32:54,29.0,No,No
TKT-06248,Hardware,Low,Closed,Marketing,Anjali Mehta,2023-07-23 01:26:42,2023-07-25 23:26:42,70.0,No,Yes
TKT-06249,Access/Login,Critical,Resolved,HR,Vikram Joshi,2023-06-15 04:27:00,2023-06-15 10:27:00,6.0,Yes,No
TKT-06250,Network,Low,Closed,HR,Amit Sharma,2024-10-23 01:32:35,2024-10-24 05:32:35,28.0,No,No
TKT-06251,Access/Login,High,Resolved,IT,Priya Singh,2023-11-13 11:07:43,2023-11-13 21:07:43,10.0,No,No
TKT-06252,Access/Login,Medium,Closed,Finance,Neha Gupta,2023-01-26 22:00:39,2023-01-27 08:00:39,10.0,No,No
TKT-06253,Hardware,Medium,In Progress,Sales,Rohit Verma,2024-04-04 14:44:13,,,,No
TKT-06254,Network,High,Closed,IT,Amit Sharma,2024-03-21 04:29:52,2024-03-21 12:29:52,8.0,No,No
TKT-06255,Hardware,Medium,Resolved,HR,Vikram Joshi,2024-03-10 13:51:52,2024-03-10 18:51:52,5.0,No,Yes
TKT-06256,Network,Low,Resolved,Finance,Anjali Mehta,2023-06-11 20:07:44,2023-06-12 16:07:44,20.0,No,Yes
TKT-06257,Access/Login,Medium,In Progress,Operations,Amit Sharma,2024-12-03 19:11:15,,,,No
TKT-06258,Access/Login,Medium,Closed,HR,Neha Gupta,2024-08-12 01:20:59,2024-08-13 10:20:59,33.0,No,No
TKT-06259,Network,High,Resolved,Finance,Suresh Kumar,2023-01-15 16:35:16,2023-01-16 00:35:16,8.0,No,Yes
TKT-06260,Software,Low,Open,Marketing,Neha Gupta,2024-03-01 13:41:41,,,,No
TKT-06261,Hardware,High,In Progress,Operations,Priya Singh,2024-02-05 00:21:31,,,,No
TKT-06262,Access/Login,Critical,Resolved,HR,Vikram Joshi,2023-12-30 20:24:52,2023-12-31 01:24:52,5.0,Yes,Yes
TKT-06263,Printer,Medium,In Progress,IT,Neha Gupta,2024-02-25 16:14:31,,,,Yes
TKT-06264,Access/Login,Low,Open,Operations,Rohit Verma,2023-05-28 06:27:23,,,,Yes
TKT-06265,Printer,High,Open,Sales,Priya Singh,2023-03-29 16:24:38,,,,No
TKT-06266,Network,Medium,Resolved,Operations,Suresh Kumar,2024-09-04 15:20:39,2024-09-06 04:20:39,37.0,No,No
TKT-06267,Hardware,Low,Resolved,Sales,Vikram Joshi,2024-07-26 19:22:17,2024-07-27 18:22:17,23.0,No,No
TKT-06268,Printer,High,Resolved,Sales,Priya Singh,2024-06-30 03:32:38,2024-06-30 10:32:38,7.0,No,Yes
TKT-06269,Access/Login,Medium,Closed,Operations,Vikram Joshi,2024-06-19 13:30:10,2024-06-22 01:30:10,60.0,Yes,No
TKT-06270,Email,Low,Resolved,Operations,Vikram Joshi,2023-02-10 04:36:27,2023-02-11 16:36:27,36.0,No,No
TKT-06271,Network,Low,In Progress,IT,Priya Singh,2024-05-22 11:08:42,,,,No
TKT-06272,Software,High,Resolved,Operations,Rohit Verma,2024-03-20 09:47:13,2024-03-21 10:47:13,25.0,Yes,No
TKT-06273,Printer,Medium,Closed,Operations,Priya Singh,2024-02-07 08:42:30,2024-02-09 02:42:30,42.0,No,No
TKT-06274,Printer,Low,Resolved,IT,Amit Sharma,2023-03-11 20:17:50,2023-03-15 08:17:50,84.0,Yes,Yes
TKT-06275,Network,Critical,Resolved,Legal,Rohit Verma,2023-07-17 01:45:25,2023-07-17 02:45:25,1.0,No,No
TKT-06276,Access/Login,Medium,In Progress,HR,Rohit Verma,2024-08-12 01:53:39,,,,No
TKT-06277,Access/Login,Low,Closed,Finance,Amit Sharma,2024-04-12 13:52:49,2024-04-14 15:52:49,50.0,No,No
TKT-06278,Access/Login,Medium,Closed,Operations,Neha Gupta,2023-12-03 08:38:29,2023-12-03 23:38:29,15.0,No,Yes
TKT-06279,Software,High,Resolved,Marketing,Neha Gupta,2023-08-31 02:13:36,2023-08-31 12:13:36,10.0,No,No
TKT-06280,Access/Login,High,Resolved,Legal,Anjali Mehta,2023-01-05 22:58:09,2023-01-06 18:58:09,20.0,No,No
TKT-06281,Network,Medium,Closed,Marketing,Vikram Joshi,2023-03-03 10:15:18,2023-03-04 07:15:18,21.0,No,No
TKT-06282,Network,Low,Open,IT,Suresh Kumar,2024-12-29 03:06:44,,,,Yes
TKT-06283,Access/Login,Medium,Closed,HR,Anjali Mehta,2023-04-22 11:29:37,2023-04-22 18:29:37,7.0,No,Yes
TKT-06284,Email,Low,Closed,Finance,Anjali Mehta,2024-06-06 19:03:12,2024-06-08 15:03:12,44.0,No,No
TKT-06285,Access/Login,High,Resolved,Marketing,Anjali Mehta,2024-03-30 18:49:37,2024-03-31 03:49:37,9.0,No,Yes
TKT-06286,Hardware,Low,In Progress,Operations,Rohit Verma,2023-07-04 07:58:43,,,,No
TKT-06287,Network,High,Resolved,HR,Vikram Joshi,2023-01-29 01:59:30,2023-01-29 20:59:30,19.0,No,Yes
TKT-06288,Access/Login,Low,Resolved,Sales,Neha Gupta,2023-06-23 16:12:49,2023-06-26 02:12:49,58.0,No,No
TKT-06289,Software,Low,Closed,Legal,Vikram Joshi,2023-10-24 17:28:09,2023-10-26 08:28:09,39.0,No,No
TKT-06290,Hardware,Low,In Progress,Sales,Vikram Joshi,2023-08-14 01:06:02,,,,No
TKT-06291,Software,Low,Resolved,IT,Suresh Kumar,2023-04-23 04:11:38,2023-04-26 10:11:38,78.0,Yes,Yes
TKT-06292,Access/Login,Medium,Resolved,Marketing,Amit Sharma,2024-11-21 01:52:53,2024-11-22 16:52:53,39.0,No,No
TKT-06293,Email,Low,Closed,HR,Amit Sharma,2023-07-17 09:26:37,2023-07-19 09:26:37,48.0,No,No
TKT-06294,Access/Login,Medium,In Progress,HR,Neha Gupta,2023-03-28 09:02:25,,,,No
TKT-06295,Email,Critical,Open,Legal,Rohit Verma,2024-04-18 13:52:09,,,,No
TKT-06296,Hardware,High,Closed,Sales,Rohit Verma,2023-03-08 03:50:51,2023-03-09 03:50:51,24.0,No,No
TKT-06297,Email,Medium,Resolved,HR,Neha Gupta,2023-03-07 01:42:34,2023-03-07 22:42:34,21.0,No,No
TKT-06298,Hardware,Critical,Open,IT,Priya Singh,2023-04-13 19:51:06,,,,No
TKT-06299,Network,Medium,Closed,Operations,Amit Sharma,2024-05-24 19:51:06,2024-05-26 04:51:06,33.0,No,No
TKT-06300,Email,High,Closed,HR,Rohit Verma,2023-11-27 04:30:39,2023-11-28 02:30:39,22.0,No,No
TKT-06301,Hardware,High,Closed,Legal,Anjali Mehta,2024-08-28 18:12:26,2024-08-29 14:12:26,20.0,No,No
TKT-06302,Printer,Low,Resolved,IT,Rohit Verma,2024-08-04 23:38:18,2024-08-08 11:38:18,84.0,Yes,Yes
TKT-06303,Software,Medium,In Progress,Operations,Vikram Joshi,2023-09-17 04:13:02,,,,Yes
TKT-06304,Printer,Medium,Resolved,Marketing,Priya Singh,2024-01-27 12:44:24,2024-01-29 20:44:24,56.0,Yes,Yes
TKT-06305,Hardware,Medium,Resolved,Finance,Anjali Mehta,2024-03-21 14:08:53,2024-03-22 06:08:53,16.0,No,No
TKT-06306,Email,Low,In Progress,HR,Priya Singh,2024-01-21 11:26:21,,,,Yes
TKT-06307,Hardware,Medium,Resolved,Sales,Amit Sharma,2024-01-04 09:56:58,2024-01-06 14:56:58,53.0,Yes,No
TKT-06308,Access/Login,Low,Closed,Sales,Suresh Kumar,2023-03-09 15:10:13,2023-03-10 02:10:13,11.0,No,No
TKT-06309,Printer,Medium,Closed,HR,Amit Sharma,2023-01-24 10:56:18,2023-01-26 11:56:18,49.0,Yes,No
TKT-06310,Email,Low,Resolved,HR,Priya Singh,2024-10-26 08:14:11,2024-10-29 13:14:11,77.0,Yes,Yes
TKT-06311,Access/Login,Medium,Resolved,Marketing,Suresh Kumar,2023-04-08 01:31:41,2023-04-09 22:31:41,45.0,No,Yes
TKT-06312,Hardware,High,Open,Legal,Priya Singh,2024-01-18 07:13:44,,,,No
TKT-06313,Network,Medium,Resolved,Operations,Rohit Verma,2024-06-27 21:55:39,2024-06-30 06:55:39,57.0,Yes,No
TKT-06314,Email,Medium,Resolved,Legal,Priya Singh,2024-09-12 17:06:38,2024-09-14 02:06:38,33.0,No,No
TKT-06315,Email,Medium,Open,HR,Rohit Verma,2023-06-29 01:23:03,,,,No
TKT-06316,Software,Critical,Open,IT,Neha Gupta,2023-08-25 11:20:47,,,,No
TKT-06317,Network,Medium,Resolved,HR,Rohit Verma,2023-08-09 06:08:17,2023-08-11 17:08:17,59.0,Yes,No
TKT-06318,Hardware,Low,Resolved,Legal,Priya Singh,2024-04-18 00:52:15,2024-04-18 14:52:15,14.0,No,No
TKT-06319,Software,Low,Resolved,Operations,Rohit Verma,2023-08-26 15:23:17,2023-08-29 04:23:17,61.0,No,Yes
TKT-06320,Email,Medium,Closed,Marketing,Amit Sharma,2023-09-17 03:31:11,2023-09-17 22:31:11,19.0,No,Yes
TKT-06321,Access/Login,Medium,Resolved,Marketing,Neha Gupta,2024-05-31 00:10:34,2024-06-01 20:10:34,44.0,No,No
TKT-06322,Printer,Low,Resolved,Operations,Suresh Kumar,2023-02-02 14:19:26,2023-02-06 02:19:26,84.0,Yes,No
TKT-06323,Access/Login,Low,Closed,Operations,Suresh Kumar,2023-07-11 02:57:36,2023-07-12 20:57:36,42.0,No,No
TKT-06324,Access/Login,Critical,Resolved,Finance,Neha Gupta,2023-07-14 11:32:46,2023-07-14 13:32:46,2.0,No,No
TKT-06325,Email,Low,Resolved,IT,Neha Gupta,2023-01-22 10:18:07,2023-01-25 09:18:07,71.0,No,Yes
TKT-06326,Network,Medium,Closed,Sales,Rohit Verma,2023-07-15 22:16:40,2023-07-16 17:16:40,19.0,No,Yes
TKT-06327,Email,Critical,In Progress,Operations,Anjali Mehta,2023-04-29 07:59:15,,,,Yes
TKT-06328,Email,High,In Progress,Finance,Vikram Joshi,2024-11-27 22:23:34,,,,No
TKT-06329,Software,Low,Resolved,Finance,Rohit Verma,2023-08-10 06:58:35,2023-08-12 17:58:35,59.0,No,No
TKT-06330,Software,Low,Resolved,Operations,Priya Singh,2024-07-30 21:01:50,2024-08-03 14:01:50,89.0,Yes,No
TKT-06331,Email,Medium,Resolved,IT,Vikram Joshi,2023-11-12 17:31:21,2023-11-14 20:31:21,51.0,Yes,Yes
TKT-06332,Access/Login,High,Resolved,Finance,Suresh Kumar,2023-02-02 21:47:18,2023-02-03 06:47:18,9.0,No,No
TKT-06333,Printer,Critical,Resolved,IT,Rohit Verma,2024-07-13 21:51:03,2024-07-14 04:51:03,7.0,Yes,Yes
TKT-06334,Email,High,Closed,HR,Suresh Kumar,2024-06-12 15:49:40,2024-06-13 03:49:40,12.0,No,No
TKT-06335,Hardware,Medium,Closed,HR,Suresh Kumar,2023-03-14 23:31:52,2023-03-16 09:31:52,34.0,No,No
TKT-06336,Printer,High,Resolved,Legal,Priya Singh,2023-06-26 11:59:49,2023-06-26 17:59:49,6.0,No,No
TKT-06337,Network,Low,Closed,Legal,Rohit Verma,2023-06-03 22:24:21,2023-06-07 11:24:21,85.0,Yes,Yes
TKT-06338,Hardware,Low,In Progress,Sales,Neha Gupta,2023-01-15 22:43:06,,,,Yes
TKT-06339,Network,Medium,Resolved,Finance,Suresh Kumar,2024-11-29 10:57:55,2024-11-29 15:57:55,5.0,No,No
TKT-06340,Printer,High,Resolved,Sales,Neha Gupta,2024-06-13 19:49:55,2024-06-15 01:49:55,30.0,Yes,No
TKT-06341,Network,Medium,Closed,Marketing,Vikram Joshi,2023-10-25 02:25:36,2023-10-25 14:25:36,12.0,No,No
TKT-06342,Access/Login,Low,Resolved,IT,Neha Gupta,2023-09-15 20:50:25,2023-09-16 20:50:25,24.0,No,No
TKT-06343,Printer,Medium,In Progress,IT,Neha Gupta,2023-07-31 19:27:38,,,,No
TKT-06344,Network,Low,Resolved,Operations,Neha Gupta,2024-06-13 09:13:37,2024-06-16 22:13:37,85.0,Yes,No
TKT-06345,Network,Low,Closed,Legal,Neha Gupta,2024-01-03 23:48:03,2024-01-07 16:48:03,89.0,Yes,No
TKT-06346,Network,High,Resolved,IT,Vikram Joshi,2024-02-11 06:42:42,2024-02-12 01:42:42,19.0,No,Yes
TKT-06347,Network,High,Resolved,HR,Rohit Verma,2023-07-29 13:01:23,2023-07-30 18:01:23,29.0,Yes,Yes
TKT-06348,Email,Low,Closed,Operations,Anjali Mehta,2023-05-01 00:57:47,2023-05-04 13:57:47,85.0,Yes,No
TKT-06349,Access/Login,High,Closed,Legal,Vikram Joshi,2024-11-17 02:29:30,2024-11-17 18:29:30,16.0,No,Yes
TKT-06350,Email,Medium,Resolved,Sales,Anjali Mehta,2024-10-21 14:08:55,2024-10-22 07:08:55,17.0,No,No
TKT-06351,Network,Medium,Resolved,HR,Priya Singh,2023-10-28 09:33:12,2023-10-28 21:33:12,12.0,No,Yes
TKT-06352,Access/Login,Medium,Open,Finance,Anjali Mehta,2023-01-14 18:22:11,,,,Yes
TKT-06353,Email,Medium,Resolved,Finance,Amit Sharma,2023-03-01 03:17:53,2023-03-01 13:17:53,10.0,No,No
TKT-06354,Network,Critical,Closed,Sales,Vikram Joshi,2023-11-18 12:26:27,2023-11-18 22:26:27,10.0,Yes,Yes
TKT-06355,Hardware,Critical,Resolved,Sales,Neha Gupta,2023-02-08 21:05:42,2023-02-09 06:05:42,9.0,Yes,No
TKT-06356,Access/Login,Low,Resolved,IT,Anjali Mehta,2023-06-26 17:07:56,2023-06-28 05:07:56,36.0,No,No
TKT-06357,Email,Critical,Resolved,HR,Anjali Mehta,2023-12-21 19:35:32,2023-12-21 20:35:32,1.0,No,No
TKT-06358,Network,Low,Resolved,IT,Neha Gupta,2023-10-06 07:50:38,2023-10-08 17:50:38,58.0,No,No
TKT-06359,Email,Medium,Closed,Marketing,Priya Singh,2023-11-28 07:26:33,2023-11-29 05:26:33,22.0,No,No
TKT-06360,Access/Login,Medium,Resolved,Operations,Neha Gupta,2024-06-04 16:20:11,2024-06-05 17:20:11,25.0,No,No
TKT-06361,Email,Critical,Open,HR,Vikram Joshi,2024-03-30 13:12:35,,,,Yes
TKT-06362,Printer,Low,Resolved,Marketing,Suresh Kumar,2024-12-20 18:20:27,2024-12-22 15:20:27,45.0,No,No
TKT-06363,Printer,Medium,Resolved,Operations,Neha Gupta,2023-03-20 10:56:01,2023-03-22 03:56:01,41.0,No,No
TKT-06364,Software,Medium,Resolved,Sales,Vikram Joshi,2023-10-09 14:18:35,2023-10-11 04:18:35,38.0,No,No
TKT-06365,Email,Critical,Resolved,Legal,Amit Sharma,2023-09-17 06:46:41,2023-09-17 15:46:41,9.0,Yes,Yes
TKT-06366,Access/Login,Low,In Progress,Sales,Amit Sharma,2023-03-23 02:10:43,,,,No
TKT-06367,Email,Low,Closed,Operations,Rohit Verma,2023-06-14 03:10:47,2023-06-17 19:10:47,88.0,Yes,No
TKT-06368,Network,Low,Resolved,IT,Amit Sharma,2023-08-24 06:21:37,2023-08-27 01:21:37,67.0,No,No
TKT-06369,Network,Medium,Resolved,Operations,Neha Gupta,2023-01-22 07:22:26,2023-01-22 15:22:26,8.0,No,Yes
TKT-06370,Network,Medium,Closed,Operations,Neha Gupta,2023-03-17 21:53:45,2023-03-18 05:53:45,8.0,No,No
TKT-06371,Hardware,High,Resolved,HR,Rohit Verma,2023-05-27 18:33:32,2023-05-27 20:33:32,2.0,No,Yes
TKT-06372,Access/Login,Medium,In Progress,HR,Priya Singh,2023-05-20 15:27:21,,,,Yes
TKT-06373,Email,Medium,Closed,HR,Suresh Kumar,2023-05-20 20:42:55,2023-05-22 11:42:55,39.0,No,Yes
TKT-06374,Access/Login,Low,Closed,Sales,Amit Sharma,2023-05-23 00:57:12,2023-05-23 23:57:12,23.0,No,No
TKT-06375,Software,High,Closed,Finance,Rohit Verma,2024-06-22 04:05:24,2024-06-23 08:05:24,28.0,Yes,Yes
TKT-06376,Access/Login,Medium,Resolved,Marketing,Vikram Joshi,2023-07-18 13:55:03,2023-07-20 22:55:03,57.0,Yes,No
TKT-06377,Access/Login,High,Resolved,IT,Priya Singh,2024-02-19 01:21:15,2024-02-20 02:21:15,25.0,Yes,No
TKT-06378,Printer,High,Closed,HR,Neha Gupta,2023-07-20 08:38:18,2023-07-20 17:38:18,9.0,No,No
TKT-06379,Access/Login,Low,Closed,Finance,Amit Sharma,2023-12-24 04:41:20,2023-12-25 15:41:20,35.0,No,Yes
TKT-06380,Software,Medium,Open,Operations,Neha Gupta,2024-10-05 15:52:26,,,,Yes
TKT-06381,Access/Login,Medium,Open,Sales,Suresh Kumar,2023-05-21 07:32:25,,,,Yes
TKT-06382,Software,Medium,Resolved,Legal,Priya Singh,2023-10-09 00:50:18,2023-10-10 17:50:18,41.0,No,No
TKT-06383,Network,Low,Resolved,IT,Neha Gupta,2023-03-24 02:05:06,2023-03-25 09:05:06,31.0,No,No
TKT-06384,Printer,Low,Resolved,Finance,Vikram Joshi,2024-05-31 02:24:23,2024-06-03 07:24:23,77.0,Yes,No
TKT-06385,Email,Low,Resolved,HR,Vikram Joshi,2023-11-21 03:50:48,2023-11-24 16:50:48,85.0,Yes,No
TKT-06386,Network,Low,Resolved,HR,Rohit Verma,2023-09-02 03:32:46,2023-09-04 10:32:46,55.0,No,Yes
TKT-06387,Email,Medium,Resolved,HR,Suresh Kumar,2023-02-04 03:09:09,2023-02-04 21:09:09,18.0,No,Yes
TKT-06388,Network,Low,Resolved,Sales,Amit Sharma,2023-12-01 13:47:17,2023-12-03 15:47:17,50.0,No,No
TKT-06389,Email,Medium,Closed,Finance,Neha Gupta,2024-11-23 19:34:40,2024-11-25 09:34:40,38.0,No,Yes
TKT-06390,Printer,High,Resolved,Legal,Anjali Mehta,2023-07-23 18:49:08,2023-07-24 23:49:08,29.0,Yes,Yes
TKT-06391,Software,Low,Open,IT,Vikram Joshi,2023-01-22 01:20:43,,,,Yes
TKT-06392,Hardware,Low,Resolved,Legal,Rohit Verma,2024-04-02 10:02:36,2024-04-05 05:02:36,67.0,No,No
TKT-06393,Access/Login,High,Closed,Finance,Suresh Kumar,2024-10-31 04:35:00,2024-11-01 05:35:00,25.0,Yes,No
TKT-06394,Network,Low,Resolved,Operations,Rohit Verma,2023-04-02 20:32:56,2023-04-03 14:32:56,18.0,No,Yes
TKT-06395,Software,Medium,Closed,Sales,Vikram Joshi,2023-07-11 04:59:40,2023-07-11 22:59:40,18.0,No,No
TKT-06396,Network,High,Open,Sales,Neha Gupta,2023-07-08 05:43:49,,,,Yes
TKT-06397,Software,High,Closed,Marketing,Neha Gupta,2023-04-01 07:37:25,2023-04-01 14:37:25,7.0,No,Yes
TKT-06398,Network,Medium,Resolved,Legal,Suresh Kumar,2024-02-28 18:38:31,2024-03-01 14:38:31,44.0,No,No
TKT-06399,Email,Low,Resolved,Finance,Vikram Joshi,2024-02-01 15:45:37,2024-02-03 19:45:37,52.0,No,No
TKT-06400,Software,Medium,Closed,Legal,Neha Gupta,2024-12-26 18:54:52,2024-12-29 04:54:52,58.0,Yes,No
TKT-06401,Printer,Medium,Resolved,Operations,Amit Sharma,2023-10-18 19:36:58,2023-10-21 02:36:58,55.0,Yes,No
TKT-06402,Printer,Medium,Resolved,HR,Priya Singh,2024-12-27 13:32:16,2024-12-29 19:32:16,54.0,Yes,No
TKT-06403,Printer,Low,Resolved,Legal,Anjali Mehta,2024-03-04 02:38:14,2024-03-06 04:38:14,50.0,No,No
TKT-06404,Software,Medium,Resolved,Sales,Anjali Mehta,2024-05-23 14:23:09,2024-05-25 20:23:09,54.0,Yes,No
TKT-06405,Printer,Medium,Resolved,IT,Suresh Kumar,2024-03-22 04:01:40,2024-03-24 03:01:40,47.0,No,No
TKT-06406,Hardware,Low,In Progress,Marketing,Rohit Verma,2024-05-22 13:50:56,,,,No
TKT-06407,Software,Medium,Closed,Finance,Amit Sharma,2024-09-05 06:15:17,2024-09-06 21:15:17,39.0,No,No
TKT-06408,Network,Low,Closed,Legal,Rohit Verma,2023-10-24 14:48:17,2023-10-26 10:48:17,44.0,No,No
TKT-06409,Email,Low,Resolved,Marketing,Amit Sharma,2024-06-16 10:35:10,2024-06-17 03:35:10,17.0,No,Yes
TKT-06410,Hardware,Medium,In Progress,HR,Neha Gupta,2024-12-20 21:29:31,,,,No
TKT-06411,Network,Medium,Closed,Legal,Amit Sharma,2023-03-13 01:09:42,2023-03-15 06:09:42,53.0,Yes,No
TKT-06412,Software,High,Resolved,IT,Priya Singh,2023-07-06 10:28:12,2023-07-07 09:28:12,23.0,No,No
TKT-06413,Printer,Medium,Resolved,Marketing,Neha Gupta,2024-11-12 00:29:57,2024-11-13 13:29:57,37.0,No,No
TKT-06414,Access/Login,Medium,Closed,Marketing,Neha Gupta,2024-06-30 19:52:00,2024-07-02 20:52:00,49.0,Yes,Yes
TKT-06415,Email,Low,Closed,Sales,Priya Singh,2024-06-18 14:20:53,2024-06-19 09:20:53,19.0,No,No
TKT-06416,Hardware,Critical,Closed,Sales,Vikram Joshi,2023-07-02 17:56:33,2023-07-03 02:56:33,9.0,Yes,Yes
TKT-06417,Software,High,Closed,Legal,Amit Sharma,2023-12-27 15:35:57,2023-12-28 08:35:57,17.0,No,No
TKT-06418,Printer,High,Closed,Operations,Neha Gupta,2023-11-05 11:46:13,2023-11-05 13:46:13,2.0,No,Yes
TKT-06419,Email,Medium,Resolved,Sales,Anjali Mehta,2024-07-29 01:54:29,2024-07-31 12:54:29,59.0,Yes,No
TKT-06420,Network,Medium,Closed,Marketing,Anjali Mehta,2024-03-06 12:41:55,2024-03-08 22:41:55,58.0,Yes,No
TKT-06421,Network,High,Resolved,Sales,Anjali Mehta,2023-05-30 02:20:05,2023-05-30 18:20:05,16.0,No,No
TKT-06422,Software,Critical,Resolved,Operations,Vikram Joshi,2023-05-09 14:12:38,2023-05-09 23:12:38,9.0,Yes,No
TKT-06423,Access/Login,High,Resolved,Operations,Suresh Kumar,2023-06-22 08:20:30,2023-06-22 14:20:30,6.0,No,No
TKT-06424,Access/Login,Medium,In Progress,Finance,Amit Sharma,2023-01-12 19:59:53,,,,No
TKT-06425,Hardware,High,In Progress,Finance,Suresh Kumar,2023-05-16 01:12:36,,,,No
TKT-06426,Email,Low,In Progress,Finance,Suresh Kumar,2023-08-02 00:08:00,,,,No
TKT-06427,Printer,High,Open,Legal,Rohit Verma,2023-12-02 13:21:46,,,,Yes
TKT-06428,Printer,Low,Resolved,Operations,Anjali Mehta,2023-11-02 23:01:58,2023-11-06 16:01:58,89.0,Yes,No
TKT-06429,Hardware,Low,Resolved,Finance,Vikram Joshi,2023-09-18 22:30:03,2023-09-21 10:30:03,60.0,No,No
TKT-06430,Printer,Critical,Resolved,IT,Suresh Kumar,2024-04-09 20:07:25,2024-04-10 03:07:25,7.0,Yes,No
TKT-06431,Hardware,Critical,Closed,IT,Neha Gupta,2023-04-25 16:47:17,2023-04-25 18:47:17,2.0,No,No
TKT-06432,Hardware,Medium,Closed,Sales,Priya Singh,2023-01-09 15:20:52,2023-01-10 17:20:52,26.0,No,No
TKT-06433,Software,Critical,Closed,Operations,Priya Singh,2023-12-03 03:36:49,2023-12-03 07:36:49,4.0,No,Yes
TKT-06434,Hardware,Medium,Resolved,IT,Amit Sharma,2023-07-07 06:35:50,2023-07-08 01:35:50,19.0,No,No
TKT-06435,Network,Low,Closed,HR,Amit Sharma,2024-05-10 10:56:20,2024-05-13 11:56:20,73.0,Yes,No
TKT-06436,Access/Login,High,Resolved,HR,Suresh Kumar,2024-10-07 02:35:31,2024-10-08 05:35:31,27.0,Yes,No
TKT-06437,Software,Medium,Closed,HR,Neha Gupta,2024-08-07 22:33:30,2024-08-08 11:33:30,13.0,No,No
TKT-06438,Network,Medium,Closed,Sales,Neha Gupta,2024-12-12 10:55:33,2024-12-12 17:55:33,7.0,No,No
TKT-06439,Access/Login,Low,Resolved,Marketing,Priya Singh,2024-01-27 22:03:51,2024-01-30 22:03:51,72.0,No,Yes
TKT-06440,Email,Low,Resolved,Operations,Amit Sharma,2024-07-18 17:38:32,2024-07-19 08:38:32,15.0,No,No
TKT-06441,Email,Low,Closed,IT,Suresh Kumar,2023-03-01 16:18:38,2023-03-04 22:18:38,78.0,Yes,No
TKT-06442,Printer,Low,Resolved,Sales,Vikram Joshi,2024-04-19 16:34:41,2024-04-22 04:34:41,60.0,No,No
TKT-06443,Printer,Medium,Closed,IT,Vikram Joshi,2023-08-26 19:03:47,2023-08-28 04:03:47,33.0,No,Yes
TKT-06444,Software,High,Resolved,Marketing,Neha Gupta,2024-01-13 17:53:46,2024-01-14 13:53:46,20.0,No,Yes
TKT-06445,Access/Login,Critical,In Progress,Legal,Amit Sharma,2023-01-19 00:12:07,,,,No
TKT-06446,Email,High,Resolved,Legal,Neha Gupta,2024-03-25 08:07:47,2024-03-26 03:07:47,19.0,No,No
TKT-06447,Network,Low,Closed,Operations,Amit Sharma,2024-10-29 03:51:27,2024-10-31 01:51:27,46.0,No,No
TKT-06448,Software,Low,Resolved,Sales,Suresh Kumar,2024-09-24 15:58:03,2024-09-27 22:58:03,79.0,Yes,No
TKT-06449,Hardware,Low,Resolved,Legal,Neha Gupta,2023-07-20 08:51:16,2023-07-22 14:51:16,54.0,No,No
TKT-06450,Network,Low,Closed,Operations,Neha Gupta,2023-08-20 02:08:32,2023-08-22 01:08:32,47.0,No,Yes
TKT-06451,Access/Login,Low,Resolved,HR,Amit Sharma,2024-04-25 02:41:03,2024-04-28 00:41:03,70.0,No,No
TKT-06452,Printer,Low,Resolved,Legal,Rohit Verma,2023-01-17 12:41:39,2023-01-20 14:41:39,74.0,Yes,No
TKT-06453,Software,Critical,In Progress,Marketing,Priya Singh,2024-08-04 21:10:47,,,,Yes
TKT-06454,Printer,Critical,Closed,Legal,Vikram Joshi,2024-12-30 21:10:29,2024-12-31 06:10:29,9.0,Yes,No
TKT-06455,Printer,Medium,Closed,HR,Priya Singh,2023-04-04 11:28:24,2023-04-06 00:28:24,37.0,No,No
TKT-06456,Network,High,Resolved,IT,Rohit Verma,2023-05-27 17:08:13,2023-05-27 23:08:13,6.0,No,Yes
TKT-06457,Hardware,Low,Resolved,IT,Suresh Kumar,2023-01-26 04:23:14,2023-01-27 03:23:14,23.0,No,No
TKT-06458,Hardware,Critical,Open,Legal,Neha Gupta,2023-06-19 07:42:22,,,,No
TKT-06459,Software,Low,Resolved,IT,Neha Gupta,2023-12-05 02:51:00,2023-12-06 13:51:00,35.0,No,No
TKT-06460,Hardware,Low,Resolved,HR,Neha Gupta,2023-06-05 17:55:13,2023-06-08 23:55:13,78.0,Yes,No
TKT-06461,Network,Medium,Closed,Sales,Amit Sharma,2024-09-01 17:30:03,2024-09-03 04:30:03,35.0,No,Yes
TKT-06462,Network,High,Open,IT,Suresh Kumar,2023-02-08 23:18:51,,,,No
TKT-06463,Network,Critical,Resolved,Sales,Neha Gupta,2024-10-04 10:39:30,2024-10-04 20:39:30,10.0,Yes,No
TKT-06464,Email,Medium,Resolved,IT,Vikram Joshi,2024-03-13 13:52:29,2024-03-15 13:52:29,48.0,No,No
TKT-06465,Network,Low,Closed,IT,Amit Sharma,2024-11-23 21:44:09,2024-11-25 11:44:09,38.0,No,Yes
TKT-06466,Printer,Medium,Open,HR,Rohit Verma,2023-11-16 22:42:51,,,,No
TKT-06467,Printer,Medium,Closed,HR,Rohit Verma,2023-10-02 00:14:14,2023-10-03 20:14:14,44.0,No,No
TKT-06468,Printer,Medium,Closed,Finance,Priya Singh,2024-08-28 10:50:11,2024-08-30 08:50:11,46.0,No,No
TKT-06469,Access/Login,Low,Closed,IT,Amit Sharma,2024-09-20 18:20:23,2024-09-21 15:20:23,21.0,No,No
TKT-06470,Printer,Medium,Closed,Legal,Priya Singh,2023-05-18 22:03:58,2023-05-21 06:03:58,56.0,Yes,No
TKT-06471,Network,Low,Resolved,Legal,Anjali Mehta,2023-07-15 21:18:05,2023-07-19 09:18:05,84.0,Yes,Yes
TKT-06472,Access/Login,Low,Closed,Operations,Amit Sharma,2023-12-15 09:42:25,2023-12-17 12:42:25,51.0,No,No
TKT-06473,Access/Login,Low,Open,Finance,Amit Sharma,2024-10-17 21:30:54,,,,No
TKT-06474,Hardware,Medium,Resolved,Finance,Rohit Verma,2023-04-04 13:06:41,2023-04-05 07:06:41,18.0,No,No
TKT-06475,Network,Medium,Resolved,Operations,Neha Gupta,2024-06-18 19:02:37,2024-06-20 15:02:37,44.0,No,No
TKT-06476,Network,Medium,Resolved,Marketing,Rohit Verma,2024-03-18 11:42:59,2024-03-20 13:42:59,50.0,Yes,No
TKT-06477,Access/Login,Low,Open,IT,Anjali Mehta,2023-11-30 23:20:58,,,,No
TKT-06478,Access/Login,Low,Resolved,Operations,Anjali Mehta,2024-07-07 01:48:38,2024-07-08 12:48:38,35.0,No,Yes
TKT-06479,Software,High,Closed,HR,Suresh Kumar,2024-07-16 01:06:21,2024-07-17 06:06:21,29.0,Yes,No
TKT-06480,Hardware,Medium,Resolved,Marketing,Suresh Kumar,2023-01-31 05:29:43,2023-02-01 21:29:43,40.0,No,No
TKT-06481,Network,Medium,Resolved,Finance,Neha Gupta,2024-09-13 11:52:51,2024-09-14 05:52:51,18.0,No,No
TKT-06482,Software,Medium,Resolved,Marketing,Vikram Joshi,2024-12-16 03:10:16,2024-12-17 13:10:16,34.0,No,No
TKT-06483,Software,Low,Resolved,HR,Suresh Kumar,2024-04-02 08:05:04,2024-04-05 02:05:04,66.0,No,No
TKT-06484,Network,Critical,Resolved,Sales,Anjali Mehta,2024-07-21 11:34:41,2024-07-21 14:34:41,3.0,No,Yes
TKT-06485,Network,Medium,Closed,Operations,Vikram Joshi,2023-11-01 17:28:59,2023-11-03 22:28:59,53.0,Yes,No
TKT-06486,Email,Low,Resolved,HR,Neha Gupta,2024-01-03 05:20:36,2024-01-04 04:20:36,23.0,No,No
TKT-06487,Printer,Medium,Resolved,Marketing,Neha Gupta,2024-08-15 00:20:00,2024-08-17 02:20:00,50.0,Yes,No
TKT-06488,Hardware,Medium,Resolved,IT,Rohit Verma,2023-12-03 08:51:13,2023-12-05 10:51:13,50.0,Yes,Yes
TKT-06489,Access/Login,Medium,Resolved,IT,Suresh Kumar,2023-01-28 09:45:21,2023-01-28 21:45:21,12.0,No,Yes
TKT-06490,Printer,Low,Resolved,IT,Amit Sharma,2024-12-07 21:07:43,2024-12-10 22:07:43,73.0,Yes,Yes
TKT-06491,Software,Medium,Resolved,Finance,Anjali Mehta,2024-10-04 14:15:31,2024-10-05 11:15:31,21.0,No,No
TKT-06492,Network,High,Open,Operations,Suresh Kumar,2023-11-05 05:19:44,,,,Yes
TKT-06493,Printer,Low,Resolved,Finance,Rohit Verma,2023-04-18 06:58:31,2023-04-19 05:58:31,23.0,No,No
TKT-06494,Network,Medium,Open,HR,Amit Sharma,2024-10-01 01:23:59,,,,No
TKT-06495,Printer,Low,Closed,IT,Vikram Joshi,2023-11-06 14:58:01,2023-11-08 04:58:01,38.0,No,No
TKT-06496,Printer,Low,Closed,Legal,Anjali Mehta,2024-10-06 00:06:47,2024-10-07 16:06:47,40.0,No,Yes
TKT-06497,Network,Low,In Progress,Marketing,Amit Sharma,2024-12-29 03:06:07,,,,Yes
TKT-06498,Hardware,Low,Resolved,IT,Anjali Mehta,2023-09-14 20:46:12,2023-09-15 19:46:12,23.0,No,No
TKT-06499,Network,Low,Open,HR,Vikram Joshi,2023-08-05 19:09:50,,,,Yes
TKT-06500,Network,Low,Closed,Sales,Amit Sharma,2024-01-15 13:03:31,2024-01-18 18:03:31,77.0,Yes,No
TKT-06501,Hardware,High,In Progress,Legal,Suresh Kumar,2024-12-20 15:30:21,,,,No
TKT-06502,Email,Medium,Open,Sales,Vikram Joshi,2024-01-10 20:57:07,,,,No
TKT-06503,Network,Medium,Resolved,Finance,Anjali Mehta,2024-02-10 16:42:33,2024-02-11 12:42:33,20.0,No,Yes
TKT-06504,Network,Medium,Open,Marketing,Rohit Verma,2023-07-11 11:20:01,,,,No
TKT-06505,Hardware,Critical,Resolved,IT,Rohit Verma,2024-08-01 21:02:46,2024-08-01 22:02:46,1.0,No,No
TKT-06506,Hardware,Medium,Resolved,Operations,Amit Sharma,2024-04-11 19:32:39,2024-04-14 07:32:39,60.0,Yes,No
TKT-06507,Email,Low,Closed,HR,Amit Sharma,2023-01-11 22:26:57,2023-01-14 02:26:57,52.0,No,No
TKT-06508,Software,Medium,Resolved,Operations,Anjali Mehta,2024-12-20 09:22:19,2024-12-22 06:22:19,45.0,No,No
TKT-06509,Hardware,Critical,In Progress,HR,Neha Gupta,2023-11-04 07:45:59,,,,Yes
TKT-06510,Hardware,High,Resolved,Marketing,Priya Singh,2023-06-02 03:07:03,2023-06-03 08:07:03,29.0,Yes,No
TKT-06511,Access/Login,Medium,Closed,Finance,Amit Sharma,2024-05-26 06:26:37,2024-05-27 04:26:37,22.0,No,Yes
TKT-06512,Printer,Low,Closed,Operations,Amit Sharma,2023-06-27 19:26:17,2023-06-30 14:26:17,67.0,No,No
TKT-06513,Access/Login,High,Closed,Finance,Vikram Joshi,2024-06-06 22:20:25,2024-06-08 03:20:25,29.0,Yes,No
TKT-06514,Printer,Medium,Resolved,Operations,Vikram Joshi,2024-09-04 18:58:29,2024-09-05 18:58:29,24.0,No,No
TKT-06515,Printer,High,Resolved,Operations,Vikram Joshi,2023-02-12 14:30:27,2023-02-13 12:30:27,22.0,No,Yes
TKT-06516,Email,Medium,Closed,HR,Suresh Kumar,2023-03-10 04:38:12,2023-03-12 10:38:12,54.0,Yes,No
TKT-06517,Software,Medium,Open,Operations,Rohit Verma,2024-02-06 19:58:12,,,,No
TKT-06518,Printer,Low,Resolved,Finance,Anjali Mehta,2023-04-19 13:42:26,2023-04-22 17:42:26,76.0,Yes,No
TKT-06519,Access/Login,Low,Closed,Sales,Rohit Verma,2023-07-16 18:40:21,2023-07-20 03:40:21,81.0,Yes,Yes
TKT-06520,Hardware,Medium,Resolved,IT,Amit Sharma,2024-01-01 00:13:46,2024-01-03 03:13:46,51.0,Yes,No
TKT-06521,Printer,High,In Progress,Marketing,Vikram Joshi,2024-08-11 06:10:16,,,,Yes
TKT-06522,Access/Login,Medium,Closed,Finance,Anjali Mehta,2024-08-17 20:58:57,2024-08-18 12:58:57,16.0,No,Yes
TKT-06523,Email,Medium,Closed,HR,Rohit Verma,2023-10-07 13:41:52,2023-10-10 00:41:52,59.0,Yes,Yes
TKT-06524,Hardware,High,Closed,Operations,Amit Sharma,2023-12-26 17:40:59,2023-12-27 00:40:59,7.0,No,No
TKT-06525,Network,Medium,Closed,Operations,Anjali Mehta,2024-11-15 07:08:36,2024-11-16 05:08:36,22.0,No,No
TKT-06526,Hardware,High,Closed,Finance,Neha Gupta,2023-10-16 19:05:40,2023-10-17 21:05:40,26.0,Yes,No
TKT-06527,Access/Login,Medium,Closed,HR,Neha Gupta,2023-01-19 12:12:10,2023-01-19 18:12:10,6.0,No,No
TKT-06528,Email,Medium,Resolved,IT,Vikram Joshi,2024-08-13 13:26:30,2024-08-13 23:26:30,10.0,No,No
TKT-06529,Network,High,In Progress,Marketing,Anjali Mehta,2024-05-11 19:39:32,,,,Yes
TKT-06530,Printer,Critical,Resolved,Sales,Vikram Joshi,2023-10-02 12:01:24,2023-10-02 19:01:24,7.0,Yes,No
TKT-06531,Email,Low,Closed,Sales,Neha Gupta,2023-04-08 21:29:05,2023-04-12 11:29:05,86.0,Yes,Yes
TKT-06532,Hardware,Medium,Closed,HR,Priya Singh,2023-02-22 06:08:30,2023-02-23 11:08:30,29.0,No,No
TKT-06533,Network,High,Resolved,Marketing,Anjali Mehta,2024-02-19 08:01:56,2024-02-20 01:01:56,17.0,No,No
TKT-06534,Hardware,Low,In Progress,HR,Suresh Kumar,2024-03-07 23:29:41,,,,No
TKT-06535,Software,Medium,Resolved,IT,Amit Sharma,2023-03-24 00:47:17,2023-03-25 04:47:17,28.0,No,No
TKT-06536,Printer,Medium,Resolved,Sales,Suresh Kumar,2024-03-27 11:11:30,2024-03-28 23:11:30,36.0,No,No
TKT-06537,Access/Login,Low,Open,HR,Anjali Mehta,2024-01-03 07:24:12,,,,No
TKT-06538,Software,Medium,Closed,Operations,Amit Sharma,2023-02-15 19:08:25,2023-02-16 02:08:25,7.0,No,No
TKT-06539,Software,Low,Resolved,Marketing,Vikram Joshi,2023-09-18 12:34:06,2023-09-19 08:34:06,20.0,No,No
TKT-06540,Software,Low,Resolved,Finance,Amit Sharma,2023-01-31 01:48:46,2023-02-02 03:48:46,50.0,No,No
TKT-06541,Access/Login,High,Resolved,Finance,Vikram Joshi,2023-06-28 15:35:10,2023-06-29 17:35:10,26.0,Yes,No
TKT-06542,Email,High,Resolved,IT,Rohit Verma,2024-10-04 11:30:50,2024-10-04 17:30:50,6.0,No,No
TKT-06543,Email,Medium,Resolved,IT,Suresh Kumar,2024-03-15 02:13:25,2024-03-15 08:13:25,6.0,No,No
TKT-06544,Access/Login,Low,In Progress,IT,Suresh Kumar,2024-10-12 06:49:16,,,,Yes
TKT-06545,Email,Medium,Resolved,HR,Amit Sharma,2023-04-24 06:00:05,2023-04-25 08:00:05,26.0,No,No
TKT-06546,Access/Login,Medium,Resolved,Finance,Priya Singh,2024-08-06 03:45:55,2024-08-07 12:45:55,33.0,No,No
TKT-06547,Network,Low,Resolved,Marketing,Suresh Kumar,2024-02-26 09:28:05,2024-02-28 07:28:05,46.0,No,No
TKT-06548,Network,High,Closed,Sales,Rohit Verma,2024-05-18 01:01:31,2024-05-19 00:01:31,23.0,No,Yes
TKT-06549,Software,High,Resolved,IT,Suresh Kumar,2023-05-07 06:51:35,2023-05-07 11:51:35,5.0,No,Yes
TKT-06550,Email,Low,Resolved,HR,Priya Singh,2024-10-16 07:04:22,2024-10-19 13:04:22,78.0,Yes,No
TKT-06551,Printer,Medium,Resolved,Sales,Priya Singh,2023-08-06 09:43:48,2023-08-08 02:43:48,41.0,No,Yes
TKT-06552,Printer,Low,Open,Marketing,Priya Singh,2023-06-18 07:59:02,,,,Yes
TKT-06553,Access/Login,High,Open,Marketing,Amit Sharma,2024-06-19 14:43:16,,,,No
TKT-06554,Printer,Medium,Resolved,Legal,Neha Gupta,2023-06-04 19:32:16,2023-06-07 04:32:16,57.0,Yes,Yes
TKT-06555,Hardware,High,Closed,HR,Vikram Joshi,2023-09-20 06:50:40,2023-09-20 18:50:40,12.0,No,No
TKT-06556,Software,Medium,In Progress,Finance,Anjali Mehta,2023-04-28 16:11:35,,,,No
TKT-06557,Access/Login,Low,Closed,Marketing,Rohit Verma,2023-05-03 10:30:51,2023-05-06 09:30:51,71.0,No,No
TKT-06558,Email,Medium,Closed,IT,Amit Sharma,2023-02-14 22:12:06,2023-02-16 19:12:06,45.0,No,No
TKT-06559,Printer,Critical,Closed,Legal,Neha Gupta,2024-03-27 14:25:05,2024-03-27 20:25:05,6.0,Yes,No
TKT-06560,Email,Medium,Closed,Finance,Amit Sharma,2023-03-27 08:37:55,2023-03-28 15:37:55,31.0,No,No
TKT-06561,Software,High,In Progress,IT,Vikram Joshi,2023-05-10 07:53:33,,,,No
TKT-06562,Network,Low,Resolved,IT,Amit Sharma,2024-05-09 07:40:01,2024-05-11 16:40:01,57.0,No,No
TKT-06563,Network,Low,In Progress,Legal,Suresh Kumar,2024-05-22 14:34:23,,,,No
TKT-06564,Email,High,In Progress,IT,Suresh Kumar,2024-08-21 18:12:31,,,,No
TKT-06565,Printer,Low,Closed,Finance,Amit Sharma,2024-01-29 13:54:47,2024-02-01 14:54:47,73.0,Yes,No
TKT-06566,Software,Low,Closed,Marketing,Priya Singh,2024-10-22 18:27:46,2024-10-25 00:27:46,54.0,No,No
TKT-06567,Software,High,Closed,Sales,Rohit Verma,2023-09-28 04:35:33,2023-09-28 11:35:33,7.0,No,No
TKT-06568,Software,High,Closed,HR,Anjali Mehta,2024-08-28 03:49:15,2024-08-28 16:49:15,13.0,No,No
TKT-06569,Access/Login,Low,Resolved,IT,Priya Singh,2024-05-01 06:13:42,2024-05-04 03:13:42,69.0,No,No
TKT-06570,Network,Low,Closed,Operations,Priya Singh,2024-05-26 16:41:33,2024-05-29 19:41:33,75.0,Yes,Yes
TKT-06571,Software,Medium,Resolved,Finance,Amit Sharma,2023-06-08 15:52:22,2023-06-09 12:52:22,21.0,No,No
TKT-06572,Software,Medium,Resolved,IT,Amit Sharma,2024-10-05 15:26:53,2024-10-08 02:26:53,59.0,Yes,Yes
TKT-06573,Software,High,Resolved,Finance,Rohit Verma,2023-10-19 17:43:28,2023-10-20 00:43:28,7.0,No,No
TKT-06574,Software,Low,Resolved,Sales,Amit Sharma,2023-06-05 10:42:00,2023-06-07 23:42:00,61.0,No,No
TKT-06575,Email,Medium,Resolved,Legal,Priya Singh,2023-01-21 17:07:09,2023-01-22 07:07:09,14.0,No,Yes
TKT-06576,Printer,High,Resolved,Marketing,Anjali Mehta,2024-02-17 13:54:28,2024-02-18 18:54:28,29.0,Yes,Yes
TKT-06577,Access/Login,Low,Resolved,IT,Suresh Kumar,2024-03-07 19:38:53,2024-03-10 03:38:53,56.0,No,No
TKT-06578,Email,Medium,Resolved,Marketing,Vikram Joshi,2023-12-29 06:20:12,2023-12-31 15:20:12,57.0,Yes,No
TKT-06579,Network,Low,Resolved,Finance,Rohit Verma,2023-01-13 12:27:35,2023-01-14 02:27:35,14.0,No,No
TKT-06580,Software,Low,Resolved,HR,Amit Sharma,2023-10-03 02:56:40,2023-10-04 16:56:40,38.0,No,No
TKT-06581,Network,Medium,Closed,Operations,Priya Singh,2024-02-21 22:34:59,2024-02-23 02:34:59,28.0,No,No
TKT-06582,Software,Low,Closed,HR,Vikram Joshi,2024-09-16 09:35:34,2024-09-18 18:35:34,57.0,No,No
TKT-06583,Software,Medium,In Progress,IT,Priya Singh,2023-10-27 12:34:43,,,,No
TKT-06584,Hardware,Medium,Resolved,Sales,Priya Singh,2024-01-21 15:24:37,2024-01-23 08:24:37,41.0,No,Yes
TKT-06585,Network,Medium,Resolved,Operations,Amit Sharma,2024-04-29 08:06:11,2024-05-01 20:06:11,60.0,Yes,No
TKT-06586,Access/Login,High,Resolved,Legal,Vikram Joshi,2024-01-19 00:38:13,2024-01-19 02:38:13,2.0,No,No
TKT-06587,Email,Critical,In Progress,IT,Anjali Mehta,2024-03-17 06:32:56,,,,Yes
TKT-06588,Hardware,Medium,Resolved,Sales,Amit Sharma,2024-04-09 02:15:28,2024-04-10 12:15:28,34.0,No,No
TKT-06589,Hardware,Medium,Closed,IT,Rohit Verma,2024-04-14 16:37:23,2024-04-16 06:37:23,38.0,No,Yes
TKT-06590,Printer,Critical,Resolved,IT,Rohit Verma,2024-06-27 01:24:56,2024-06-27 11:24:56,10.0,Yes,No
TKT-06591,Access/Login,High,Closed,Marketing,Priya Singh,2024-01-18 09:05:11,2024-01-18 16:05:11,7.0,No,No
TKT-06592,Software,Low,Resolved,HR,Neha Gupta,2023-08-21 16:41:47,2023-08-23 08:41:47,40.0,No,No
TKT-06593,Hardware,High,Open,Legal,Suresh Kumar,2024-03-13 06:58:12,,,,No
TKT-06594,Printer,High,Resolved,Finance,Rohit Verma,2023-09-20 11:56:10,2023-09-21 13:56:10,26.0,Yes,No
TKT-06595,Network,Critical,Resolved,HR,Vikram Joshi,2023-09-05 03:24:15,2023-09-05 05:24:15,2.0,No,No
TKT-06596,Software,High,Resolved,Operations,Neha Gupta,2023-07-21 12:19:32,2023-07-21 14:19:32,2.0,No,No
TKT-06597,Printer,Low,Resolved,Finance,Priya Singh,2023-05-13 20:24:44,2023-05-15 15:24:44,43.0,No,Yes
TKT-06598,Software,Low,Resolved,Finance,Anjali Mehta,2024-06-02 17:40:11,2024-06-03 19:40:11,26.0,No,Yes
TKT-06599,Hardware,Low,Resolved,IT,Suresh Kumar,2024-10-09 14:26:22,2024-10-13 05:26:22,87.0,Yes,No
TKT-06600,Network,Medium,Resolved,Marketing,Suresh Kumar,2024-01-14 03:49:58,2024-01-15 20:49:58,41.0,No,Yes
TKT-06601,Network,Low,Resolved,Sales,Neha Gupta,2023-09-01 09:32:52,2023-09-02 09:32:52,24.0,No,No
TKT-06602,Software,Medium,Open,Marketing,Suresh Kumar,2024-06-28 18:57:38,,,,No
TKT-06603,Access/Login,Low,Open,Operations,Vikram Joshi,2024-12-14 23:24:38,,,,Yes
TKT-06604,Email,Critical,Resolved,HR,Rohit Verma,2023-01-03 08:30:18,2023-01-03 09:30:18,1.0,No,No
TKT-06605,Printer,Medium,Closed,IT,Priya Singh,2024-03-03 17:27:52,2024-03-04 22:27:52,29.0,No,Yes
TKT-06606,Access/Login,Critical,In Progress,Marketing,Rohit Verma,2023-08-04 05:07:30,,,,No
TKT-06607,Access/Login,Low,Closed,Legal,Priya Singh,2023-12-26 14:34:47,2023-12-29 06:34:47,64.0,No,No
TKT-06608,Network,Medium,Closed,Operations,Suresh Kumar,2024-06-29 10:21:08,2024-07-01 12:21:08,50.0,Yes,Yes
TKT-06609,Software,Medium,Closed,Marketing,Rohit Verma,2023-10-16 07:30:13,2023-10-17 20:30:13,37.0,No,No
TKT-06610,Network,Medium,Closed,Finance,Priya Singh,2024-04-04 03:16:45,2024-04-05 17:16:45,38.0,No,No
TKT-06611,Software,Medium,Closed,Finance,Suresh Kumar,2024-07-27 16:54:01,2024-07-28 08:54:01,16.0,No,Yes
TKT-06612,Software,Medium,In Progress,IT,Priya Singh,2024-07-13 23:30:08,,,,Yes
TKT-06613,Printer,Low,In Progress,Legal,Amit Sharma,2024-09-07 19:16:36,,,,Yes
TKT-06614,Software,Medium,In Progress,Finance,Suresh Kumar,2024-07-28 21:59:12,,,,Yes
TKT-06615,Access/Login,Medium,Resolved,Marketing,Vikram Joshi,2023-11-30 23:01:30,2023-12-01 18:01:30,19.0,No,No
TKT-06616,Printer,Medium,Resolved,IT,Priya Singh,2024-03-24 15:58:11,2024-03-26 16:58:11,49.0,Yes,Yes
TKT-06617,Printer,Critical,Resolved,Sales,Priya Singh,2024-04-25 14:07:21,2024-04-25 18:07:21,4.0,No,No
TKT-06618,Software,High,Resolved,Marketing,Suresh Kumar,2024-01-02 04:14:57,2024-01-03 01:14:57,21.0,No,No
TKT-06619,Printer,Critical,In Progress,HR,Rohit Verma,2023-03-19 23:47:08,,,,Yes
TKT-06620,Printer,High,Resolved,IT,Rohit Verma,2023-07-07 19:26:01,2023-07-07 22:26:01,3.0,No,No
TKT-06621,Printer,Critical,Resolved,IT,Priya Singh,2023-02-08 12:41:05,2023-02-08 16:41:05,4.0,No,No
TKT-06622,Hardware,Low,Resolved,IT,Vikram Joshi,2024-03-07 12:45:56,2024-03-08 06:45:56,18.0,No,No
TKT-06623,Network,Medium,Resolved,Marketing,Neha Gupta,2024-03-09 12:48:51,2024-03-10 22:48:51,34.0,No,Yes
TKT-06624,Software,High,Resolved,Operations,Priya Singh,2023-07-01 22:11:54,2023-07-02 12:11:54,14.0,No,Yes
TKT-06625,Hardware,Medium,Closed,Operations,Priya Singh,2024-11-23 04:50:48,2024-11-24 14:50:48,34.0,No,Yes
TKT-06626,Printer,Low,Open,Marketing,Anjali Mehta,2024-06-11 01:32:38,,,,No
TKT-06627,Printer,Low,Resolved,Marketing,Amit Sharma,2024-02-05 15:54:54,2024-02-08 00:54:54,57.0,No,No
TKT-06628,Software,Medium,In Progress,Finance,Neha Gupta,2024-10-22 02:58:40,,,,No
TKT-06629,Hardware,High,In Progress,Legal,Rohit Verma,2024-11-11 10:31:39,,,,No
TKT-06630,Access/Login,Medium,Resolved,Finance,Neha Gupta,2024-03-18 20:21:31,2024-03-19 11:21:31,15.0,No,No
TKT-06631,Network,High,In Progress,Finance,Amit Sharma,2023-05-30 17:38:39,,,,No
TKT-06632,Software,Critical,Closed,Sales,Priya Singh,2024-09-17 08:46:54,2024-09-17 12:46:54,4.0,No,No
TKT-06633,Access/Login,Low,Resolved,Legal,Anjali Mehta,2023-11-11 14:02:40,2023-11-13 10:02:40,44.0,No,Yes
TKT-06634,Hardware,Medium,Resolved,Legal,Neha Gupta,2023-05-17 05:40:13,2023-05-18 01:40:13,20.0,No,No
TKT-06635,Email,Critical,Closed,Finance,Anjali Mehta,2024-06-20 20:38:27,2024-06-20 23:38:27,3.0,No,No
TKT-06636,Network,Low,Open,IT,Rohit Verma,2024-03-12 05:37:47,,,,No
TKT-06637,Email,Medium,Resolved,Marketing,Anjali Mehta,2023-02-02 21:01:33,2023-02-03 20:01:33,23.0,No,No
TKT-06638,Email,Medium,In Progress,Finance,Amit Sharma,2024-01-31 09:32:46,,,,No
TKT-06639,Access/Login,Medium,Closed,Marketing,Amit Sharma,2024-07-16 19:28:08,2024-07-17 06:28:08,11.0,No,No
TKT-06640,Network,Medium,Resolved,IT,Suresh Kumar,2024-08-25 00:54:05,2024-08-25 13:54:05,13.0,No,Yes
TKT-06641,Printer,Medium,Resolved,Operations,Anjali Mehta,2024-07-23 04:30:43,2024-07-23 10:30:43,6.0,No,No
TKT-06642,Email,Low,Resolved,Legal,Anjali Mehta,2023-10-25 19:46:59,2023-10-26 12:46:59,17.0,No,No
TKT-06643,Printer,Low,Open,Sales,Suresh Kumar,2023-11-13 14:20:12,,,,No
TKT-06644,Email,Low,Closed,IT,Rohit Verma,2024-12-07 23:26:15,2024-12-08 16:26:15,17.0,No,Yes
TKT-06645,Hardware,Low,Resolved,Legal,Rohit Verma,2023-11-09 19:24:47,2023-11-11 07:24:47,36.0,No,No
TKT-06646,Network,High,Resolved,Sales,Anjali Mehta,2023-11-12 23:31:21,2023-11-13 15:31:21,16.0,No,Yes
TKT-06647,Network,Low,Resolved,Legal,Neha Gupta,2024-04-23 00:13:35,2024-04-25 18:13:35,66.0,No,No
TKT-06648,Network,Low,Closed,Sales,Amit Sharma,2024-10-14 07:20:23,2024-10-16 11:20:23,52.0,No,No
TKT-06649,Network,Low,Closed,IT,Neha Gupta,2023-10-10 21:20:11,2023-10-11 13:20:11,16.0,No,No
TKT-06650,Network,High,Closed,HR,Amit Sharma,2023-04-03 06:18:05,2023-04-03 11:18:05,5.0,No,No
TKT-06651,Printer,Medium,Open,IT,Vikram Joshi,2024-01-29 10:45:55,,,,No
TKT-06652,Email,Low,Resolved,IT,Amit Sharma,2023-10-10 00:00:24,2023-10-12 15:00:24,63.0,No,No
TKT-06653,Printer,High,Resolved,Sales,Rohit Verma,2024-03-25 14:33:21,2024-03-26 19:33:21,29.0,Yes,No
TKT-06654,Access/Login,Low,Open,Finance,Priya Singh,2024-02-20 06:00:05,,,,No
TKT-06655,Printer,Low,Closed,Sales,Rohit Verma,2023-08-24 23:26:35,2023-08-26 07:26:35,32.0,No,No
TKT-06656,Email,Medium,Closed,Marketing,Suresh Kumar,2024-02-05 18:55:17,2024-02-07 18:55:17,48.0,No,No
TKT-06657,Network,High,Resolved,Finance,Neha Gupta,2024-03-13 08:25:59,2024-03-14 07:25:59,23.0,No,No
TKT-06658,Email,High,Closed,Finance,Vikram Joshi,2024-06-20 13:22:27,2024-06-21 18:22:27,29.0,Yes,No
TKT-06659,Hardware,Critical,Closed,Sales,Vikram Joshi,2024-01-25 18:54:56,2024-01-26 04:54:56,10.0,Yes,No
TKT-06660,Email,Medium,Resolved,Legal,Anjali Mehta,2023-03-27 21:11:45,2023-03-29 06:11:45,33.0,No,No
TKT-06661,Email,Low,Closed,Legal,Anjali Mehta,2024-06-24 12:38:45,2024-06-25 21:38:45,33.0,No,No
TKT-06662,Network,High,Resolved,Operations,Vikram Joshi,2023-10-03 00:06:17,2023-10-03 06:06:17,6.0,No,No
TKT-06663,Network,Medium,Resolved,Sales,Vikram Joshi,2024-03-17 15:44:44,2024-03-18 05:44:44,14.0,No,Yes
TKT-06664,Network,Medium,Resolved,Operations,Anjali Mehta,2024-02-01 12:58:47,2024-02-03 09:58:47,45.0,No,No
TKT-06665,Access/Login,High,Closed,HR,Amit Sharma,2024-10-13 05:26:43,2024-10-14 07:26:43,26.0,Yes,Yes
TKT-06666,Email,Medium,Resolved,IT,Priya Singh,2024-04-29 21:09:16,2024-04-30 14:09:16,17.0,No,No
TKT-06667,Access/Login,Medium,Closed,Finance,Anjali Mehta,2023-09-03 12:45:47,2023-09-04 22:45:47,34.0,No,Yes
TKT-06668,Hardware,Low,Resolved,Marketing,Priya Singh,2023-10-29 01:02:31,2023-10-30 19:02:31,42.0,No,Yes
TKT-06669,Software,Medium,Resolved,Marketing,Vikram Joshi,2023-01-27 11:57:39,2023-01-28 04:57:39,17.0,No,No
TKT-06670,Network,Medium,Resolved,Operations,Priya Singh,2024-11-04 02:42:39,2024-11-06 09:42:39,55.0,Yes,No
TKT-06671,Hardware,High,Resolved,Finance,Amit Sharma,2023-12-07 07:26:47,2023-12-08 11:26:47,28.0,Yes,No
TKT-06672,Email,High,Resolved,HR,Anjali Mehta,2023-08-27 23:10:54,2023-08-28 21:10:54,22.0,No,Yes
TKT-06673,Hardware,High,Closed,Legal,Neha Gupta,2024-12-07 22:46:45,2024-12-09 00:46:45,26.0,Yes,Yes
TKT-06674,Hardware,High,Resolved,Sales,Amit Sharma,2024-05-22 11:41:43,2024-05-22 13:41:43,2.0,No,No
TKT-06675,Software,Medium,Closed,IT,Neha Gupta,2023-05-18 03:09:14,2023-05-18 21:09:14,18.0,No,No
TKT-06676,Hardware,High,Resolved,Legal,Priya Singh,2024-01-16 01:12:51,2024-01-16 21:12:51,20.0,No,No
TKT-06677,Printer,Critical,Resolved,IT,Anjali Mehta,2024-01-08 02:30:11,2024-01-08 09:30:11,7.0,Yes,No
TKT-06678,Hardware,High,Resolved,HR,Suresh Kumar,2024-05-13 13:01:20,2024-05-13 16:01:20,3.0,No,No
TKT-06679,Hardware,Medium,Resolved,Finance,Amit Sharma,2024-03-08 15:35:03,2024-03-10 12:35:03,45.0,No,No
TKT-06680,Network,Low,Closed,Legal,Suresh Kumar,2024-03-15 09:46:13,2024-03-15 23:46:13,14.0,No,No
TKT-06681,Network,Medium,Resolved,Operations,Anjali Mehta,2024-05-29 13:06:48,2024-05-31 19:06:48,54.0,Yes,No
TKT-06682,Network,Low,Resolved,HR,Rohit Verma,2024-08-11 17:28:14,2024-08-12 04:28:14,11.0,No,Yes
TKT-06683,Printer,High,Closed,HR,Neha Gupta,2024-04-27 07:10:21,2024-04-28 03:10:21,20.0,No,Yes
TKT-06684,Printer,Medium,Closed,Sales,Suresh Kumar,2024-04-04 18:34:50,2024-04-05 12:34:50,18.0,No,No
TKT-06685,Email,Low,Resolved,Finance,Vikram Joshi,2024-07-24 02:25:42,2024-07-24 23:25:42,21.0,No,No
TKT-06686,Email,High,Closed,HR,Vikram Joshi,2023-04-28 14:17:21,2023-04-29 06:17:21,16.0,No,No
TKT-06687,Network,Low,Closed,Marketing,Vikram Joshi,2023-05-30 04:18:37,2023-05-30 19:18:37,15.0,No,No
TKT-06688,Network,Medium,Resolved,Legal,Amit Sharma,2024-10-04 03:37:29,2024-10-06 12:37:29,57.0,Yes,No
TKT-06689,Printer,Critical,Open,Finance,Suresh Kumar,2024-07-09 22:32:04,,,,No
TKT-06690,Software,High,Resolved,Finance,Suresh Kumar,2023-04-13 18:54:18,2023-04-14 09:54:18,15.0,No,No
TKT-06691,Network,Medium,Resolved,Sales,Neha Gupta,2024-03-15 07:32:36,2024-03-16 11:32:36,28.0,No,No
TKT-06692,Network,Critical,Open,Finance,Rohit Verma,2023-06-21 16:19:11,,,,No
TKT-06693,Software,Medium,Closed,Finance,Amit Sharma,2023-11-14 05:58:28,2023-11-15 20:58:28,39.0,No,No
TKT-06694,Software,Medium,Resolved,HR,Amit Sharma,2023-03-09 11:40:49,2023-03-10 07:40:49,20.0,No,No
TKT-06695,Hardware,Medium,Open,Sales,Amit Sharma,2023-05-01 17:37:46,,,,No
TKT-06696,Hardware,Medium,Resolved,Marketing,Suresh Kumar,2024-12-19 17:05:41,2024-12-22 01:05:41,56.0,Yes,No
TKT-06697,Hardware,High,Resolved,Operations,Amit Sharma,2023-12-13 04:28:04,2023-12-13 14:28:04,10.0,No,No
TKT-06698,Network,High,Resolved,Finance,Vikram Joshi,2024-05-12 10:35:57,2024-05-13 11:35:57,25.0,Yes,Yes
TKT-06699,Printer,Low,In Progress,Finance,Priya Singh,2024-12-18 04:17:44,,,,No
TKT-06700,Software,Medium,Resolved,Sales,Vikram Joshi,2023-01-09 21:59:38,2023-01-10 12:59:38,15.0,No,No
TKT-06701,Hardware,High,Resolved,Marketing,Rohit Verma,2024-07-30 07:40:05,2024-07-31 08:40:05,25.0,Yes,No
TKT-06702,Email,Low,Resolved,Operations,Suresh Kumar,2023-04-27 18:19:11,2023-04-29 20:19:11,50.0,No,No
TKT-06703,Access/Login,Critical,Open,Operations,Suresh Kumar,2024-06-20 23:34:21,,,,No
TKT-06704,Access/Login,Critical,Resolved,Operations,Amit Sharma,2023-03-07 22:22:10,2023-03-08 02:22:10,4.0,No,No
TKT-06705,Email,Low,Resolved,HR,Vikram Joshi,2024-07-07 13:17:53,2024-07-09 13:17:53,48.0,No,Yes
TKT-06706,Printer,High,Resolved,Marketing,Vikram Joshi,2023-06-29 18:22:09,2023-06-30 08:22:09,14.0,No,No
TKT-06707,Email,Critical,Resolved,Sales,Neha Gupta,2023-10-05 19:01:35,2023-10-06 03:01:35,8.0,Yes,No
TKT-06708,Email,Medium,Resolved,Finance,Amit Sharma,2024-02-26 21:39:22,2024-02-28 23:39:22,50.0,Yes,No
TKT-06709,Software,High,Resolved,Finance,Rohit Verma,2024-04-14 21:43:29,2024-04-15 19:43:29,22.0,No,Yes
TKT-06710,Email,Critical,Resolved,Legal,Priya Singh,2023-12-29 08:19:24,2023-12-29 10:19:24,2.0,No,No
TKT-06711,Network,Low,In Progress,Finance,Amit Sharma,2024-08-24 15:15:40,,,,Yes
TKT-06712,Email,Critical,Resolved,HR,Amit Sharma,2023-10-22 02:20:30,2023-10-22 08:20:30,6.0,Yes,Yes
TKT-06713,Email,High,Resolved,Marketing,Priya Singh,2023-09-17 03:54:04,2023-09-18 04:54:04,25.0,Yes,Yes
TKT-06714,Access/Login,Medium,Resolved,Operations,Priya Singh,2023-05-21 12:56:04,2023-05-23 21:56:04,57.0,Yes,Yes
TKT-06715,Printer,Medium,Resolved,Marketing,Rohit Verma,2023-06-14 20:48:00,2023-06-16 17:48:00,45.0,No,No
TKT-06716,Printer,Low,Closed,IT,Priya Singh,2024-10-05 03:35:39,2024-10-08 08:35:39,77.0,Yes,Yes
TKT-06717,Access/Login,Critical,In Progress,Operations,Vikram Joshi,2024-09-16 10:48:46,,,,No
TKT-06718,Network,Medium,Resolved,HR,Priya Singh,2023-09-06 11:49:24,2023-09-08 13:49:24,50.0,Yes,No
TKT-06719,Software,Low,Closed,Finance,Vikram Joshi,2023-10-12 11:40:10,2023-10-13 06:40:10,19.0,No,No
TKT-06720,Hardware,Medium,Resolved,Operations,Vikram Joshi,2024-08-17 14:55:41,2024-08-19 10:55:41,44.0,No,Yes
TKT-06721,Printer,Medium,Resolved,IT,Amit Sharma,2024-01-20 05:48:17,2024-01-21 08:48:17,27.0,No,Yes
TKT-06722,Printer,High,Open,Finance,Rohit Verma,2024-10-25 09:58:33,,,,No
TKT-06723,Email,Low,In Progress,Marketing,Rohit Verma,2023-07-09 15:32:44,,,,Yes
TKT-06724,Email,Low,Closed,Operations,Suresh Kumar,2024-04-07 05:33:33,2024-04-08 04:33:33,23.0,No,Yes
TKT-06725,Printer,Medium,Open,HR,Neha Gupta,2023-06-24 09:36:55,,,,Yes
TKT-06726,Hardware,High,Closed,Legal,Anjali Mehta,2024-05-04 19:04:12,2024-05-05 19:04:12,24.0,No,Yes
TKT-06727,Access/Login,Medium,Resolved,Legal,Rohit Verma,2024-08-03 21:21:52,2024-08-04 02:21:52,5.0,No,Yes
TKT-06728,Software,Critical,Resolved,Legal,Vikram Joshi,2024-10-31 02:41:10,2024-10-31 03:41:10,1.0,No,No
TKT-06729,Printer,Low,Open,Finance,Priya Singh,2024-06-29 16:07:38,,,,Yes
TKT-06730,Network,Medium,Resolved,Sales,Vikram Joshi,2023-08-16 20:33:32,2023-08-19 06:33:32,58.0,Yes,No
TKT-06731,Software,Medium,Resolved,Marketing,Amit Sharma,2023-04-18 09:21:06,2023-04-19 22:21:06,37.0,No,No
TKT-06732,Printer,Low,Resolved,Sales,Suresh Kumar,2024-11-10 18:23:41,2024-11-12 23:23:41,53.0,No,Yes
TKT-06733,Software,Medium,Closed,Marketing,Neha Gupta,2024-06-15 07:39:59,2024-06-16 00:39:59,17.0,No,Yes
TKT-06734,Hardware,Low,In Progress,HR,Amit Sharma,2023-06-09 14:41:59,,,,No
TKT-06735,Email,Medium,Resolved,Marketing,Amit Sharma,2023-07-25 11:34:12,2023-07-27 20:34:12,57.0,Yes,No
TKT-06736,Software,Medium,Closed,Legal,Priya Singh,2024-12-30 17:16:29,2025-01-01 12:16:29,43.0,No,No
TKT-06737,Software,Medium,Resolved,Legal,Suresh Kumar,2023-02-25 01:08:10,2023-02-26 12:08:10,35.0,No,Yes
TKT-06738,Network,Low,Resolved,Sales,Neha Gupta,2023-09-15 12:45:09,2023-09-16 13:45:09,25.0,No,No
TKT-06739,Software,Medium,Closed,HR,Vikram Joshi,2024-11-01 13:40:42,2024-11-03 04:40:42,39.0,No,No
TKT-06740,Access/Login,High,Closed,Marketing,Vikram Joshi,2023-08-23 01:50:59,2023-08-23 08:50:59,7.0,No,No
TKT-06741,Software,Critical,Resolved,Sales,Neha Gupta,2024-03-04 09:10:33,2024-03-04 14:10:33,5.0,Yes,No
TKT-06742,Network,Medium,Resolved,Finance,Vikram Joshi,2023-08-11 08:56:23,2023-08-13 02:56:23,42.0,No,No
TKT-06743,Email,Low,Resolved,Operations,Rohit Verma,2024-05-11 03:05:42,2024-05-13 07:05:42,52.0,No,Yes
TKT-06744,Printer,Critical,Resolved,HR,Vikram Joshi,2023-04-29 12:47:13,2023-04-29 13:47:13,1.0,No,Yes
TKT-06745,Network,Low,Resolved,Legal,Neha Gupta,2023-10-25 13:40:04,2023-10-27 20:40:04,55.0,No,No
TKT-06746,Email,Medium,Closed,Legal,Amit Sharma,2024-07-17 12:01:08,2024-07-19 04:01:08,40.0,No,No
TKT-06747,Access/Login,High,Open,Finance,Vikram Joshi,2024-11-16 08:45:00,,,,Yes
TKT-06748,Email,Medium,In Progress,Finance,Vikram Joshi,2024-08-14 18:34:08,,,,No
TKT-06749,Printer,Medium,Resolved,Marketing,Vikram Joshi,2024-03-02 11:08:18,2024-03-03 06:08:18,19.0,No,Yes
TKT-06750,Email,Medium,Closed,Marketing,Priya Singh,2024-03-24 12:08:29,2024-03-25 13:08:29,25.0,No,Yes
TKT-06751,Software,High,Resolved,Operations,Vikram Joshi,2023-08-16 01:50:59,2023-08-17 07:50:59,30.0,Yes,No
TKT-06752,Hardware,Medium,Resolved,Operations,Neha Gupta,2024-04-17 06:57:39,2024-04-19 02:57:39,44.0,No,No
TKT-06753,Printer,Medium,Closed,IT,Neha Gupta,2023-06-26 08:57:13,2023-06-28 18:57:13,58.0,Yes,No
TKT-06754,Access/Login,Low,Resolved,IT,Amit Sharma,2024-09-15 21:10:26,2024-09-16 21:10:26,24.0,No,Yes
TKT-06755,Access/Login,Low,Closed,Operations,Amit Sharma,2024-04-14 06:26:35,2024-04-16 11:26:35,53.0,No,Yes
TKT-06756,Software,Low,Resolved,IT,Neha Gupta,2023-10-08 16:34:36,2023-10-09 12:34:36,20.0,No,Yes
TKT-06757,Printer,Medium,Resolved,HR,Anjali Mehta,2023-03-16 10:25:55,2023-03-16 19:25:55,9.0,No,No
TKT-06758,Access/Login,Medium,Open,Marketing,Amit Sharma,2024-02-16 08:23:58,,,,No
TKT-06759,Email,High,Closed,Operations,Anjali Mehta,2023-02-28 18:03:09,2023-03-02 00:03:09,30.0,Yes,No
TKT-06760,Software,Critical,Resolved,Finance,Priya Singh,2023-07-14 19:25:11,2023-07-14 22:25:11,3.0,No,No
TKT-06761,Software,Low,Resolved,Operations,Neha Gupta,2023-03-05 02:33:44,2023-03-07 20:33:44,66.0,No,Yes
TKT-06762,Hardware,Medium,Resolved,Marketing,Rohit Verma,2024-09-21 03:32:49,2024-09-23 02:32:49,47.0,No,Yes
TKT-06763,Access/Login,Medium,Resolved,Operations,Rohit Verma,2024-07-08 01:16:43,2024-07-08 18:16:43,17.0,No,No
TKT-06764,Email,Medium,In Progress,HR,Vikram Joshi,2024-08-30 19:25:09,,,,No
TKT-06765,Software,High,Resolved,Sales,Rohit Verma,2023-12-31 04:39:37,2023-12-31 21:39:37,17.0,No,Yes
TKT-06766,Hardware,Medium,Resolved,Finance,Vikram Joshi,2023-02-07 02:44:49,2023-02-07 11:44:49,9.0,No,No
TKT-06767,Email,Medium,Resolved,Legal,Suresh Kumar,2024-03-10 00:17:28,2024-03-11 09:17:28,33.0,No,Yes
TKT-06768,Access/Login,Medium,Closed,Marketing,Suresh Kumar,2023-10-24 11:22:31,2023-10-26 20:22:31,57.0,Yes,No
TKT-06769,Software,Low,Open,Legal,Rohit Verma,2023-07-07 15:06:59,,,,No
TKT-06770,Software,Medium,Resolved,Sales,Rohit Verma,2024-12-28 04:43:07,2024-12-30 15:43:07,59.0,Yes,Yes
TKT-06771,Software,Low,In Progress,Marketing,Anjali Mehta,2024-06-24 15:48:05,,,,No
TKT-06772,Hardware,Low,Resolved,Sales,Anjali Mehta,2024-09-16 04:16:01,2024-09-18 17:16:01,61.0,No,No
TKT-06773,Hardware,Low,Closed,Operations,Rohit Verma,2024-11-20 01:41:31,2024-11-23 12:41:31,83.0,Yes,No
TKT-06774,Access/Login,Low,Resolved,Legal,Neha Gupta,2023-04-18 21:31:16,2023-04-19 07:31:16,10.0,No,No
TKT-06775,Printer,High,Resolved,Finance,Priya Singh,2023-02-01 20:25:19,2023-02-03 02:25:19,30.0,Yes,No
TKT-06776,Software,Medium,Resolved,Legal,Vikram Joshi,2024-01-04 09:22:51,2024-01-06 16:22:51,55.0,Yes,No
TKT-06777,Email,Medium,Closed,Finance,Neha Gupta,2023-09-27 08:16:45,2023-09-28 16:16:45,32.0,No,No
TKT-06778,Printer,High,Resolved,Marketing,Rohit Verma,2023-02-11 04:24:07,2023-02-11 22:24:07,18.0,No,Yes
TKT-06779,Hardware,Medium,In Progress,Finance,Vikram Joshi,2024-04-26 14:14:14,,,,No
TKT-06780,Software,Medium,Closed,IT,Vikram Joshi,2023-08-26 23:09:00,2023-08-27 21:09:00,22.0,No,Yes
TKT-06781,Network,Low,Closed,Finance,Vikram Joshi,2023-02-16 17:12:13,2023-02-17 12:12:13,19.0,No,No
TKT-06782,Network,Medium,In Progress,Marketing,Vikram Joshi,2024-09-03 03:35:22,,,,No
TKT-06783,Email,Medium,Closed,Finance,Amit Sharma,2024-03-15 17:05:18,2024-03-17 11:05:18,42.0,No,No
TKT-06784,Email,Medium,Open,HR,Priya Singh,2024-01-20 02:25:08,,,,Yes
TKT-06785,Printer,Medium,Closed,Operations,Vikram Joshi,2023-08-11 00:39:35,2023-08-13 10:39:35,58.0,Yes,No
TKT-06786,Network,High,Closed,Legal,Anjali Mehta,2023-04-04 15:02:01,2023-04-05 04:02:01,13.0,No,No
TKT-06787,Access/Login,Critical,Resolved,Operations,Vikram Joshi,2024-02-12 08:07:15,2024-02-12 15:07:15,7.0,Yes,No
TKT-06788,Email,Low,Resolved,Sales,Anjali Mehta,2023-07-31 01:07:35,2023-07-31 14:07:35,13.0,No,No
TKT-06789,Printer,Critical,Resolved,IT,Suresh Kumar,2024-05-05 02:57:46,2024-05-05 06:57:46,4.0,No,Yes
TKT-06790,Hardware,High,In Progress,Finance,Priya Singh,2023-09-06 02:38:00,,,,No
TKT-06791,Network,Low,Resolved,HR,Amit Sharma,2023-11-08 23:02:59,2023-11-11 05:02:59,54.0,No,No
TKT-06792,Email,Medium,Closed,Operations,Priya Singh,2024-03-31 23:37:17,2024-04-01 09:37:17,10.0,No,Yes
TKT-06793,Email,High,Resolved,IT,Vikram Joshi,2024-04-20 08:42:31,2024-04-21 07:42:31,23.0,No,Yes
TKT-06794,Email,High,Resolved,Sales,Amit Sharma,2023-12-11 02:23:03,2023-12-11 17:23:03,15.0,No,No
TKT-06795,Printer,Medium,Resolved,Legal,Vikram Joshi,2023-05-09 02:50:38,2023-05-10 19:50:38,41.0,No,No
TKT-06796,Printer,Low,Resolved,Operations,Amit Sharma,2023-10-27 00:44:20,2023-10-27 19:44:20,19.0,No,No
TKT-06797,Hardware,Low,Resolved,Legal,Anjali Mehta,2023-03-28 10:00:56,2023-03-29 23:00:56,37.0,No,No
TKT-06798,Email,Medium,Resolved,Sales,Rohit Verma,2024-06-17 11:56:12,2024-06-19 22:56:12,59.0,Yes,No
TKT-06799,Email,Medium,Resolved,HR,Vikram Joshi,2024-10-20 01:17:56,2024-10-21 08:17:56,31.0,No,Yes
TKT-06800,Network,Low,Resolved,Marketing,Vikram Joshi,2024-08-10 01:55:30,2024-08-10 14:55:30,13.0,No,Yes
TKT-06801,Network,Critical,Closed,Sales,Anjali Mehta,2023-11-06 04:47:46,2023-11-06 13:47:46,9.0,Yes,No
TKT-06802,Printer,Critical,Open,Operations,Amit Sharma,2023-03-03 01:15:24,,,,No
TKT-06803,Network,Medium,Closed,Marketing,Rohit Verma,2023-11-14 07:38:37,2023-11-15 10:38:37,27.0,No,No
TKT-06804,Email,High,Resolved,Sales,Amit Sharma,2024-01-12 05:26:54,2024-01-13 03:26:54,22.0,No,No
TKT-06805,Printer,Critical,Resolved,HR,Anjali Mehta,2023-05-03 13:14:02,2023-05-03 17:14:02,4.0,No,No
TKT-06806,Email,Low,Resolved,Operations,Anjali Mehta,2024-06-03 06:52:00,2024-06-06 18:52:00,84.0,Yes,No
TKT-06807,Access/Login,Medium,Closed,Operations,Vikram Joshi,2023-01-01 01:58:25,2023-01-01 15:58:25,14.0,No,Yes
TKT-06808,Network,Medium,Open,IT,Suresh Kumar,2023-05-19 20:10:53,,,,No
TKT-06809,Email,Low,Closed,HR,Vikram Joshi,2024-07-22 11:33:42,2024-07-25 14:33:42,75.0,Yes,No
TKT-06810,Email,Critical,Resolved,Legal,Suresh Kumar,2023-05-19 12:42:49,2023-05-19 16:42:49,4.0,No,No
TKT-06811,Email,High,In Progress,HR,Priya Singh,2023-05-25 19:32:35,,,,No
TKT-06812,Access/Login,Low,Resolved,HR,Rohit Verma,2024-04-02 07:58:27,2024-04-05 15:58:27,80.0,Yes,No
TKT-06813,Email,Medium,Resolved,Sales,Priya Singh,2023-05-21 07:34:18,2023-05-22 17:34:18,34.0,No,Yes
TKT-06814,Access/Login,Critical,Resolved,Finance,Rohit Verma,2024-05-14 19:57:27,2024-05-15 01:57:27,6.0,Yes,No
TKT-06815,Printer,Medium,In Progress,HR,Rohit Verma,2024-12-03 08:37:59,,,,No
TKT-06816,Hardware,Low,Open,IT,Amit Sharma,2023-03-25 23:08:24,,,,Yes
TKT-06817,Network,Medium,Resolved,Marketing,Anjali Mehta,2023-08-16 06:13:08,2023-08-18 09:13:08,51.0,Yes,No
TKT-06818,Printer,Low,Resolved,HR,Amit Sharma,2023-06-23 12:39:58,2023-06-27 00:39:58,84.0,Yes,No
TKT-06819,Software,Medium,Open,Marketing,Suresh Kumar,2024-02-09 17:53:58,,,,No
TKT-06820,Access/Login,Low,Resolved,Finance,Anjali Mehta,2024-11-13 13:48:04,2024-11-16 23:48:04,82.0,Yes,No
TKT-06821,Hardware,Critical,Resolved,Finance,Anjali Mehta,2024-07-18 11:05:04,2024-07-18 14:05:04,3.0,No,No
TKT-06822,Email,Low,Resolved,IT,Amit Sharma,2024-07-17 01:40:02,2024-07-18 01:40:02,24.0,No,No
TKT-06823,Email,Critical,Resolved,Legal,Anjali Mehta,2024-06-27 14:05:13,2024-06-27 20:05:13,6.0,Yes,No
TKT-06824,Software,Critical,Resolved,HR,Priya Singh,2023-10-12 09:52:01,2023-10-12 16:52:01,7.0,Yes,No
TKT-06825,Printer,Medium,Closed,Marketing,Vikram Joshi,2024-03-27 21:04:23,2024-03-28 02:04:23,5.0,No,No
TKT-06826,Software,High,Resolved,Marketing,Amit Sharma,2024-07-03 13:00:08,2024-07-04 05:00:08,16.0,No,No
TKT-06827,Access/Login,Medium,Resolved,IT,Anjali Mehta,2023-10-23 14:03:49,2023-10-24 10:03:49,20.0,No,No
TKT-06828,Email,High,Closed,Finance,Neha Gupta,2023-10-18 04:54:28,2023-10-18 09:54:28,5.0,No,No
TKT-06829,Software,Medium,Resolved,Finance,Priya Singh,2024-10-27 00:53:47,2024-10-27 06:53:47,6.0,No,Yes
TKT-06830,Network,Medium,Closed,Sales,Priya Singh,2023-12-22 04:56:12,2023-12-24 04:56:12,48.0,No,No
TKT-06831,Printer,Low,Closed,Sales,Amit Sharma,2023-06-07 08:49:54,2023-06-11 00:49:54,88.0,Yes,No
TKT-06832,Software,Medium,Resolved,Operations,Priya Singh,2023-04-01 07:38:08,2023-04-01 21:38:08,14.0,No,Yes
TKT-06833,Access/Login,Low,Resolved,Operations,Neha Gupta,2024-11-14 18:21:57,2024-11-16 03:21:57,33.0,No,No
TKT-06834,Hardware,High,Resolved,HR,Rohit Verma,2024-08-31 13:31:33,2024-09-01 09:31:33,20.0,No,Yes
TKT-06835,Printer,High,Open,Sales,Rohit Verma,2023-06-01 12:32:50,,,,No
TKT-06836,Email,Medium,In Progress,Sales,Priya Singh,2023-03-31 11:30:51,,,,No
TKT-06837,Printer,Medium,Resolved,IT,Priya Singh,2023-03-23 17:45:04,2023-03-25 09:45:04,40.0,No,No
TKT-06838,Network,High,Resolved,Marketing,Anjali Mehta,2023-10-20 20:04:34,2023-10-21 15:04:34,19.0,No,No
TKT-06839,Printer,Low,Open,Operations,Amit Sharma,2023-09-15 03:13:27,,,,No
TKT-06840,Hardware,Medium,Resolved,Sales,Priya Singh,2024-10-27 06:48:00,2024-10-28 06:48:00,24.0,No,Yes
TKT-06841,Access/Login,Medium,Resolved,Finance,Amit Sharma,2023-03-03 16:35:36,2023-03-04 20:35:36,28.0,No,No
TKT-06842,Software,High,Resolved,Finance,Amit Sharma,2024-08-04 19:32:12,2024-08-06 00:32:12,29.0,Yes,Yes
TKT-06843,Software,Low,Resolved,Finance,Amit Sharma,2024-01-13 12:21:26,2024-01-15 10:21:26,46.0,No,Yes
TKT-06844,Software,Low,Resolved,Marketing,Neha Gupta,2023-05-14 17:37:03,2023-05-17 19:37:03,74.0,Yes,Yes
TKT-06845,Network,Medium,In Progress,Finance,Anjali Mehta,2024-09-28 05:39:59,,,,Yes
TKT-06846,Printer,Low,Resolved,Sales,Suresh Kumar,2023-08-07 20:46:47,2023-08-10 17:46:47,69.0,No,No
TKT-06847,Email,Medium,In Progress,IT,Anjali Mehta,2023-05-26 23:36:25,,,,No
TKT-06848,Access/Login,Medium,Resolved,HR,Priya Singh,2024-03-04 02:01:55,2024-03-04 07:01:55,5.0,No,No
TKT-06849,Printer,Medium,Resolved,Operations,Neha Gupta,2023-03-24 07:08:20,2023-03-24 22:08:20,15.0,No,No
TKT-06850,Printer,Medium,Resolved,IT,Suresh Kumar,2024-04-05 03:46:12,2024-04-05 10:46:12,7.0,No,No
TKT-06851,Hardware,Medium,Resolved,Sales,Amit Sharma,2023-06-28 05:15:28,2023-06-30 02:15:28,45.0,No,No
TKT-06852,Hardware,Low,Resolved,Legal,Vikram Joshi,2024-08-20 17:37:09,2024-08-23 16:37:09,71.0,No,No
TKT-06853,Printer,Low,Resolved,Marketing,Rohit Verma,2024-09-01 12:28:50,2024-09-04 22:28:50,82.0,Yes,Yes
TKT-06854,Printer,High,Resolved,Legal,Suresh Kumar,2023-02-09 22:30:38,2023-02-10 09:30:38,11.0,No,No
TKT-06855,Software,Low,Open,HR,Neha Gupta,2023-08-26 06:11:39,,,,Yes
TKT-06856,Printer,Medium,Closed,IT,Suresh Kumar,2024-10-07 00:30:39,2024-10-07 07:30:39,7.0,No,No
TKT-06857,Hardware,Medium,Closed,Marketing,Suresh Kumar,2024-03-09 03:42:49,2024-03-09 12:42:49,9.0,No,Yes
TKT-06858,Hardware,Medium,Closed,IT,Priya Singh,2024-01-09 11:54:30,2024-01-11 05:54:30,42.0,No,No
TKT-06859,Access/Login,Low,Closed,Operations,Neha Gupta,2024-09-13 04:20:47,2024-09-13 15:20:47,11.0,No,No
TKT-06860,Software,Low,Open,Marketing,Vikram Joshi,2024-06-05 04:59:30,,,,No
TKT-06861,Email,High,Resolved,IT,Anjali Mehta,2023-08-04 13:29:49,2023-08-04 21:29:49,8.0,No,No
TKT-06862,Hardware,High,Resolved,Operations,Neha Gupta,2024-04-21 15:19:22,2024-04-21 17:19:22,2.0,No,Yes
TKT-06863,Printer,Low,Closed,IT,Anjali Mehta,2024-07-17 21:12:14,2024-07-18 15:12:14,18.0,No,No
TKT-06864,Email,Low,Resolved,HR,Amit Sharma,2023-04-19 06:16:01,2023-04-20 11:16:01,29.0,No,No
TKT-06865,Email,Medium,Resolved,Sales,Priya Singh,2024-08-02 11:49:10,2024-08-04 06:49:10,43.0,No,No
TKT-06866,Access/Login,Medium,In Progress,Sales,Rohit Verma,2024-06-09 22:04:16,,,,Yes
TKT-06867,Hardware,Low,Closed,IT,Amit Sharma,2024-03-20 05:49:11,2024-03-23 10:49:11,77.0,Yes,No
TKT-06868,Printer,Medium,Resolved,Legal,Neha Gupta,2023-04-15 02:44:36,2023-04-16 01:44:36,23.0,No,Yes
TKT-06869,Access/Login,Critical,Closed,Sales,Anjali Mehta,2024-09-30 19:29:12,2024-09-30 23:29:12,4.0,No,No
TKT-06870,Printer,Critical,Closed,Marketing,Amit Sharma,2023-06-25 23:20:41,2023-06-26 08:20:41,9.0,Yes,Yes
TKT-06871,Hardware,Medium,Resolved,Legal,Rohit Verma,2023-01-09 19:10:34,2023-01-12 04:10:34,57.0,Yes,No
TKT-06872,Network,Medium,Open,Sales,Rohit Verma,2024-02-20 14:06:10,,,,No
TKT-06873,Printer,Medium,Closed,HR,Neha Gupta,2024-06-30 15:14:05,2024-07-02 13:14:05,46.0,No,Yes
TKT-06874,Printer,Medium,Resolved,Finance,Amit Sharma,2024-05-20 23:21:17,2024-05-21 08:21:17,9.0,No,No
TKT-06875,Hardware,High,Resolved,Finance,Neha Gupta,2023-08-05 11:16:12,2023-08-06 07:16:12,20.0,No,Yes
TKT-06876,Hardware,Medium,Closed,Operations,Rohit Verma,2023-07-03 05:34:31,2023-07-04 14:34:31,33.0,No,No
TKT-06877,Network,Low,Resolved,Legal,Anjali Mehta,2024-05-26 12:19:32,2024-05-30 06:19:32,90.0,Yes,Yes
TKT-06878,Access/Login,Medium,Closed,Sales,Neha Gupta,2023-07-01 17:45:11,2023-07-02 07:45:11,14.0,No,Yes
TKT-06879,Network,Critical,Closed,Marketing,Rohit Verma,2023-08-07 23:29:34,2023-08-08 02:29:34,3.0,No,No
TKT-06880,Email,High,Closed,HR,Priya Singh,2024-10-19 18:32:27,2024-10-20 04:32:27,10.0,No,Yes
TKT-06881,Hardware,Medium,In Progress,IT,Amit Sharma,2023-03-02 05:43:43,,,,No
TKT-06882,Software,High,In Progress,Marketing,Amit Sharma,2024-02-08 02:39:46,,,,No
TKT-06883,Hardware,Medium,Resolved,Finance,Neha Gupta,2023-07-02 15:49:02,2023-07-03 19:49:02,28.0,No,Yes
TKT-06884,Email,Low,Resolved,HR,Anjali Mehta,2023-04-13 22:25:46,2023-04-17 09:25:46,83.0,Yes,No
TKT-06885,Software,High,Resolved,Marketing,Amit Sharma,2023-11-28 03:09:31,2023-11-28 16:09:31,13.0,No,No
TKT-06886,Access/Login,High,Resolved,Marketing,Amit Sharma,2024-12-03 21:25:41,2024-12-04 15:25:41,18.0,No,No
TKT-06887,Network,Medium,Resolved,IT,Rohit Verma,2023-05-31 02:06:32,2023-05-31 23:06:32,21.0,No,No
TKT-06888,Printer,Low,Resolved,Marketing,Priya Singh,2023-08-13 08:41:49,2023-08-13 22:41:49,14.0,No,Yes
TKT-06889,Access/Login,Medium,Resolved,HR,Vikram Joshi,2024-11-07 16:40:06,2024-11-08 06:40:06,14.0,No,No
TKT-06890,Hardware,High,Resolved,Legal,Neha Gupta,2023-05-09 02:58:55,2023-05-09 23:58:55,21.0,No,No
TKT-06891,Access/Login,Medium,Resolved,Operations,Neha Gupta,2024-02-05 12:53:21,2024-02-06 14:53:21,26.0,No,No
TKT-06892,Network,Low,In Progress,Marketing,Vikram Joshi,2023-05-03 08:35:42,,,,No
TKT-06893,Software,Low,Open,Sales,Priya Singh,2023-09-19 09:09:39,,,,No
TKT-06894,Access/Login,Medium,Resolved,Operations,Neha Gupta,2023-09-07 02:10:53,2023-09-08 22:10:53,44.0,No,No
TKT-06895,Email,Medium,Closed,IT,Rohit Verma,2024-02-06 10:07:32,2024-02-08 01:07:32,39.0,No,No
TKT-06896,Hardware,Low,Closed,Marketing,Anjali Mehta,2023-06-01 19:02:28,2023-06-04 17:02:28,70.0,No,No
TKT-06897,Access/Login,Critical,In Progress,Legal,Suresh Kumar,2024-07-26 17:34:17,,,,No
TKT-06898,Software,Low,Resolved,Marketing,Suresh Kumar,2024-08-09 20:43:22,2024-08-11 01:43:22,29.0,No,No
TKT-06899,Network,Critical,Resolved,Finance,Neha Gupta,2023-12-06 21:16:31,2023-12-07 02:16:31,5.0,Yes,No
TKT-06900,Network,High,Open,IT,Anjali Mehta,2024-10-21 22:15:17,,,,No
TKT-06901,Network,Medium,Closed,Operations,Rohit Verma,2023-03-17 08:27:12,2023-03-17 15:27:12,7.0,No,No
TKT-06902,Printer,Low,Resolved,Marketing,Anjali Mehta,2023-07-02 17:37:51,2023-07-05 01:37:51,56.0,No,Yes
TKT-06903,Software,Medium,Resolved,Marketing,Suresh Kumar,2024-01-07 08:25:01,2024-01-08 19:25:01,35.0,No,Yes
TKT-06904,Hardware,High,Resolved,IT,Amit Sharma,2023-12-23 05:46:30,2023-12-24 09:46:30,28.0,Yes,Yes
TKT-06905,Network,Medium,Resolved,HR,Priya Singh,2023-11-24 18:43:35,2023-11-27 05:43:35,59.0,Yes,No
TKT-06906,Network,Low,Closed,HR,Vikram Joshi,2023-01-14 10:40:27,2023-01-16 05:40:27,43.0,No,Yes
TKT-06907,Hardware,Low,Closed,IT,Amit Sharma,2023-11-19 10:00:24,2023-11-21 14:00:24,52.0,No,Yes
TKT-06908,Access/Login,High,Open,Finance,Neha Gupta,2023-12-06 14:38:48,,,,No
TKT-06909,Printer,Low,Resolved,Legal,Neha Gupta,2023-05-23 04:20:16,2023-05-23 15:20:16,11.0,No,No
TKT-06910,Hardware,Low,Closed,IT,Rohit Verma,2024-10-18 17:18:02,2024-10-21 05:18:02,60.0,No,No
TKT-06911,Software,Medium,Resolved,HR,Vikram Joshi,2024-08-23 14:18:09,2024-08-23 23:18:09,9.0,No,No
TKT-06912,Email,Medium,Resolved,Operations,Anjali Mehta,2023-03-05 21:47:53,2023-03-07 21:47:53,48.0,No,Yes
TKT-06913,Email,Low,Closed,Finance,Vikram Joshi,2023-10-05 03:58:03,2023-10-06 07:58:03,28.0,No,No
TKT-06914,Software,Critical,Resolved,Sales,Amit Sharma,2024-02-23 03:26:32,2024-02-23 11:26:32,8.0,Yes,No
TKT-06915,Access/Login,Low,Resolved,Marketing,Neha Gupta,2023-08-02 19:54:15,2023-08-04 01:54:15,30.0,No,No
TKT-06916,Network,High,Open,Operations,Vikram Joshi,2023-04-09 00:22:28,,,,Yes
TKT-06917,Access/Login,Medium,Resolved,Marketing,Rohit Verma,2023-11-06 12:21:51,2023-11-08 01:21:51,37.0,No,No
TKT-06918,Access/Login,Medium,Resolved,Marketing,Amit Sharma,2024-08-27 00:53:37,2024-08-29 10:53:37,58.0,Yes,No
TKT-06919,Software,High,Resolved,IT,Neha Gupta,2024-12-22 21:14:10,2024-12-23 16:14:10,19.0,No,Yes
TKT-06920,Access/Login,Medium,Resolved,Finance,Amit Sharma,2023-07-03 09:27:10,2023-07-03 17:27:10,8.0,No,No
TKT-06921,Access/Login,Critical,Resolved,Finance,Anjali Mehta,2023-05-07 22:51:43,2023-05-07 23:51:43,1.0,No,Yes
TKT-06922,Network,Medium,Resolved,Finance,Suresh Kumar,2023-06-26 23:17:46,2023-06-27 19:17:46,20.0,No,No
TKT-06923,Access/Login,High,Resolved,Marketing,Amit Sharma,2024-02-11 05:18:07,2024-02-11 22:18:07,17.0,No,Yes
TKT-06924,Access/Login,High,Resolved,Operations,Priya Singh,2024-01-19 05:06:45,2024-01-20 03:06:45,22.0,No,No
TKT-06925,Printer,Medium,Closed,Operations,Suresh Kumar,2023-09-25 12:27:46,2023-09-28 00:27:46,60.0,Yes,No
TKT-06926,Network,Low,Open,Marketing,Priya Singh,2023-08-08 18:26:27,,,,No
TKT-06927,Access/Login,High,Open,Operations,Priya Singh,2024-11-20 16:11:54,,,,No
TKT-06928,Printer,Medium,Closed,Operations,Amit Sharma,2024-09-03 02:01:56,2024-09-05 12:01:56,58.0,Yes,No
TKT-06929,Email,Low,In Progress,IT,Amit Sharma,2023-01-10 05:01:54,,,,No
TKT-06930,Hardware,Medium,Closed,HR,Rohit Verma,2023-03-08 21:52:16,2023-03-10 17:52:16,44.0,No,No
TKT-06931,Access/Login,High,Resolved,Sales,Vikram Joshi,2024-11-26 03:02:45,2024-11-27 07:02:45,28.0,Yes,No
TKT-06932,Software,Medium,Closed,Finance,Neha Gupta,2024-09-28 22:44:37,2024-09-29 17:44:37,19.0,No,Yes
TKT-06933,Printer,High,Closed,Finance,Priya Singh,2024-05-26 06:06:53,2024-05-27 09:06:53,27.0,Yes,Yes
TKT-06934,Network,Low,Resolved,Legal,Amit Sharma,2023-03-29 12:47:41,2023-04-01 00:47:41,60.0,No,No
TKT-06935,Software,High,Resolved,IT,Rohit Verma,2024-11-28 09:10:04,2024-11-28 13:10:04,4.0,No,No
TKT-06936,Network,High,In Progress,Legal,Amit Sharma,2024-04-07 16:12:42,,,,Yes
TKT-06937,Software,High,Resolved,Operations,Vikram Joshi,2024-06-13 18:04:18,2024-06-14 03:04:18,9.0,No,No
TKT-06938,Email,Medium,Open,HR,Anjali Mehta,2024-04-09 00:15:16,,,,No
TKT-06939,Software,Medium,Resolved,Marketing,Rohit Verma,2024-07-12 14:05:13,2024-07-12 23:05:13,9.0,No,No
TKT-06940,Email,Low,In Progress,Finance,Anjali Mehta,2023-03-25 02:04:14,,,,Yes
TKT-06941,Printer,Medium,Closed,HR,Suresh Kumar,2024-09-06 21:14:20,2024-09-08 03:14:20,30.0,No,No
TKT-06942,Hardware,High,In Progress,IT,Suresh Kumar,2024-09-20 07:59:30,,,,No
TKT-06943,Access/Login,Medium,Closed,IT,Anjali Mehta,2023-06-02 14:58:21,2023-06-03 17:58:21,27.0,No,No
TKT-06944,Email,Low,In Progress,IT,Vikram Joshi,2023-05-26 20:37:02,,,,No
TKT-06945,Hardware,High,Resolved,IT,Rohit Verma,2023-11-29 01:37:20,2023-11-30 01:37:20,24.0,No,No
TKT-06946,Network,Medium,Open,Finance,Neha Gupta,2024-07-22 05:22:14,,,,No
TKT-06947,Printer,Low,Resolved,Operations,Amit Sharma,2024-07-14 22:16:42,2024-07-17 13:16:42,63.0,No,Yes
TKT-06948,Hardware,Medium,Resolved,Sales,Anjali Mehta,2024-09-10 05:26:23,2024-09-10 19:26:23,14.0,No,No
TKT-06949,Hardware,High,Closed,Finance,Anjali Mehta,2023-12-26 13:49:14,2023-12-27 13:49:14,24.0,No,No
TKT-06950,Access/Login,Low,Closed,Marketing,Anjali Mehta,2023-08-31 08:59:47,2023-09-03 19:59:47,83.0,Yes,No
TKT-06951,Access/Login,Low,Resolved,HR,Amit Sharma,2023-06-24 10:28:48,2023-06-25 18:28:48,32.0,No,Yes
TKT-06952,Software,High,Resolved,Operations,Anjali Mehta,2023-08-11 09:22:06,2023-08-11 16:22:06,7.0,No,No
TKT-06953,Hardware,Low,Resolved,Marketing,Rohit Verma,2023-01-09 20:50:21,2023-01-10 17:50:21,21.0,No,No
TKT-06954,Printer,Low,Closed,Sales,Priya Singh,2023-07-15 00:28:13,2023-07-15 18:28:13,18.0,No,Yes
TKT-06955,Email,Medium,Closed,HR,Neha Gupta,2024-06-10 23:03:51,2024-06-13 07:03:51,56.0,Yes,No
TKT-06956,Network,Medium,Resolved,Sales,Vikram Joshi,2024-04-23 12:03:38,2024-04-26 00:03:38,60.0,Yes,No
TKT-06957,Printer,Medium,In Progress,Finance,Rohit Verma,2023-03-07 00:33:56,,,,No
TKT-06958,Email,Medium,Resolved,Marketing,Priya Singh,2023-04-25 15:40:48,2023-04-26 21:40:48,30.0,No,No
TKT-06959,Email,Critical,Closed,Marketing,Rohit Verma,2024-12-25 05:57:31,2024-12-25 06:57:31,1.0,No,No
TKT-06960,Software,Critical,In Progress,Sales,Neha Gupta,2023-01-07 02:46:12,,,,Yes
TKT-06961,Email,Critical,In Progress,Legal,Suresh Kumar,2024-01-22 21:47:36,,,,No
TKT-06962,Network,Critical,Closed,Finance,Amit Sharma,2024-09-28 17:08:59,2024-09-29 00:08:59,7.0,Yes,Yes
TKT-06963,Network,Low,Resolved,Operations,Neha Gupta,2024-02-07 20:26:06,2024-02-08 20:26:06,24.0,No,No
TKT-06964,Access/Login,Medium,Open,HR,Neha Gupta,2024-11-17 17:34:09,,,,Yes
TKT-06965,Network,Low,Resolved,Marketing,Amit Sharma,2023-01-03 08:16:41,2023-01-06 07:16:41,71.0,No,No
TKT-06966,Access/Login,Medium,Resolved,Marketing,Rohit Verma,2023-04-26 07:19:10,2023-04-26 12:19:10,5.0,No,No
TKT-06967,Network,Critical,Open,Finance,Amit Sharma,2024-10-13 18:09:13,,,,Yes
TKT-06968,Network,High,Closed,IT,Suresh Kumar,2023-03-28 11:22:48,2023-03-29 08:22:48,21.0,No,No
TKT-06969,Access/Login,Critical,Open,Sales,Amit Sharma,2024-06-29 21:28:17,,,,Yes
TKT-06970,Software,Low,Closed,HR,Anjali Mehta,2023-12-17 00:48:02,2023-12-19 10:48:02,58.0,No,Yes
TKT-06971,Network,High,In Progress,IT,Anjali Mehta,2023-08-06 10:54:48,,,,Yes
TKT-06972,Hardware,Medium,Resolved,Sales,Rohit Verma,2023-10-19 04:36:16,2023-10-19 16:36:16,12.0,No,No
TKT-06973,Network,High,Resolved,Legal,Amit Sharma,2024-12-03 23:39:56,2024-12-04 10:39:56,11.0,No,No
TKT-06974,Email,High,In Progress,Sales,Amit Sharma,2023-05-08 04:54:37,,,,No
TKT-06975,Software,High,Resolved,Sales,Rohit Verma,2023-08-05 16:57:51,2023-08-06 20:57:51,28.0,Yes,Yes
TKT-06976,Printer,Low,Resolved,Sales,Priya Singh,2023-12-13 15:57:47,2023-12-15 22:57:47,55.0,No,No
TKT-06977,Email,Medium,Resolved,Marketing,Anjali Mehta,2024-07-05 21:36:04,2024-07-06 15:36:04,18.0,No,No
TKT-06978,Printer,Medium,Closed,Operations,Priya Singh,2023-06-03 13:11:56,2023-06-04 01:11:56,12.0,No,Yes
TKT-06979,Email,Medium,Resolved,Operations,Priya Singh,2024-09-02 21:28:46,2024-09-03 14:28:46,17.0,No,No
TKT-06980,Printer,Medium,Resolved,Operations,Amit Sharma,2024-09-30 21:27:16,2024-10-02 07:27:16,34.0,No,No
TKT-06981,Access/Login,Low,Resolved,IT,Anjali Mehta,2023-02-05 00:29:06,2023-02-08 11:29:06,83.0,Yes,Yes
TKT-06982,Printer,Medium,In Progress,Finance,Neha Gupta,2023-06-09 00:11:12,,,,No
TKT-06983,Software,Medium,Resolved,IT,Vikram Joshi,2024-10-05 04:04:39,2024-10-07 12:04:39,56.0,Yes,Yes
TKT-06984,Software,Critical,Resolved,Legal,Rohit Verma,2024-02-15 02:34:16,2024-02-15 07:34:16,5.0,Yes,No
TKT-06985,Network,High,Resolved,Operations,Suresh Kumar,2023-04-26 06:01:11,2023-04-27 00:01:11,18.0,No,No
TKT-06986,Email,Low,Resolved,Legal,Vikram Joshi,2023-02-02 09:49:09,2023-02-03 02:49:09,17.0,No,No
TKT-06987,Printer,Low,Resolved,Marketing,Anjali Mehta,2023-12-17 11:56:48,2023-12-19 08:56:48,45.0,No,Yes
TKT-06988,Software,High,Closed,Sales,Priya Singh,2023-08-28 12:44:23,2023-08-29 18:44:23,30.0,Yes,No
TKT-06989,Printer,Low,Resolved,HR,Rohit Verma,2024-10-10 09:53:04,2024-10-12 03:53:04,42.0,No,No
TKT-06990,Email,Medium,Open,Finance,Rohit Verma,2024-02-09 11:26:21,,,,No
TKT-06991,Network,Low,Resolved,Legal,Rohit Verma,2023-02-06 01:31:30,2023-02-07 07:31:30,30.0,No,No
TKT-06992,Printer,Medium,In Progress,Legal,Amit Sharma,2023-05-06 08:18:24,,,,Yes
TKT-06993,Access/Login,Medium,Open,Legal,Priya Singh,2023-08-24 13:01:03,,,,No
TKT-06994,Email,High,Resolved,HR,Anjali Mehta,2023-04-04 22:54:30,2023-04-05 00:54:30,2.0,No,No
TKT-06995,Printer,Medium,Closed,HR,Suresh Kumar,2023-06-15 03:27:57,2023-06-15 09:27:57,6.0,No,No
TKT-06996,Software,Low,Open,HR,Rohit Verma,2023-01-01 23:08:30,,,,Yes
TKT-06997,Access/Login,Low,Resolved,Finance,Priya Singh,2024-06-13 03:44:23,2024-06-13 19:44:23,16.0,No,No
TKT-06998,Hardware,High,Resolved,HR,Amit Sharma,2024-03-08 01:57:52,2024-03-09 01:57:52,24.0,No,No
TKT-06999,Hardware,Low,Closed,Sales,Neha Gupta,2024-04-17 20:46:52,2024-04-19 14:46:52,42.0,No,No
TKT-07000,Software,Medium,Resolved,Sales,Rohit Verma,2023-11-30 19:54:48,2023-12-01 08:54:48,13.0,No,No
TKT-07001,Email,Low,Closed,Sales,Suresh Kumar,2024-09-06 06:52:32,2024-09-09 07:52:32,73.0,Yes,No
TKT-07002,Network,Medium,Closed,Sales,Priya Singh,2024-04-04 17:25:31,2024-04-05 12:25:31,19.0,No,No
TKT-07003,Software,High,Open,Operations,Suresh Kumar,2023-11-18 06:57:25,,,,Yes
TKT-07004,Network,Low,In Progress,Finance,Anjali Mehta,2024-06-01 09:04:48,,,,Yes
TKT-07005,Email,Low,Resolved,HR,Amit Sharma,2024-10-23 19:38:39,2024-10-26 11:38:39,64.0,No,No
TKT-07006,Printer,High,Resolved,Legal,Anjali Mehta,2023-10-10 08:49:41,2023-10-11 04:49:41,20.0,No,No
TKT-07007,Software,Medium,Closed,Finance,Vikram Joshi,2023-06-08 08:40:58,2023-06-08 20:40:58,12.0,No,No
TKT-07008,Printer,High,In Progress,Finance,Rohit Verma,2024-12-27 07:15:56,,,,No
TKT-07009,Printer,High,In Progress,HR,Suresh Kumar,2024-04-06 05:11:09,,,,Yes
TKT-07010,Software,Low,Resolved,HR,Neha Gupta,2023-07-20 20:30:43,2023-07-22 06:30:43,34.0,No,No
TKT-07011,Hardware,Medium,Resolved,Marketing,Anjali Mehta,2024-01-21 17:14:10,2024-01-22 05:14:10,12.0,No,Yes
TKT-07012,Printer,High,Resolved,Legal,Amit Sharma,2024-07-26 01:03:30,2024-07-26 10:03:30,9.0,No,No
TKT-07013,Email,Low,Resolved,Operations,Anjali Mehta,2024-06-25 16:03:44,2024-06-28 15:03:44,71.0,No,No
TKT-07014,Printer,High,Resolved,Sales,Priya Singh,2023-08-06 17:26:27,2023-08-07 04:26:27,11.0,No,Yes
TKT-07015,Printer,Low,Resolved,Marketing,Anjali Mehta,2023-02-26 19:32:30,2023-02-28 05:32:30,34.0,No,Yes
TKT-07016,Printer,Low,Resolved,Operations,Suresh Kumar,2024-12-06 23:30:30,2024-12-09 11:30:30,60.0,No,No
TKT-07017,Printer,Low,Closed,Sales,Suresh Kumar,2024-01-04 23:15:30,2024-01-06 03:15:30,28.0,No,No
TKT-07018,Access/Login,Medium,Closed,Sales,Rohit Verma,2023-10-22 19:03:32,2023-10-24 14:03:32,43.0,No,Yes
TKT-07019,Printer,Low,Resolved,Marketing,Rohit Verma,2023-01-12 09:53:57,2023-01-15 08:53:57,71.0,No,No
TKT-07020,Email,Low,Resolved,Operations,Anjali Mehta,2023-09-13 05:06:16,2023-09-14 02:06:16,21.0,No,No
TKT-07021,Software,Low,In Progress,Finance,Neha Gupta,2023-04-15 19:07:59,,,,Yes
TKT-07022,Network,Medium,Resolved,Finance,Anjali Mehta,2024-10-23 13:03:44,2024-10-25 06:03:44,41.0,No,No
TKT-07023,Email,Medium,Closed,Finance,Suresh Kumar,2023-12-04 09:22:19,2023-12-06 01:22:19,40.0,No,No
TKT-07024,Printer,Low,Resolved,Marketing,Amit Sharma,2024-04-03 18:13:55,2024-04-06 02:13:55,56.0,No,No
TKT-07025,Network,Medium,Resolved,Operations,Priya Singh,2023-04-26 11:35:23,2023-04-27 20:35:23,33.0,No,No
TKT-07026,Network,Low,Closed,Marketing,Suresh Kumar,2024-12-04 00:59:10,2024-12-06 21:59:10,69.0,No,No
TKT-07027,Software,Low,Closed,IT,Rohit Verma,2024-01-26 05:07:07,2024-01-29 21:07:07,88.0,Yes,No
TKT-07028,Network,High,Closed,Marketing,Suresh Kumar,2023-02-26 17:12:05,2023-02-27 13:12:05,20.0,No,Yes
TKT-07029,Hardware,Critical,Resolved,HR,Anjali Mehta,2024-10-27 14:31:04,2024-10-27 15:31:04,1.0,No,Yes
TKT-07030,Software,Medium,Resolved,Legal,Amit Sharma,2023-10-07 19:23:53,2023-10-08 09:23:53,14.0,No,Yes
TKT-07031,Access/Login,Low,Resolved,Legal,Neha Gupta,2024-10-07 00:33:28,2024-10-09 03:33:28,51.0,No,No
TKT-07032,Software,Medium,Resolved,Marketing,Amit Sharma,2023-10-14 10:42:24,2023-10-16 15:42:24,53.0,Yes,Yes
TKT-07033,Printer,High,Resolved,HR,Vikram Joshi,2023-02-08 05:25:36,2023-02-08 18:25:36,13.0,No,No
TKT-07034,Access/Login,Medium,Resolved,Operations,Suresh Kumar,2024-10-28 16:05:40,2024-10-29 08:05:40,16.0,No,No
TKT-07035,Access/Login,Low,Resolved,Legal,Priya Singh,2024-11-29 02:03:00,2024-11-30 15:03:00,37.0,No,No
TKT-07036,Printer,Medium,Resolved,Operations,Rohit Verma,2023-02-28 13:00:30,2023-03-01 16:00:30,27.0,No,No
TKT-07037,Hardware,Medium,Resolved,Marketing,Rohit Verma,2024-12-19 11:26:39,2024-12-19 18:26:39,7.0,No,No
TKT-07038,Network,High,Resolved,Sales,Neha Gupta,2024-07-31 15:52:18,2024-08-01 17:52:18,26.0,Yes,No
TKT-07039,Access/Login,High,Closed,Legal,Suresh Kumar,2023-09-12 02:55:21,2023-09-12 17:55:21,15.0,No,No
TKT-07040,Email,Medium,Resolved,Sales,Neha Gupta,2024-03-07 22:30:48,2024-03-09 05:30:48,31.0,No,No
TKT-07041,Printer,Medium,Resolved,Marketing,Amit Sharma,2024-03-06 19:14:04,2024-03-07 07:14:04,12.0,No,No
TKT-07042,Network,Critical,Resolved,IT,Suresh Kumar,2023-12-28 18:57:15,2023-12-29 00:57:15,6.0,Yes,No
TKT-07043,Hardware,Low,Closed,HR,Rohit Verma,2024-06-12 10:53:25,2024-06-16 02:53:25,88.0,Yes,No
TKT-07044,Access/Login,Medium,Resolved,Legal,Priya Singh,2023-11-02 02:46:49,2023-11-02 23:46:49,21.0,No,No
TKT-07045,Access/Login,Medium,Resolved,Marketing,Suresh Kumar,2023-12-25 18:36:42,2023-12-28 01:36:42,55.0,Yes,No
TKT-07046,Printer,Medium,Open,Marketing,Anjali Mehta,2023-01-15 23:50:02,,,,Yes
TKT-07047,Email,Medium,Closed,HR,Neha Gupta,2023-10-04 02:58:52,2023-10-06 07:58:52,53.0,Yes,No
TKT-07048,Hardware,High,Closed,Finance,Amit Sharma,2024-08-23 05:29:48,2024-08-23 12:29:48,7.0,No,No
TKT-07049,Software,Low,Closed,Legal,Priya Singh,2024-02-27 07:24:03,2024-03-01 16:24:03,81.0,Yes,No
TKT-07050,Printer,High,Resolved,Legal,Neha Gupta,2024-02-16 17:31:04,2024-02-17 07:31:04,14.0,No,No
TKT-07051,Network,Critical,Resolved,Legal,Rohit Verma,2023-12-28 06:13:46,2023-12-28 16:13:46,10.0,Yes,No
TKT-07052,Access/Login,Medium,Resolved,HR,Priya Singh,2023-05-20 18:40:46,2023-05-21 20:40:46,26.0,No,Yes
TKT-07053,Email,Medium,Closed,Operations,Rohit Verma,2024-10-26 20:54:56,2024-10-28 17:54:56,45.0,No,Yes
TKT-07054,Network,Medium,Closed,Operations,Suresh Kumar,2023-12-17 12:51:35,2023-12-19 22:51:35,58.0,Yes,Yes
TKT-07055,Hardware,Medium,Resolved,Sales,Vikram Joshi,2023-10-09 06:19:29,2023-10-11 08:19:29,50.0,Yes,No
TKT-07056,Software,Medium,Resolved,Marketing,Rohit Verma,2024-04-22 04:40:20,2024-04-22 17:40:20,13.0,No,No
TKT-07057,Printer,Low,Closed,IT,Anjali Mehta,2024-09-07 04:48:35,2024-09-09 04:48:35,48.0,No,Yes
TKT-07058,Software,High,Resolved,Sales,Suresh Kumar,2024-08-20 07:38:55,2024-08-20 15:38:55,8.0,No,No
TKT-07059,Hardware,Medium,Closed,HR,Vikram Joshi,2023-12-17 06:42:41,2023-12-18 07:42:41,25.0,No,Yes
TKT-07060,Network,Medium,Closed,Operations,Vikram Joshi,2023-11-02 16:02:45,2023-11-04 13:02:45,45.0,No,No
TKT-07061,Email,Medium,Open,Sales,Amit Sharma,2023-06-22 07:30:38,,,,No
TKT-07062,Email,Medium,Closed,Finance,Rohit Verma,2023-08-21 21:17:27,2023-08-23 00:17:27,27.0,No,No
TKT-07063,Software,Low,Closed,Finance,Amit Sharma,2023-09-28 23:42:02,2023-10-02 02:42:02,75.0,Yes,No
TKT-07064,Email,Low,Closed,IT,Rohit Verma,2023-05-27 00:21:31,2023-05-28 20:21:31,44.0,No,Yes
TKT-07065,Email,Medium,Resolved,HR,Anjali Mehta,2023-01-03 21:34:51,2023-01-04 21:34:51,24.0,No,No
TKT-07066,Hardware,Medium,Closed,IT,Rohit Verma,2023-08-15 19:42:24,2023-08-18 00:42:24,53.0,Yes,No
TKT-07067,Access/Login,High,Closed,IT,Anjali Mehta,2024-03-20 19:33:22,2024-03-21 18:33:22,23.0,No,No
TKT-07068,Hardware,Critical,Resolved,Sales,Amit Sharma,2024-10-21 12:56:29,2024-10-21 14:56:29,2.0,No,No
TKT-07069,Software,High,Resolved,Legal,Suresh Kumar,2023-07-09 14:45:53,2023-07-10 19:45:53,29.0,Yes,Yes
TKT-07070,Network,Critical,Closed,Operations,Vikram Joshi,2023-09-20 16:11:50,2023-09-21 00:11:50,8.0,Yes,No
TKT-07071,Access/Login,High,Closed,Operations,Suresh Kumar,2024-12-16 06:30:43,2024-12-16 21:30:43,15.0,No,No
TKT-07072,Printer,Low,Resolved,Operations,Anjali Mehta,2023-04-23 10:59:12,2023-04-25 04:59:12,42.0,No,Yes
TKT-07073,Hardware,High,Closed,IT,Neha Gupta,2023-07-05 18:01:14,2023-07-05 20:01:14,2.0,No,No
TKT-07074,Printer,Low,Open,Marketing,Priya Singh,2023-03-31 11:52:26,,,,No
TKT-07075,Network,Critical,Closed,IT,Suresh Kumar,2024-05-17 16:39:43,2024-05-18 00:39:43,8.0,Yes,No
TKT-07076,Software,High,Closed,Finance,Suresh Kumar,2023-02-14 18:49:43,2023-02-15 17:49:43,23.0,No,No
TKT-07077,Software,Low,Resolved,Legal,Suresh Kumar,2023-02-27 03:14:22,2023-02-28 23:14:22,44.0,No,No
TKT-07078,Software,High,Closed,Marketing,Suresh Kumar,2024-06-01 21:09:46,2024-06-01 23:09:46,2.0,No,Yes
TKT-07079,Email,Medium,Closed,Marketing,Anjali Mehta,2024-11-06 17:31:24,2024-11-07 05:31:24,12.0,No,No
TKT-07080,Software,High,Closed,Marketing,Priya Singh,2023-10-18 17:02:41,2023-10-18 22:02:41,5.0,No,No
TKT-07081,Software,Low,Resolved,IT,Amit Sharma,2023-02-02 06:53:36,2023-02-05 03:53:36,69.0,No,No
TKT-07082,Software,Medium,Resolved,Operations,Neha Gupta,2024-11-02 16:34:12,2024-11-03 12:34:12,20.0,No,Yes
TKT-07083,Access/Login,High,Closed,HR,Vikram Joshi,2024-08-03 21:20:26,2024-08-04 01:20:26,4.0,No,Yes
TKT-07084,Printer,Critical,Resolved,HR,Vikram Joshi,2023-05-02 20:35:36,2023-05-02 21:35:36,1.0,No,No
TKT-07085,Network,Low,Resolved,Legal,Anjali Mehta,2024-05-27 19:11:39,2024-05-29 11:11:39,40.0,No,No
TKT-07086,Email,Medium,Closed,Legal,Suresh Kumar,2023-06-24 16:36:47,2023-06-25 23:36:47,31.0,No,Yes
TKT-07087,Email,Medium,Resolved,Legal,Amit Sharma,2023-07-22 05:00:30,2023-07-22 19:00:30,14.0,No,Yes
TKT-07088,Email,Medium,Resolved,Legal,Vikram Joshi,2024-01-28 20:04:04,2024-01-29 12:04:04,16.0,No,Yes
TKT-07089,Software,Low,Closed,IT,Amit Sharma,2023-05-21 04:53:46,2023-05-22 05:53:46,25.0,No,Yes
TKT-07090,Printer,High,Resolved,IT,Anjali Mehta,2023-08-20 16:33:49,2023-08-21 02:33:49,10.0,No,Yes
TKT-07091,Software,Critical,In Progress,Legal,Rohit Verma,2024-11-11 10:23:21,,,,No
TKT-07092,Printer,High,Resolved,Finance,Priya Singh,2024-01-30 04:31:20,2024-01-30 22:31:20,18.0,No,No
TKT-07093,Software,Medium,Resolved,Finance,Amit Sharma,2024-12-13 05:23:35,2024-12-15 02:23:35,45.0,No,No
TKT-07094,Software,Medium,In Progress,IT,Suresh Kumar,2023-11-18 21:03:52,,,,Yes
TKT-07095,Access/Login,Low,Resolved,IT,Amit Sharma,2024-08-26 23:25:24,2024-08-27 15:25:24,16.0,No,No
TKT-07096,Email,Low,Resolved,Finance,Rohit Verma,2023-03-01 14:13:36,2023-03-02 01:13:36,11.0,No,No
TKT-07097,Access/Login,Low,Closed,Sales,Anjali Mehta,2023-11-10 20:47:10,2023-11-12 09:47:10,37.0,No,No
TKT-07098,Software,Low,Closed,Marketing,Rohit Verma,2023-02-24 11:27:21,2023-02-25 02:27:21,15.0,No,No
TKT-07099,Hardware,Low,Resolved,Operations,Neha Gupta,2024-05-13 10:47:47,2024-05-16 17:47:47,79.0,Yes,No
TKT-07100,Network,Low,Resolved,Operations,Amit Sharma,2023-08-24 23:53:36,2023-08-28 04:53:36,77.0,Yes,No
TKT-07101,Email,Low,Resolved,Marketing,Suresh Kumar,2024-07-15 19:58:30,2024-07-17 16:58:30,45.0,No,No
TKT-07102,Software,Medium,Resolved,Finance,Anjali Mehta,2024-05-25 18:49:05,2024-05-26 17:49:05,23.0,No,Yes
TKT-07103,Network,Critical,Closed,IT,Vikram Joshi,2023-03-11 00:35:57,2023-03-11 10:35:57,10.0,Yes,Yes
TKT-07104,Network,Medium,In Progress,Legal,Neha Gupta,2023-04-18 00:08:10,,,,No
TKT-07105,Network,Low,Resolved,Legal,Rohit Verma,2024-01-25 06:22:02,2024-01-28 06:22:02,72.0,No,No
TKT-07106,Network,High,Resolved,Finance,Anjali Mehta,2023-12-07 12:49:20,2023-12-08 06:49:20,18.0,No,No
TKT-07107,Printer,High,Resolved,Sales,Vikram Joshi,2024-12-26 01:11:27,2024-12-26 22:11:27,21.0,No,No
TKT-07108,Hardware,Low,In Progress,IT,Suresh Kumar,2024-03-16 18:31:56,,,,Yes
TKT-07109,Email,Low,Closed,Marketing,Suresh Kumar,2023-02-10 13:58:03,2023-02-14 06:58:03,89.0,Yes,No
TKT-07110,Email,Low,Resolved,IT,Neha Gupta,2024-02-03 21:46:07,2024-02-04 23:46:07,26.0,No,Yes
TKT-07111,Printer,Low,Resolved,Legal,Priya Singh,2024-05-14 15:57:30,2024-05-15 21:57:30,30.0,No,No
TKT-07112,Network,Critical,In Progress,HR,Anjali Mehta,2024-02-01 15:26:05,,,,No
TKT-07113,Network,High,Resolved,IT,Priya Singh,2023-03-11 01:40:39,2023-03-12 06:40:39,29.0,Yes,Yes
TKT-07114,Software,Low,Resolved,HR,Suresh Kumar,2023-02-10 08:21:39,2023-02-13 07:21:39,71.0,No,No
TKT-07115,Hardware,Critical,Resolved,IT,Priya Singh,2023-11-27 13:06:37,2023-11-27 23:06:37,10.0,Yes,No
TKT-07116,Email,Medium,Closed,IT,Neha Gupta,2023-07-27 22:06:50,2023-07-28 17:06:50,19.0,No,No
TKT-07117,Hardware,Critical,Closed,Operations,Priya Singh,2024-05-31 18:53:09,2024-06-01 03:53:09,9.0,Yes,No
TKT-07118,Software,Critical,In Progress,Finance,Amit Sharma,2024-06-08 03:13:18,,,,Yes
TKT-07119,Hardware,High,Closed,Sales,Vikram Joshi,2023-12-16 06:44:16,2023-12-17 06:44:16,24.0,No,Yes
TKT-07120,Email,Critical,Closed,Operations,Amit Sharma,2024-02-04 10:07:23,2024-02-04 20:07:23,10.0,Yes,Yes
TKT-07121,Network,Low,Resolved,Legal,Anjali Mehta,2023-10-08 13:35:29,2023-10-11 22:35:29,81.0,Yes,Yes
TKT-07122,Printer,Low,Resolved,Finance,Anjali Mehta,2024-09-15 08:43:18,2024-09-18 21:43:18,85.0,Yes,Yes
TKT-07123,Network,Low,Resolved,Finance,Rohit Verma,2024-03-15 08:43:48,2024-03-18 18:43:48,82.0,Yes,No
TKT-07124,Email,Medium,Closed,Sales,Amit Sharma,2024-03-18 23:02:38,2024-03-20 23:02:38,48.0,No,No
TKT-07125,Network,Low,Closed,Legal,Anjali Mehta,2023-09-01 14:21:32,2023-09-02 04:21:32,14.0,No,No
TKT-07126,Printer,Low,Closed,Legal,Neha Gupta,2024-10-04 04:15:05,2024-10-05 18:15:05,38.0,No,No
TKT-07127,Software,Low,Closed,HR,Anjali Mehta,2023-04-16 11:42:59,2023-04-19 15:42:59,76.0,Yes,Yes
TKT-07128,Software,Medium,Resolved,Finance,Vikram Joshi,2023-11-12 20:38:04,2023-11-15 00:38:04,52.0,Yes,Yes
TKT-07129,Hardware,High,Resolved,Finance,Rohit Verma,2023-01-14 08:02:46,2023-01-15 11:02:46,27.0,Yes,Yes
TKT-07130,Email,Medium,Closed,HR,Amit Sharma,2024-09-07 10:15:03,2024-09-08 10:15:03,24.0,No,Yes
TKT-07131,Email,Critical,Open,Marketing,Priya Singh,2023-08-03 14:01:03,,,,No
TKT-07132,Network,Medium,Resolved,HR,Neha Gupta,2024-12-30 14:50:17,2025-01-01 07:50:17,41.0,No,No
TKT-07133,Network,Low,In Progress,Finance,Amit Sharma,2023-01-21 03:53:14,,,,Yes
TKT-07134,Access/Login,Medium,Resolved,IT,Neha Gupta,2024-09-22 22:43:56,2024-09-25 09:43:56,59.0,Yes,Yes
TKT-07135,Email,Low,Resolved,Sales,Amit Sharma,2023-12-11 22:46:41,2023-12-13 02:46:41,28.0,No,No
TKT-07136,Hardware,Low,Open,Finance,Amit Sharma,2024-03-21 17:08:16,,,,No
TKT-07137,Network,Low,In Progress,HR,Priya Singh,2023-04-25 16:00:54,,,,No
TKT-07138,Network,Medium,Resolved,Operations,Vikram Joshi,2024-09-14 10:13:59,2024-09-16 08:13:59,46.0,No,Yes
TKT-07139,Network,High,Resolved,Marketing,Vikram Joshi,2023-02-22 20:38:52,2023-02-23 20:38:52,24.0,No,No
TKT-07140,Network,High,Resolved,HR,Vikram Joshi,2023-07-04 14:58:33,2023-07-05 19:58:33,29.0,Yes,No
TKT-07141,Software,Low,Closed,HR,Suresh Kumar,2023-10-13 13:14:32,2023-10-14 19:14:32,30.0,No,No
TKT-07142,Access/Login,Critical,Resolved,HR,Amit Sharma,2024-11-17 21:25:36,2024-11-18 06:25:36,9.0,Yes,Yes
TKT-07143,Hardware,High,Resolved,Legal,Anjali Mehta,2024-07-22 13:10:23,2024-07-22 19:10:23,6.0,No,No
TKT-07144,Software,Low,Resolved,HR,Neha Gupta,2023-11-19 07:42:54,2023-11-22 03:42:54,68.0,No,Yes
TKT-07145,Printer,Critical,Closed,Finance,Vikram Joshi,2024-04-16 01:04:39,2024-04-16 07:04:39,6.0,Yes,No
TKT-07146,Network,High,Open,Sales,Vikram Joshi,2023-06-20 08:03:34,,,,No
TKT-07147,Hardware,Medium,Resolved,Sales,Rohit Verma,2024-02-21 17:37:21,2024-02-24 03:37:21,58.0,Yes,No
TKT-07148,Access/Login,Medium,Resolved,Marketing,Vikram Joshi,2023-08-07 03:31:26,2023-08-07 18:31:26,15.0,No,No
TKT-07149,Access/Login,Low,In Progress,IT,Neha Gupta,2024-02-27 15:01:21,,,,No
TKT-07150,Software,Medium,Closed,IT,Amit Sharma,2023-01-10 00:18:01,2023-01-11 00:18:01,24.0,No,No
TKT-07151,Email,Low,Open,Legal,Rohit Verma,2024-07-19 05:15:17,,,,No
TKT-07152,Printer,High,Closed,Sales,Suresh Kumar,2024-01-22 00:41:05,2024-01-22 06:41:05,6.0,No,No
TKT-07153,Network,Medium,Closed,IT,Rohit Verma,2023-10-08 11:38:39,2023-10-09 22:38:39,35.0,No,Yes
TKT-07154,Printer,Critical,Resolved,Marketing,Priya Singh,2023-07-23 20:02:02,2023-07-24 05:02:02,9.0,Yes,Yes
TKT-07155,Email,Medium,In Progress,HR,Amit Sharma,2023-02-26 17:21:06,,,,Yes
TKT-07156,Access/Login,High,Resolved,Operations,Suresh Kumar,2024-11-12 08:46:16,2024-11-12 12:46:16,4.0,No,No
TKT-07157,Printer,Medium,In Progress,Sales,Rohit Verma,2023-08-13 08:07:22,,,,Yes
TKT-07158,Network,Low,Closed,Finance,Vikram Joshi,2024-01-25 06:26:18,2024-01-28 03:26:18,69.0,No,No
TKT-07159,Printer,Medium,Open,HR,Suresh Kumar,2024-07-13 08:17:29,,,,Yes
TKT-07160,Printer,High,Open,Operations,Anjali Mehta,2024-12-20 03:15:08,,,,No
TKT-07161,Network,Medium,Resolved,Legal,Suresh Kumar,2024-03-31 06:33:13,2024-04-01 23:33:13,41.0,No,Yes
TKT-07162,Network,Low,Closed,Finance,Anjali Mehta,2023-04-30 15:16:11,2023-05-04 03:16:11,84.0,Yes,Yes
TKT-07163,Software,Medium,Resolved,IT,Rohit Verma,2023-05-09 10:25:10,2023-05-10 23:25:10,37.0,No,No
TKT-07164,Access/Login,High,Closed,HR,Vikram Joshi,2024-02-25 16:01:49,2024-02-26 21:01:49,29.0,Yes,Yes
TKT-07165,Access/Login,Critical,Closed,Finance,Amit Sharma,2024-11-15 01:36:16,2024-11-15 10:36:16,9.0,Yes,No
TKT-07166,Hardware,Medium,Resolved,IT,Suresh Kumar,2024-03-25 09:06:27,2024-03-26 06:06:27,21.0,No,No
TKT-07167,Hardware,High,Open,Finance,Anjali Mehta,2023-01-01 23:36:45,,,,Yes
TKT-07168,Access/Login,Low,Closed,Operations,Suresh Kumar,2024-02-21 23:22:08,2024-02-25 12:22:08,85.0,Yes,No
TKT-07169,Software,Low,Open,HR,Amit Sharma,2024-07-20 11:34:46,,,,Yes
TKT-07170,Network,High,Closed,Finance,Rohit Verma,2023-09-26 02:46:20,2023-09-27 04:46:20,26.0,Yes,No
TKT-07171,Access/Login,Medium,Resolved,Finance,Vikram Joshi,2024-03-26 01:37:20,2024-03-26 08:37:20,7.0,No,No
TKT-07172,Access/Login,Low,Closed,HR,Amit Sharma,2023-06-29 03:28:55,2023-07-01 01:28:55,46.0,No,No
TKT-07173,Network,High,Resolved,IT,Priya Singh,2024-07-12 03:13:08,2024-07-13 02:13:08,23.0,No,No
TKT-07174,Hardware,Medium,Resolved,IT,Rohit Verma,2023-09-26 09:40:12,2023-09-26 14:40:12,5.0,No,No
TKT-07175,Printer,Low,Closed,Legal,Vikram Joshi,2024-05-20 01:09:05,2024-05-23 06:09:05,77.0,Yes,No
TKT-07176,Hardware,Critical,Resolved,Legal,Priya Singh,2023-01-15 07:35:03,2023-01-15 15:35:03,8.0,Yes,Yes
TKT-07177,Hardware,Medium,Resolved,Sales,Neha Gupta,2024-03-01 17:37:26,2024-03-03 11:37:26,42.0,No,No
TKT-07178,Access/Login,Medium,Closed,IT,Priya Singh,2024-05-23 21:31:16,2024-05-25 04:31:16,31.0,No,No
TKT-07179,Software,Medium,Closed,IT,Rohit Verma,2024-06-06 07:29:47,2024-06-06 15:29:47,8.0,No,No
TKT-07180,Hardware,Critical,Closed,Marketing,Vikram Joshi,2024-05-18 19:31:58,2024-05-18 20:31:58,1.0,No,Yes
TKT-07181,Hardware,Medium,Resolved,HR,Suresh Kumar,2023-02-20 07:33:47,2023-02-20 20:33:47,13.0,No,No
TKT-07182,Access/Login,High,Resolved,HR,Neha Gupta,2024-05-05 21:13:37,2024-05-06 15:13:37,18.0,No,Yes
TKT-07183,Software,High,Resolved,IT,Amit Sharma,2024-06-15 02:02:10,2024-06-15 04:02:10,2.0,No,Yes
TKT-07184,Software,Low,Resolved,Marketing,Neha Gupta,2023-08-09 08:42:58,2023-08-12 17:42:58,81.0,Yes,No
TKT-07185,Hardware,Medium,Open,HR,Amit Sharma,2023-01-09 11:07:47,,,,No
TKT-07186,Hardware,High,Closed,Legal,Rohit Verma,2024-03-21 05:52:29,2024-03-21 07:52:29,2.0,No,No
TKT-07187,Access/Login,Medium,Closed,IT,Vikram Joshi,2023-12-10 15:39:01,2023-12-10 22:39:01,7.0,No,Yes
TKT-07188,Network,Medium,Resolved,Legal,Vikram Joshi,2023-12-05 16:20:57,2023-12-06 11:20:57,19.0,No,No
TKT-07189,Email,Low,Resolved,HR,Suresh Kumar,2023-02-13 11:45:40,2023-02-15 21:45:40,58.0,No,No
TKT-07190,Email,Critical,Closed,IT,Amit Sharma,2024-01-04 21:58:37,2024-01-04 23:58:37,2.0,No,No
TKT-07191,Hardware,High,Resolved,Legal,Vikram Joshi,2023-04-04 20:04:09,2023-04-05 08:04:09,12.0,No,No
TKT-07192,Network,High,Closed,Sales,Rohit Verma,2024-07-13 16:04:22,2024-07-14 16:04:22,24.0,No,Yes
TKT-07193,Printer,Low,Closed,Legal,Suresh Kumar,2023-07-28 08:03:17,2023-07-29 12:03:17,28.0,No,No
TKT-07194,Printer,Medium,Resolved,IT,Rohit Verma,2024-10-18 22:47:50,2024-10-21 08:47:50,58.0,Yes,No
TKT-07195,Software,Low,In Progress,Marketing,Vikram Joshi,2023-11-18 00:28:15,,,,Yes
TKT-07196,Network,Low,Resolved,IT,Anjali Mehta,2023-10-30 00:19:58,2023-11-01 03:19:58,51.0,No,No
TKT-07197,Access/Login,Critical,Open,Finance,Priya Singh,2023-01-24 16:12:19,,,,No
TKT-07198,Hardware,Medium,Closed,Marketing,Priya Singh,2023-10-20 06:54:41,2023-10-21 02:54:41,20.0,No,No
TKT-07199,Access/Login,Medium,Open,Legal,Vikram Joshi,2023-12-24 00:10:03,,,,Yes
TKT-07200,Software,Low,Closed,Operations,Amit Sharma,2024-05-18 23:49:37,2024-05-22 00:49:37,73.0,Yes,Yes
TKT-07201,Hardware,Critical,Open,Operations,Neha Gupta,2023-09-26 10:35:29,,,,No
TKT-07202,Access/Login,Medium,Open,Legal,Vikram Joshi,2023-10-30 15:03:17,,,,No
TKT-07203,Hardware,Medium,In Progress,Marketing,Suresh Kumar,2023-03-18 15:37:51,,,,Yes
TKT-07204,Email,Low,In Progress,HR,Rohit Verma,2024-06-28 02:53:13,,,,No
TKT-07205,Email,Medium,Resolved,Legal,Rohit Verma,2023-06-03 14:09:08,2023-06-06 01:09:08,59.0,Yes,Yes
TKT-07206,Access/Login,Medium,Resolved,HR,Priya Singh,2024-10-29 04:45:56,2024-10-29 16:45:56,12.0,No,No
TKT-07207,Network,Low,Closed,Operations,Priya Singh,2023-08-14 01:54:34,2023-08-15 09:54:34,32.0,No,No
TKT-07208,Software,Low,Closed,Finance,Vikram Joshi,2023-05-21 10:51:18,2023-05-24 07:51:18,69.0,No,Yes
TKT-07209,Network,Low,Closed,Marketing,Rohit Verma,2024-01-01 16:58:42,2024-01-02 18:58:42,26.0,No,No
TKT-07210,Email,High,Resolved,IT,Anjali Mehta,2024-10-21 22:37:58,2024-10-22 20:37:58,22.0,No,No
TKT-07211,Printer,Low,Open,HR,Anjali Mehta,2023-02-25 23:02:53,,,,Yes
TKT-07212,Network,Low,Resolved,Legal,Vikram Joshi,2024-12-19 03:35:11,2024-12-22 13:35:11,82.0,Yes,No
TKT-07213,Email,Critical,Resolved,Finance,Priya Singh,2024-10-28 21:52:42,2024-10-29 03:52:42,6.0,Yes,No
TKT-07214,Printer,Low,Resolved,IT,Suresh Kumar,2023-12-13 04:14:19,2023-12-14 10:14:19,30.0,No,No
TKT-07215,Email,Critical,Closed,Legal,Rohit Verma,2024-02-27 20:48:59,2024-02-28 01:48:59,5.0,Yes,No
TKT-07216,Email,Critical,Resolved,HR,Vikram Joshi,2023-04-07 08:27:52,2023-04-07 18:27:52,10.0,Yes,No
TKT-07217,Email,Low,Resolved,Legal,Anjali Mehta,2023-05-15 16:43:27,2023-05-18 13:43:27,69.0,No,No
TKT-07218,Email,Low,Resolved,IT,Neha Gupta,2023-01-10 11:07:16,2023-01-10 22:07:16,11.0,No,No
TKT-07219,Hardware,Critical,Resolved,Legal,Suresh Kumar,2023-10-27 00:03:58,2023-10-27 03:03:58,3.0,No,No
TKT-07220,Software,Low,Resolved,Sales,Priya Singh,2023-01-13 02:36:04,2023-01-16 10:36:04,80.0,Yes,No
TKT-07221,Email,Medium,Closed,IT,Rohit Verma,2023-08-23 06:24:53,2023-08-24 23:24:53,41.0,No,No
TKT-07222,Access/Login,Low,Closed,Marketing,Rohit Verma,2024-08-19 19:07:20,2024-08-20 07:07:20,12.0,No,No
TKT-07223,Printer,Medium,Closed,Finance,Amit Sharma,2024-05-06 11:02:22,2024-05-06 20:02:22,9.0,No,No
TKT-07224,Email,High,Resolved,Marketing,Suresh Kumar,2023-01-01 14:00:46,2023-01-01 23:00:46,9.0,No,Yes
TKT-07225,Hardware,Low,Resolved,Finance,Vikram Joshi,2023-05-03 07:10:51,2023-05-03 18:10:51,11.0,No,No
TKT-07226,Access/Login,Medium,Resolved,Marketing,Neha Gupta,2023-12-23 19:57:16,2023-12-24 12:57:16,17.0,No,Yes
TKT-07227,Printer,Medium,Resolved,Finance,Priya Singh,2023-01-01 10:34:30,2023-01-03 18:34:30,56.0,Yes,Yes
TKT-07228,Printer,Low,Closed,HR,Rohit Verma,2023-08-20 07:15:30,2023-08-22 00:15:30,41.0,No,Yes
TKT-07229,Access/Login,Medium,Open,Operations,Vikram Joshi,2023-02-02 16:35:22,,,,No
TKT-07230,Network,High,In Progress,IT,Anjali Mehta,2024-10-26 14:15:54,,,,Yes
TKT-07231,Hardware,High,Closed,Legal,Rohit Verma,2024-04-27 00:11:30,2024-04-27 11:11:30,11.0,No,Yes
TKT-07232,Email,High,Open,Marketing,Suresh Kumar,2023-07-21 21:58:18,,,,No
TKT-07233,Printer,High,Closed,Marketing,Suresh Kumar,2024-06-06 00:39:07,2024-06-07 05:39:07,29.0,Yes,No
TKT-07234,Network,Medium,Closed,Sales,Priya Singh,2023-11-13 14:51:30,2023-11-15 21:51:30,55.0,Yes,No
TKT-07235,Access/Login,High,Resolved,Operations,Suresh Kumar,2023-10-28 06:49:30,2023-10-29 10:49:30,28.0,Yes,Yes
TKT-07236,Printer,Medium,Open,IT,Suresh Kumar,2023-03-28 02:04:59,,,,No
TKT-07237,Software,Critical,Resolved,Sales,Anjali Mehta,2023-12-20 21:20:58,2023-12-21 02:20:58,5.0,Yes,No
TKT-07238,Software,Low,Resolved,Sales,Anjali Mehta,2023-11-18 07:29:27,2023-11-21 20:29:27,85.0,Yes,Yes
TKT-07239,Hardware,High,Open,IT,Suresh Kumar,2024-12-08 12:20:21,,,,Yes
TKT-07240,Software,Medium,Open,HR,Anjali Mehta,2024-05-29 20:21:18,,,,No
TKT-07241,Email,Medium,In Progress,Marketing,Neha Gupta,2023-11-11 21:02:12,,,,Yes
TKT-07242,Software,Medium,Open,Marketing,Vikram Joshi,2024-04-16 09:06:44,,,,No
TKT-07243,Printer,Medium,Resolved,Finance,Suresh Kumar,2023-03-06 13:15:09,2023-03-09 01:15:09,60.0,Yes,No
TKT-07244,Printer,Medium,Closed,IT,Vikram Joshi,2024-08-22 00:53:49,2024-08-23 23:53:49,47.0,No,No
TKT-07245,Hardware,Low,Resolved,Sales,Rohit Verma,2024-02-22 14:49:20,2024-02-25 19:49:20,77.0,Yes,No
TKT-07246,Hardware,Low,In Progress,Marketing,Vikram Joshi,2023-12-26 00:44:44,,,,No
TKT-07247,Hardware,Medium,Closed,Sales,Suresh Kumar,2023-06-27 14:57:06,2023-06-28 21:57:06,31.0,No,No
TKT-07248,Email,Medium,Resolved,HR,Rohit Verma,2023-03-10 00:48:00,2023-03-11 18:48:00,42.0,No,No
TKT-07249,Software,Medium,Open,IT,Amit Sharma,2024-01-07 08:14:15,,,,Yes
TKT-07250,Printer,High,Resolved,Marketing,Anjali Mehta,2023-07-09 21:25:05,2023-07-10 17:25:05,20.0,No,Yes
TKT-07251,Hardware,Critical,Closed,Sales,Suresh Kumar,2024-09-22 09:42:36,2024-09-22 12:42:36,3.0,No,Yes
TKT-07252,Printer,Critical,Resolved,IT,Vikram Joshi,2024-04-07 22:10:44,2024-04-08 02:10:44,4.0,No,Yes
TKT-07253,Hardware,Medium,Closed,HR,Anjali Mehta,2024-08-01 13:43:16,2024-08-03 09:43:16,44.0,No,No
TKT-07254,Access/Login,Medium,Closed,Marketing,Neha Gupta,2024-04-23 07:33:19,2024-04-24 06:33:19,23.0,No,No
TKT-07255,Access/Login,Medium,Resolved,IT,Anjali Mehta,2023-06-28 17:39:28,2023-07-01 00:39:28,55.0,Yes,No
TKT-07256,Printer,Medium,Open,Marketing,Rohit Verma,2024-09-03 17:51:30,,,,No
TKT-07257,Email,Medium,Closed,Marketing,Priya Singh,2024-11-11 08:29:13,2024-11-12 09:29:13,25.0,No,No
TKT-07258,Email,Medium,Open,Sales,Amit Sharma,2023-11-02 06:17:59,,,,No
TKT-07259,Software,Low,Closed,HR,Amit Sharma,2023-08-02 09:46:59,2023-08-04 11:46:59,50.0,No,No
TKT-07260,Network,Medium,Resolved,IT,Anjali Mehta,2023-01-08 14:30:59,2023-01-09 01:30:59,11.0,No,Yes
TKT-07261,Access/Login,High,Closed,HR,Anjali Mehta,2023-05-09 21:14:12,2023-05-10 12:14:12,15.0,No,No
TKT-07262,Software,Low,Resolved,HR,Suresh Kumar,2024-08-31 18:54:41,2024-09-02 21:54:41,51.0,No,Yes
TKT-07263,Email,Medium,Resolved,Sales,Neha Gupta,2024-10-04 09:20:09,2024-10-05 02:20:09,17.0,No,No
TKT-07264,Access/Login,High,Resolved,Operations,Suresh Kumar,2023-02-18 22:16:40,2023-02-19 20:16:40,22.0,No,Yes
TKT-07265,Email,Low,Resolved,Sales,Rohit Verma,2023-04-18 14:12:47,2023-04-20 01:12:47,35.0,No,No
TKT-07266,Printer,Low,Resolved,Marketing,Vikram Joshi,2024-07-06 06:18:02,2024-07-09 01:18:02,67.0,No,Yes
TKT-07267,Network,Low,Open,IT,Vikram Joshi,2023-09-28 08:06:24,,,,No
TKT-07268,Software,Low,Resolved,Legal,Priya Singh,2024-01-24 02:35:40,2024-01-26 10:35:40,56.0,No,No
TKT-07269,Printer,Medium,Resolved,IT,Anjali Mehta,2024-03-05 14:52:23,2024-03-07 00:52:23,34.0,No,No
TKT-07270,Access/Login,Medium,Resolved,HR,Priya Singh,2023-07-28 01:53:11,2023-07-28 07:53:11,6.0,No,No
TKT-07271,Access/Login,Medium,In Progress,Operations,Anjali Mehta,2023-01-13 15:35:12,,,,No
TKT-07272,Printer,Low,Resolved,HR,Neha Gupta,2023-04-04 03:48:12,2023-04-07 06:48:12,75.0,Yes,No
TKT-07273,Network,High,Closed,Finance,Neha Gupta,2024-12-22 06:20:14,2024-12-22 16:20:14,10.0,No,Yes
TKT-07274,Printer,High,Resolved,Marketing,Rohit Verma,2023-05-06 17:15:58,2023-05-07 19:15:58,26.0,Yes,Yes
TKT-07275,Software,Medium,Closed,Operations,Vikram Joshi,2023-06-05 06:34:16,2023-06-06 07:34:16,25.0,No,No
TKT-07276,Hardware,Low,Open,Operations,Anjali Mehta,2023-02-13 03:08:14,,,,No
TKT-07277,Access/Login,Low,Closed,Operations,Suresh Kumar,2024-01-19 02:30:08,2024-01-20 03:30:08,25.0,No,No
TKT-07278,Printer,Medium,Resolved,Operations,Amit Sharma,2024-07-05 06:36:41,2024-07-07 00:36:41,42.0,No,No
TKT-07279,Email,High,Resolved,Operations,Suresh Kumar,2023-04-13 23:15:34,2023-04-14 05:15:34,6.0,No,No
TKT-07280,Access/Login,Medium,Resolved,Operations,Amit Sharma,2023-10-21 04:00:12,2023-10-23 08:00:12,52.0,Yes,Yes
TKT-07281,Access/Login,High,Resolved,HR,Suresh Kumar,2023-02-18 18:17:35,2023-02-19 10:17:35,16.0,No,Yes
TKT-07282,Printer,Low,Resolved,Sales,Suresh Kumar,2024-04-28 09:21:00,2024-04-29 06:21:00,21.0,No,Yes
TKT-07283,Email,Low,Closed,Legal,Vikram Joshi,2024-05-12 17:55:39,2024-05-15 06:55:39,61.0,No,Yes
TKT-07284,Printer,Low,In Progress,Finance,Amit Sharma,2023-04-09 23:03:58,,,,Yes
TKT-07285,Access/Login,Critical,Closed,HR,Priya Singh,2024-12-06 21:46:05,2024-12-07 05:46:05,8.0,Yes,No
TKT-07286,Printer,Critical,Open,Legal,Vikram Joshi,2024-06-14 02:22:18,,,,No
TKT-07287,Access/Login,Medium,Resolved,HR,Vikram Joshi,2024-11-02 07:49:33,2024-11-02 20:49:33,13.0,No,Yes
TKT-07288,Access/Login,Medium,Resolved,IT,Priya Singh,2024-01-18 01:47:15,2024-01-18 13:47:15,12.0,No,No
TKT-07289,Access/Login,Low,Resolved,Operations,Anjali Mehta,2024-05-17 05:28:50,2024-05-18 15:28:50,34.0,No,No
TKT-07290,Hardware,High,In Progress,Finance,Rohit Verma,2023-11-27 20:38:26,,,,No
TKT-07291,Hardware,Low,Resolved,HR,Anjali Mehta,2024-07-15 13:45:39,2024-07-18 11:45:39,70.0,No,No
TKT-07292,Printer,Critical,Resolved,IT,Rohit Verma,2024-05-03 02:48:44,2024-05-03 08:48:44,6.0,Yes,No
TKT-07293,Network,High,Closed,HR,Suresh Kumar,2024-04-23 11:24:42,2024-04-24 08:24:42,21.0,No,No
TKT-07294,Printer,Low,Closed,Sales,Rohit Verma,2024-07-12 18:13:00,2024-07-15 21:13:00,75.0,Yes,No
TKT-07295,Network,High,Open,Sales,Amit Sharma,2023-06-05 03:19:05,,,,No
TKT-07296,Hardware,Low,Closed,IT,Rohit Verma,2024-08-06 05:28:52,2024-08-06 21:28:52,16.0,No,No
TKT-07297,Network,Medium,Closed,IT,Anjali Mehta,2023-06-18 04:46:50,2023-06-19 19:46:50,39.0,No,Yes
TKT-07298,Network,Medium,Resolved,Finance,Rohit Verma,2024-01-18 23:59:19,2024-01-19 14:59:19,15.0,No,No
TKT-07299,Printer,High,Open,Legal,Anjali Mehta,2024-10-23 18:10:49,,,,No
TKT-07300,Hardware,Medium,Closed,Legal,Priya Singh,2024-11-11 09:27:13,2024-11-13 12:27:13,51.0,Yes,No
TKT-07301,Access/Login,Medium,Resolved,IT,Vikram Joshi,2023-02-11 20:49:38,2023-02-13 22:49:38,50.0,Yes,Yes
TKT-07302,Access/Login,High,Closed,Legal,Priya Singh,2023-12-09 10:21:03,2023-12-09 18:21:03,8.0,No,Yes
TKT-07303,Access/Login,High,Resolved,Sales,Rohit Verma,2023-11-27 01:29:02,2023-11-28 06:29:02,29.0,Yes,No
TKT-07304,Network,Low,Resolved,HR,Anjali Mehta,2023-02-11 00:02:03,2023-02-12 00:02:03,24.0,No,Yes
TKT-07305,Hardware,Low,In Progress,Sales,Amit Sharma,2023-07-05 10:04:39,,,,No
TKT-07306,Printer,High,Resolved,Marketing,Anjali Mehta,2023-05-16 11:29:53,2023-05-16 19:29:53,8.0,No,No
TKT-07307,Hardware,Low,Closed,IT,Neha Gupta,2024-02-25 19:58:56,2024-02-28 07:58:56,60.0,No,Yes
TKT-07308,Printer,Medium,Open,Operations,Rohit Verma,2024-05-22 07:23:03,,,,No
TKT-07309,Access/Login,High,Closed,IT,Suresh Kumar,2023-08-13 22:00:15,2023-08-14 09:00:15,11.0,No,Yes
TKT-07310,Email,Medium,Closed,Operations,Anjali Mehta,2024-03-20 09:27:09,2024-03-21 19:27:09,34.0,No,No
TKT-07311,Access/Login,Low,Resolved,Operations,Amit Sharma,2023-10-05 12:30:35,2023-10-08 08:30:35,68.0,No,No
TKT-07312,Access/Login,Low,Open,HR,Neha Gupta,2023-02-14 09:29:38,,,,No
TKT-07313,Printer,High,Open,HR,Amit Sharma,2023-10-02 03:56:09,,,,No
TKT-07314,Software,High,Closed,IT,Neha Gupta,2023-03-25 09:24:24,2023-03-26 00:24:24,15.0,No,Yes
TKT-07315,Printer,Critical,Closed,Sales,Priya Singh,2024-06-07 12:42:17,2024-06-07 15:42:17,3.0,No,No
TKT-07316,Access/Login,Critical,Resolved,Marketing,Priya Singh,2023-11-23 20:08:36,2023-11-24 01:08:36,5.0,Yes,No
TKT-07317,Hardware,Low,Closed,HR,Anjali Mehta,2024-02-04 05:25:13,2024-02-06 23:25:13,66.0,No,Yes
TKT-07318,Software,Low,Resolved,Operations,Rohit Verma,2024-06-13 02:54:01,2024-06-16 16:54:01,86.0,Yes,No
TKT-07319,Hardware,Low,In Progress,Legal,Suresh Kumar,2024-07-31 08:02:33,,,,No
TKT-07320,Hardware,Medium,Closed,Marketing,Anjali Mehta,2023-12-09 21:21:07,2023-12-10 12:21:07,15.0,No,Yes
TKT-07321,Access/Login,Low,Closed,Finance,Suresh Kumar,2023-02-24 06:00:27,2023-02-26 22:00:27,64.0,No,No
TKT-07322,Hardware,Low,Closed,IT,Neha Gupta,2023-08-22 23:23:02,2023-08-25 23:23:02,72.0,No,No
TKT-07323,Printer,Critical,Resolved,Sales,Anjali Mehta,2023-10-31 11:00:29,2023-10-31 13:00:29,2.0,No,No
TKT-07324,Network,High,In Progress,HR,Rohit Verma,2023-12-28 01:51:22,,,,No
TKT-07325,Printer,High,Closed,Legal,Anjali Mehta,2023-09-06 12:42:58,2023-09-07 08:42:58,20.0,No,No
TKT-07326,Software,Critical,Resolved,Legal,Amit Sharma,2024-06-22 23:48:27,2024-06-23 05:48:27,6.0,Yes,Yes
TKT-07327,Email,Critical,Resolved,Legal,Amit Sharma,2024-05-18 04:22:06,2024-05-18 12:22:06,8.0,Yes,Yes
TKT-07328,Hardware,Low,Closed,Finance,Priya Singh,2024-12-17 12:11:47,2024-12-20 12:11:47,72.0,No,No
TKT-07329,Hardware,Low,Open,Finance,Rohit Verma,2023-08-04 03:16:22,,,,No
TKT-07330,Hardware,High,Closed,IT,Vikram Joshi,2023-06-04 19:25:47,2023-06-06 00:25:47,29.0,Yes,Yes
TKT-07331,Access/Login,High,Resolved,Legal,Anjali Mehta,2023-03-07 09:22:23,2023-03-07 15:22:23,6.0,No,No
TKT-07332,Software,Low,Open,IT,Priya Singh,2023-08-19 11:08:23,,,,Yes
TKT-07333,Hardware,High,Open,IT,Vikram Joshi,2023-02-22 23:54:07,,,,No
TKT-07334,Printer,Medium,Resolved,Finance,Priya Singh,2023-07-04 20:37:12,2023-07-06 20:37:12,48.0,No,No
TKT-07335,Email,Medium,Resolved,IT,Anjali Mehta,2023-09-30 01:24:07,2023-09-30 11:24:07,10.0,No,Yes
TKT-07336,Access/Login,Low,Resolved,Sales,Neha Gupta,2023-05-30 18:48:18,2023-05-31 10:48:18,16.0,No,No
TKT-07337,Printer,Medium,Closed,Finance,Vikram Joshi,2023-06-07 21:02:42,2023-06-09 06:02:42,33.0,No,No
TKT-07338,Printer,High,Resolved,Marketing,Neha Gupta,2023-01-30 10:02:06,2023-01-30 14:02:06,4.0,No,No
TKT-07339,Email,Medium,Resolved,Marketing,Anjali Mehta,2024-11-28 15:11:01,2024-11-30 22:11:01,55.0,Yes,No
TKT-07340,Access/Login,High,Resolved,Marketing,Vikram Joshi,2023-07-01 02:45:01,2023-07-01 04:45:01,2.0,No,Yes
TKT-07341,Software,Low,Resolved,Legal,Neha Gupta,2023-01-06 21:32:47,2023-01-08 03:32:47,30.0,No,No
TKT-07342,Network,Low,Closed,Legal,Rohit Verma,2023-02-05 20:31:54,2023-02-07 07:31:54,35.0,No,Yes
TKT-07343,Software,Medium,Resolved,Marketing,Vikram Joshi,2023-03-11 10:38:48,2023-03-12 17:38:48,31.0,No,Yes
TKT-07344,Access/Login,High,Resolved,Operations,Rohit Verma,2023-02-24 01:56:03,2023-02-25 00:56:03,23.0,No,No
TKT-07345,Access/Login,Medium,Closed,Legal,Rohit Verma,2023-08-26 23:55:21,2023-08-28 21:55:21,46.0,No,Yes
TKT-07346,Printer,Low,Closed,Marketing,Priya Singh,2023-02-25 18:08:39,2023-02-26 04:08:39,10.0,No,Yes
TKT-07347,Software,Low,Closed,IT,Suresh Kumar,2024-01-21 21:42:39,2024-01-24 19:42:39,70.0,No,Yes
TKT-07348,Access/Login,Medium,In Progress,Marketing,Vikram Joshi,2024-05-12 06:14:22,,,,Yes
TKT-07349,Network,Medium,Closed,IT,Rohit Verma,2023-08-10 03:49:58,2023-08-10 08:49:58,5.0,No,No
TKT-07350,Network,High,Resolved,Finance,Amit Sharma,2024-11-19 00:26:33,2024-11-19 09:26:33,9.0,No,No
TKT-07351,Software,Low,In Progress,Sales,Amit Sharma,2023-12-17 09:30:08,,,,Yes
TKT-07352,Access/Login,Medium,Closed,Marketing,Vikram Joshi,2024-04-15 11:40:00,2024-04-17 14:40:00,51.0,Yes,No
TKT-07353,Email,Low,In Progress,Sales,Anjali Mehta,2023-06-11 17:24:17,,,,Yes
TKT-07354,Email,Low,In Progress,IT,Priya Singh,2023-05-05 18:01:29,,,,No
TKT-07355,Access/Login,Medium,Resolved,Operations,Priya Singh,2023-05-01 08:33:11,2023-05-01 16:33:11,8.0,No,No
TKT-07356,Hardware,Low,Resolved,Operations,Vikram Joshi,2023-09-18 00:21:18,2023-09-21 05:21:18,77.0,Yes,No
TKT-07357,Network,Low,Resolved,Operations,Priya Singh,2024-10-07 21:08:29,2024-10-11 11:08:29,86.0,Yes,No
TKT-07358,Email,Medium,Resolved,Legal,Vikram Joshi,2024-09-22 08:04:55,2024-09-24 13:04:55,53.0,Yes,Yes
TKT-07359,Software,Low,Resolved,Finance,Suresh Kumar,2024-05-09 16:25:02,2024-05-12 11:25:02,67.0,No,No
TKT-07360,Email,Low,Closed,IT,Suresh Kumar,2023-02-26 20:39:19,2023-03-02 08:39:19,84.0,Yes,Yes
TKT-07361,Network,Medium,In Progress,Finance,Suresh Kumar,2023-06-06 01:20:36,,,,No
TKT-07362,Network,Low,Resolved,Sales,Amit Sharma,2024-01-25 23:03:26,2024-01-28 23:03:26,72.0,No,No
TKT-07363,Printer,Medium,Resolved,Operations,Neha Gupta,2023-10-11 11:35:18,2023-10-13 14:35:18,51.0,Yes,No
TKT-07364,Software,Low,Closed,HR,Neha Gupta,2023-11-26 16:56:28,2023-11-29 20:56:28,76.0,Yes,Yes
TKT-07365,Hardware,Medium,In Progress,Sales,Priya Singh,2023-08-15 06:25:59,,,,No
TKT-07366,Printer,Medium,Closed,IT,Priya Singh,2024-09-02 05:17:09,2024-09-03 12:17:09,31.0,No,No
TKT-07367,Software,Medium,Open,IT,Neha Gupta,2024-07-05 02:57:53,,,,No
TKT-07368,Email,High,In Progress,Marketing,Anjali Mehta,2023-05-01 21:15:09,,,,No
TKT-07369,Hardware,Medium,Resolved,Operations,Amit Sharma,2024-12-08 03:56:46,2024-12-10 01:56:46,46.0,No,Yes
TKT-07370,Network,Critical,Closed,Legal,Suresh Kumar,2024-10-02 05:17:58,2024-10-02 06:17:58,1.0,No,No
TKT-07371,Network,Low,Resolved,HR,Anjali Mehta,2024-01-06 15:14:27,2024-01-09 07:14:27,64.0,No,Yes
TKT-07372,Access/Login,Low,Closed,Finance,Priya Singh,2023-09-20 20:02:47,2023-09-22 17:02:47,45.0,No,No
TKT-07373,Access/Login,Low,Resolved,Operations,Suresh Kumar,2023-09-10 14:35:49,2023-09-12 11:35:49,45.0,No,Yes
TKT-07374,Email,Medium,Resolved,IT,Amit Sharma,2023-05-30 02:53:00,2023-05-30 16:53:00,14.0,No,No
TKT-07375,Hardware,Medium,In Progress,IT,Priya Singh,2024-07-19 06:38:05,,,,No
TKT-07376,Email,Medium,Resolved,Finance,Vikram Joshi,2023-07-17 09:43:37,2023-07-19 08:43:37,47.0,No,No
TKT-07377,Network,Low,Resolved,Operations,Anjali Mehta,2024-07-06 04:38:38,2024-07-08 04:38:38,48.0,No,Yes
TKT-07378,Printer,High,Resolved,Legal,Vikram Joshi,2024-06-08 02:12:23,2024-06-08 22:12:23,20.0,No,Yes
TKT-07379,Email,Critical,Resolved,Marketing,Anjali Mehta,2023-03-09 00:40:14,2023-03-09 05:40:14,5.0,Yes,No
TKT-07380,Printer,High,In Progress,Marketing,Amit Sharma,2024-06-27 12:22:30,,,,No
TKT-07381,Email,Low,Closed,IT,Anjali Mehta,2023-09-12 08:35:47,2023-09-13 22:35:47,38.0,No,No
TKT-07382,Access/Login,Medium,Resolved,Sales,Vikram Joshi,2024-10-09 23:09:11,2024-10-10 19:09:11,20.0,No,No
TKT-07383,Email,Medium,Resolved,HR,Neha Gupta,2024-07-21 05:06:18,2024-07-23 08:06:18,51.0,Yes,Yes
TKT-07384,Printer,Medium,Resolved,Finance,Priya Singh,2023-12-06 20:51:52,2023-12-07 20:51:52,24.0,No,No
TKT-07385,Printer,Medium,Closed,Sales,Priya Singh,2023-01-01 06:54:54,2023-01-01 13:54:54,7.0,No,Yes
TKT-07386,Access/Login,Low,Resolved,Sales,Anjali Mehta,2024-06-28 03:35:26,2024-06-28 20:35:26,17.0,No,No
TKT-07387,Access/Login,High,In Progress,Operations,Neha Gupta,2023-01-17 13:59:55,,,,No
TKT-07388,Email,Medium,Open,HR,Rohit Verma,2024-12-23 11:38:13,,,,No
TKT-07389,Access/Login,Medium,Closed,HR,Neha Gupta,2024-10-04 21:50:32,2024-10-07 09:50:32,60.0,Yes,No
TKT-07390,Hardware,Medium,Open,HR,Amit Sharma,2023-11-02 13:36:47,,,,No
TKT-07391,Printer,Low,Resolved,Operations,Rohit Verma,2024-07-31 19:54:26,2024-08-04 05:54:26,82.0,Yes,No
TKT-07392,Printer,Low,Resolved,Sales,Rohit Verma,2024-02-18 06:32:04,2024-02-20 08:32:04,50.0,No,Yes
TKT-07393,Software,Low,Resolved,Sales,Anjali Mehta,2023-04-30 07:12:08,2023-05-03 13:12:08,78.0,Yes,Yes
TKT-07394,Hardware,Low,Open,Operations,Suresh Kumar,2023-07-13 13:35:05,,,,No
TKT-07395,Access/Login,Medium,Resolved,HR,Priya Singh,2023-07-05 08:38:29,2023-07-05 18:38:29,10.0,No,No
TKT-07396,Email,Medium,In Progress,IT,Amit Sharma,2023-06-18 12:31:32,,,,Yes
TKT-07397,Email,Medium,Resolved,Legal,Neha Gupta,2023-12-25 05:18:16,2023-12-26 12:18:16,31.0,No,No
TKT-07398,Printer,High,Open,Operations,Vikram Joshi,2024-03-05 01:24:25,,,,No
TKT-07399,Printer,Low,Resolved,Finance,Amit Sharma,2024-02-10 07:11:20,2024-02-12 17:11:20,58.0,No,Yes
TKT-07400,Software,High,Resolved,Sales,Rohit Verma,2023-04-03 14:09:33,2023-04-04 06:09:33,16.0,No,No
TKT-07401,Email,Medium,Closed,Operations,Neha Gupta,2024-11-10 22:18:49,2024-11-12 11:18:49,37.0,No,Yes
TKT-07402,Hardware,High,Resolved,Sales,Amit Sharma,2024-04-06 02:08:17,2024-04-06 06:08:17,4.0,No,Yes
TKT-07403,Network,Low,Resolved,HR,Suresh Kumar,2023-01-15 19:04:43,2023-01-17 05:04:43,34.0,No,Yes
TKT-07404,Hardware,Low,Resolved,Sales,Anjali Mehta,2024-11-17 18:12:16,2024-11-21 01:12:16,79.0,Yes,Yes
TKT-07405,Email,Medium,Resolved,Operations,Amit Sharma,2024-10-18 08:20:23,2024-10-19 06:20:23,22.0,No,No
TKT-07406,Email,High,Closed,Legal,Neha Gupta,2024-10-29 15:44:18,2024-10-30 07:44:18,16.0,No,No
TKT-07407,Email,High,In Progress,Marketing,Vikram Joshi,2023-12-05 20:21:24,,,,No
TKT-07408,Email,Medium,Closed,HR,Rohit Verma,2023-11-22 15:54:45,2023-11-23 20:54:45,29.0,No,No
TKT-07409,Hardware,High,In Progress,HR,Vikram Joshi,2023-10-18 14:03:03,,,,No
TKT-07410,Printer,Critical,Resolved,IT,Vikram Joshi,2024-07-17 12:47:20,2024-07-17 14:47:20,2.0,No,No
TKT-07411,Software,High,In Progress,Marketing,Vikram Joshi,2023-04-25 04:12:52,,,,No
TKT-07412,Access/Login,Medium,Open,IT,Vikram Joshi,2023-01-18 15:22:43,,,,No
TKT-07413,Hardware,Critical,Closed,Legal,Suresh Kumar,2024-02-19 14:49:31,2024-02-19 22:49:31,8.0,Yes,No
TKT-07414,Access/Login,Medium,Closed,Operations,Priya Singh,2024-02-05 10:17:24,2024-02-07 03:17:24,41.0,No,No
TKT-07415,Email,Low,Closed,IT,Rohit Verma,2024-12-18 17:46:28,2024-12-20 07:46:28,38.0,No,No
TKT-07416,Email,Low,Resolved,Legal,Priya Singh,2024-09-02 19:21:21,2024-09-03 15:21:21,20.0,No,No
TKT-07417,Printer,Critical,Resolved,Legal,Amit Sharma,2024-07-01 10:23:53,2024-07-01 13:23:53,3.0,No,No
TKT-07418,Access/Login,Medium,Closed,IT,Amit Sharma,2023-01-04 04:08:43,2023-01-04 20:08:43,16.0,No,No
TKT-07419,Software,Low,Resolved,Marketing,Suresh Kumar,2024-07-05 11:38:05,2024-07-06 03:38:05,16.0,No,No
TKT-07420,Printer,Low,Resolved,Finance,Anjali Mehta,2024-05-17 04:59:20,2024-05-20 12:59:20,80.0,Yes,No
TKT-07421,Software,Low,In Progress,Operations,Priya Singh,2024-10-20 18:53:45,,,,Yes
TKT-07422,Software,Medium,In Progress,Legal,Amit Sharma,2024-07-29 14:45:33,,,,No
TKT-07423,Software,High,Resolved,IT,Rohit Verma,2023-05-26 07:07:02,2023-05-26 20:07:02,13.0,No,No
TKT-07424,Network,Medium,Open,Operations,Neha Gupta,2024-05-29 19:01:10,,,,No
TKT-07425,Printer,Medium,Resolved,Operations,Amit Sharma,2024-12-22 03:58:33,2024-12-22 11:58:33,8.0,No,Yes
TKT-07426,Email,Medium,Resolved,Marketing,Vikram Joshi,2024-12-27 08:08:51,2024-12-28 23:08:51,39.0,No,No
TKT-07427,Access/Login,High,Open,HR,Amit Sharma,2023-04-11 18:40:31,,,,No
TKT-07428,Printer,High,In Progress,IT,Suresh Kumar,2024-01-11 18:49:40,,,,No
TKT-07429,Access/Login,Medium,In Progress,Marketing,Vikram Joshi,2023-05-12 04:30:10,,,,No
TKT-07430,Network,High,In Progress,Legal,Vikram Joshi,2023-12-09 15:48:56,,,,Yes
TKT-07431,Network,Low,Resolved,Operations,Anjali Mehta,2023-09-03 08:29:21,2023-09-06 22:29:21,86.0,Yes,Yes
TKT-07432,Access/Login,Low,Resolved,Legal,Neha Gupta,2023-06-23 13:55:59,2023-06-25 21:55:59,56.0,No,No
TKT-07433,Access/Login,Medium,Closed,Sales,Rohit Verma,2023-03-24 15:41:28,2023-03-26 14:41:28,47.0,No,No
TKT-07434,Printer,Medium,Resolved,Legal,Neha Gupta,2023-06-11 08:09:38,2023-06-12 16:09:38,32.0,No,Yes
TKT-07435,Email,High,Closed,HR,Priya Singh,2024-02-14 18:56:15,2024-02-15 05:56:15,11.0,No,No
TKT-07436,Software,High,Closed,Legal,Neha Gupta,2024-02-14 18:37:16,2024-02-15 08:37:16,14.0,No,No
TKT-07437,Network,Medium,Resolved,Marketing,Amit Sharma,2024-05-27 08:53:12,2024-05-29 06:53:12,46.0,No,No
TKT-07438,Network,Medium,Resolved,Operations,Priya Singh,2024-08-14 05:22:21,2024-08-14 23:22:21,18.0,No,No
TKT-07439,Email,Critical,Closed,Legal,Priya Singh,2024-03-04 10:17:55,2024-03-04 16:17:55,6.0,Yes,No
TKT-07440,Hardware,Medium,Resolved,Finance,Rohit Verma,2023-07-17 14:50:24,2023-07-18 02:50:24,12.0,No,No
TKT-07441,Access/Login,High,Resolved,Operations,Rohit Verma,2024-02-21 19:39:09,2024-02-22 06:39:09,11.0,No,No
TKT-07442,Access/Login,Critical,Closed,Finance,Neha Gupta,2023-05-05 04:10:02,2023-05-05 08:10:02,4.0,No,No
TKT-07443,Email,High,Closed,IT,Vikram Joshi,2024-10-31 14:45:23,2024-11-01 11:45:23,21.0,No,No
TKT-07444,Email,Low,Resolved,Operations,Suresh Kumar,2023-07-04 15:19:55,2023-07-06 20:19:55,53.0,No,No
TKT-07445,Printer,Low,Resolved,Marketing,Vikram Joshi,2023-08-27 14:49:42,2023-08-29 16:49:42,50.0,No,Yes
TKT-07446,Network,Low,Resolved,IT,Rohit Verma,2023-09-21 13:23:17,2023-09-22 02:23:17,13.0,No,No
TKT-07447,Email,Medium,Closed,IT,Amit Sharma,2024-03-04 11:00:13,2024-03-05 14:00:13,27.0,No,No
TKT-07448,Access/Login,Medium,Closed,Legal,Amit Sharma,2023-08-04 09:12:15,2023-08-04 21:12:15,12.0,No,No
TKT-07449,Printer,Low,Resolved,HR,Amit Sharma,2024-01-16 23:53:48,2024-01-20 01:53:48,74.0,Yes,No
TKT-07450,Network,Medium,Resolved,Marketing,Priya Singh,2024-04-15 19:32:55,2024-04-16 06:32:55,11.0,No,No
TKT-07451,Email,Critical,Resolved,Operations,Rohit Verma,2023-11-18 19:49:44,2023-11-18 21:49:44,2.0,No,Yes
TKT-07452,Printer,Medium,Open,Marketing,Anjali Mehta,2024-07-03 06:00:12,,,,No
TKT-07453,Network,Medium,Resolved,Finance,Neha Gupta,2024-02-18 23:48:33,2024-02-21 09:48:33,58.0,Yes,Yes
TKT-07454,Hardware,High,Resolved,HR,Rohit Verma,2023-03-12 00:23:33,2023-03-12 05:23:33,5.0,No,Yes
TKT-07455,Printer,Critical,In Progress,Sales,Neha Gupta,2023-12-11 21:11:20,,,,No
TKT-07456,Email,Low,Closed,HR,Priya Singh,2023-03-29 05:29:31,2023-03-31 01:29:31,44.0,No,No
TKT-07457,Email,Low,Closed,IT,Amit Sharma,2024-10-29 12:19:07,2024-11-01 23:19:07,83.0,Yes,No
TKT-07458,Printer,Critical,In Progress,HR,Rohit Verma,2024-11-04 08:35:19,,,,No
TKT-07459,Email,High,Closed,Sales,Suresh Kumar,2024-08-18 04:21:09,2024-08-18 21:21:09,17.0,No,Yes
TKT-07460,Access/Login,Medium,In Progress,IT,Priya Singh,2024-06-10 23:23:25,,,,No
TKT-07461,Email,Low,Resolved,Operations,Suresh Kumar,2023-12-30 01:33:46,2023-12-30 19:33:46,18.0,No,Yes
TKT-07462,Network,Medium,Open,Marketing,Priya Singh,2024-04-23 15:03:21,,,,No
TKT-07463,Email,Medium,Resolved,HR,Vikram Joshi,2023-01-05 22:26:31,2023-01-08 01:26:31,51.0,Yes,No
TKT-07464,Network,Medium,Resolved,Marketing,Amit Sharma,2024-07-04 08:26:32,2024-07-06 07:26:32,47.0,No,No
TKT-07465,Network,High,Resolved,Operations,Suresh Kumar,2024-03-03 16:44:52,2024-03-03 20:44:52,4.0,No,Yes
TKT-07466,Access/Login,Low,Resolved,Finance,Neha Gupta,2023-08-19 06:45:02,2023-08-21 16:45:02,58.0,No,Yes
TKT-07467,Access/Login,Low,Resolved,IT,Priya Singh,2023-11-20 20:36:16,2023-11-23 12:36:16,64.0,No,No
TKT-07468,Hardware,Low,Resolved,Marketing,Neha Gupta,2023-10-09 01:50:52,2023-10-09 16:50:52,15.0,No,No
TKT-07469,Network,Medium,Resolved,Sales,Vikram Joshi,2023-09-19 22:21:00,2023-09-20 13:21:00,15.0,No,No
TKT-07470,Network,Medium,Resolved,Legal,Vikram Joshi,2023-05-24 11:15:50,2023-05-26 23:15:50,60.0,Yes,No
TKT-07471,Access/Login,High,Closed,Legal,Rohit Verma,2023-12-28 05:52:59,2023-12-29 04:52:59,23.0,No,No
TKT-07472,Email,Medium,Resolved,IT,Amit Sharma,2024-12-26 11:40:09,2024-12-28 20:40:09,57.0,Yes,No
TKT-07473,Email,Medium,Closed,Finance,Neha Gupta,2024-06-30 04:47:08,2024-06-30 09:47:08,5.0,No,Yes
TKT-07474,Hardware,Low,Closed,HR,Vikram Joshi,2024-07-22 18:57:08,2024-07-25 05:57:08,59.0,No,No
TKT-07475,Email,Medium,Resolved,Finance,Neha Gupta,2024-11-27 04:22:11,2024-11-28 11:22:11,31.0,No,No
TKT-07476,Printer,Critical,Resolved,Sales,Rohit Verma,2024-09-13 19:40:22,2024-09-13 20:40:22,1.0,No,No
TKT-07477,Access/Login,Low,Closed,Operations,Anjali Mehta,2024-11-16 13:50:33,2024-11-17 22:50:33,33.0,No,Yes
TKT-07478,Network,Low,Open,Operations,Suresh Kumar,2024-12-30 01:25:22,,,,No
TKT-07479,Network,Critical,Resolved,Operations,Suresh Kumar,2024-09-08 20:56:23,2024-09-08 22:56:23,2.0,No,Yes
TKT-07480,Printer,Medium,Open,Sales,Priya Singh,2023-07-20 20:54:43,,,,No
TKT-07481,Access/Login,Medium,Resolved,HR,Priya Singh,2024-04-30 13:33:09,2024-05-03 00:33:09,59.0,Yes,No
TKT-07482,Printer,High,Closed,IT,Priya Singh,2024-11-26 08:17:42,2024-11-26 23:17:42,15.0,No,No
TKT-07483,Access/Login,Medium,Closed,HR,Priya Singh,2024-04-28 23:04:50,2024-05-01 03:04:50,52.0,Yes,Yes
TKT-07484,Software,Low,Resolved,Finance,Anjali Mehta,2023-09-24 03:46:40,2023-09-27 07:46:40,76.0,Yes,Yes
TKT-07485,Printer,High,Closed,Finance,Amit Sharma,2023-12-12 20:05:56,2023-12-13 21:05:56,25.0,Yes,No
TKT-07486,Software,High,Resolved,Marketing,Vikram Joshi,2024-04-22 15:01:10,2024-04-23 18:01:10,27.0,Yes,No
TKT-07487,Network,Medium,Closed,Marketing,Priya Singh,2023-04-28 20:06:49,2023-04-30 04:06:49,32.0,No,No
TKT-07488,Software,Medium,Resolved,Finance,Rohit Verma,2023-02-21 04:27:43,2023-02-21 22:27:43,18.0,No,No
TKT-07489,Software,Critical,Closed,Legal,Rohit Verma,2023-02-18 16:47:13,2023-02-18 18:47:13,2.0,No,Yes
TKT-07490,Access/Login,Low,In Progress,Legal,Neha Gupta,2023-12-21 11:48:14,,,,No
TKT-07491,Email,High,Closed,Legal,Anjali Mehta,2024-01-28 19:03:50,2024-01-29 05:03:50,10.0,No,Yes
TKT-07492,Hardware,Critical,Resolved,Sales,Neha Gupta,2024-11-30 06:55:11,2024-11-30 07:55:11,1.0,No,Yes
TKT-07493,Printer,Critical,Resolved,Finance,Vikram Joshi,2024-11-14 01:17:06,2024-11-14 03:17:06,2.0,No,No
TKT-07494,Printer,Low,Closed,Sales,Amit Sharma,2023-11-14 00:18:48,2023-11-15 08:18:48,32.0,No,No
TKT-07495,Email,Medium,Resolved,Finance,Suresh Kumar,2024-12-13 04:17:56,2024-12-14 01:17:56,21.0,No,No
TKT-07496,Software,Critical,Resolved,Finance,Anjali Mehta,2023-05-23 13:56:55,2023-05-23 16:56:55,3.0,No,No
TKT-07497,Hardware,Low,Resolved,IT,Amit Sharma,2023-11-01 11:32:50,2023-11-03 16:32:50,53.0,No,No
TKT-07498,Network,Low,Closed,IT,Suresh Kumar,2023-12-05 01:39:01,2023-12-07 19:39:01,66.0,No,No
TKT-07499,Hardware,High,In Progress,Marketing,Amit Sharma,2023-06-21 22:44:29,,,,No
TKT-07500,Software,Low,Closed,Finance,Priya Singh,2023-01-06 11:39:01,2023-01-07 19:39:01,32.0,No,No
TKT-07501,Software,Medium,Closed,IT,Suresh Kumar,2024-03-19 08:08:02,2024-03-20 02:08:02,18.0,No,No
TKT-07502,Printer,Medium,Resolved,HR,Vikram Joshi,2023-12-11 00:38:04,2023-12-12 09:38:04,33.0,No,No
TKT-07503,Access/Login,Low,Resolved,Operations,Amit Sharma,2023-11-18 16:12:36,2023-11-20 23:12:36,55.0,No,Yes
TKT-07504,Software,Medium,In Progress,Operations,Anjali Mehta,2023-05-28 10:50:17,,,,Yes
TKT-07505,Printer,Medium,Open,Finance,Rohit Verma,2024-11-05 06:01:52,,,,No
TKT-07506,Software,Low,Closed,Operations,Suresh Kumar,2024-05-30 04:01:32,2024-06-01 21:01:32,65.0,No,No
TKT-07507,Email,High,Resolved,Marketing,Suresh Kumar,2023-07-12 22:41:17,2023-07-13 18:41:17,20.0,No,No
TKT-07508,Email,Medium,Closed,Marketing,Suresh Kumar,2023-10-03 04:21:03,2023-10-04 21:21:03,41.0,No,No
TKT-07509,Printer,Medium,Closed,Legal,Anjali Mehta,2023-09-08 02:43:22,2023-09-09 00:43:22,22.0,No,No
TKT-07510,Software,Low,Closed,Operations,Anjali Mehta,2024-12-22 07:07:38,2024-12-22 18:07:38,11.0,No,Yes
TKT-07511,Hardware,Medium,Resolved,Legal,Rohit Verma,2023-02-10 01:57:15,2023-02-12 06:57:15,53.0,Yes,No
TKT-07512,Access/Login,Low,Resolved,Finance,Neha Gupta,2023-07-05 06:45:56,2023-07-05 20:45:56,14.0,No,No
TKT-07513,Email,Medium,In Progress,Operations,Neha Gupta,2024-07-30 04:29:58,,,,No
TKT-07514,Printer,Low,Resolved,IT,Priya Singh,2024-07-16 01:40:54,2024-07-16 19:40:54,18.0,No,No
TKT-07515,Network,High,Closed,Sales,Anjali Mehta,2024-02-02 10:01:27,2024-02-03 14:01:27,28.0,Yes,No
TKT-07516,Software,High,In Progress,Marketing,Rohit Verma,2023-11-15 12:37:56,,,,No
TKT-07517,Hardware,Medium,Resolved,HR,Anjali Mehta,2024-04-27 03:10:33,2024-04-27 21:10:33,18.0,No,Yes
TKT-07518,Printer,High,Resolved,Operations,Neha Gupta,2023-09-30 22:31:07,2023-10-01 20:31:07,22.0,No,Yes
TKT-07519,Email,High,Closed,Operations,Neha Gupta,2023-09-16 23:30:49,2023-09-17 11:30:49,12.0,No,Yes
TKT-07520,Network,Low,In Progress,Finance,Amit Sharma,2024-12-06 22:39:56,,,,No
TKT-07521,Software,High,Resolved,Marketing,Vikram Joshi,2023-11-19 14:50:53,2023-11-19 17:50:53,3.0,No,Yes
TKT-07522,Software,Medium,Closed,Legal,Suresh Kumar,2024-07-23 06:55:35,2024-07-23 17:55:35,11.0,No,No
TKT-07523,Printer,Low,Closed,Legal,Vikram Joshi,2023-09-03 07:19:17,2023-09-07 00:19:17,89.0,Yes,Yes
TKT-07524,Hardware,High,Resolved,HR,Rohit Verma,2023-03-25 00:55:02,2023-03-26 03:55:02,27.0,Yes,Yes
TKT-07525,Email,Medium,Closed,Marketing,Priya Singh,2023-03-27 18:06:02,2023-03-29 05:06:02,35.0,No,No
TKT-07526,Printer,Low,Closed,IT,Priya Singh,2023-10-13 06:27:04,2023-10-15 21:27:04,63.0,No,No
TKT-07527,Software,High,Resolved,Finance,Rohit Verma,2023-03-05 09:36:25,2023-03-05 18:36:25,9.0,No,Yes
TKT-07528,Printer,High,Resolved,Finance,Suresh Kumar,2023-02-22 20:40:02,2023-02-24 01:40:02,29.0,Yes,No
TKT-07529,Software,Low,Closed,HR,Neha Gupta,2024-01-19 12:39:40,2024-01-21 10:39:40,46.0,No,No
TKT-07530,Software,Medium,Resolved,Operations,Anjali Mehta,2023-11-11 17:41:00,2023-11-13 07:41:00,38.0,No,Yes
TKT-07531,Printer,Low,Closed,IT,Suresh Kumar,2024-07-01 01:12:14,2024-07-02 09:12:14,32.0,No,No
TKT-07532,Email,Medium,Resolved,Finance,Rohit Verma,2024-05-07 20:32:48,2024-05-09 01:32:48,29.0,No,No
TKT-07533,Software,High,Closed,Operations,Vikram Joshi,2023-10-25 09:27:08,2023-10-25 16:27:08,7.0,No,No
TKT-07534,Email,High,Resolved,Marketing,Amit Sharma,2023-11-13 02:59:32,2023-11-14 01:59:32,23.0,No,No
TKT-07535,Network,High,Resolved,Legal,Anjali Mehta,2023-06-03 00:24:16,2023-06-03 04:24:16,4.0,No,Yes
TKT-07536,Access/Login,Medium,Resolved,HR,Neha Gupta,2024-04-03 13:06:04,2024-04-04 02:06:04,13.0,No,No
TKT-07537,Software,Low,Closed,HR,Suresh Kumar,2024-06-18 13:49:31,2024-06-21 00:49:31,59.0,No,No
TKT-07538,Access/Login,High,In Progress,Operations,Neha Gupta,2024-03-15 09:31:16,,,,No
TKT-07539,Access/Login,Low,Resolved,Marketing,Amit Sharma,2023-06-17 05:52:19,2023-06-19 08:52:19,51.0,No,Yes
TKT-07540,Hardware,Low,In Progress,Finance,Rohit Verma,2023-08-28 08:52:48,,,,No
TKT-07541,Network,Medium,Resolved,HR,Priya Singh,2024-04-11 16:19:33,2024-04-12 01:19:33,9.0,No,No
TKT-07542,Hardware,Medium,Closed,Operations,Rohit Verma,2024-01-26 07:02:05,2024-01-28 12:02:05,53.0,Yes,No
TKT-07543,Software,Low,Closed,Finance,Amit Sharma,2023-03-19 23:56:56,2023-03-22 08:56:56,57.0,No,Yes
TKT-07544,Hardware,Medium,Open,HR,Priya Singh,2024-08-13 03:25:50,,,,No
TKT-07545,Software,Low,Open,Marketing,Rohit Verma,2023-12-07 01:32:40,,,,No
TKT-07546,Access/Login,Medium,Resolved,Sales,Neha Gupta,2023-02-24 20:50:11,2023-02-25 22:50:11,26.0,No,No
TKT-07547,Network,Low,Closed,Marketing,Priya Singh,2023-01-17 21:28:08,2023-01-19 10:28:08,37.0,No,No
TKT-07548,Printer,Low,Resolved,Marketing,Rohit Verma,2024-02-17 06:05:53,2024-02-18 15:05:53,33.0,No,Yes
TKT-07549,Access/Login,High,Closed,Marketing,Rohit Verma,2023-01-27 14:05:49,2023-01-28 05:05:49,15.0,No,No
TKT-07550,Access/Login,Medium,Closed,Marketing,Priya Singh,2024-07-06 23:07:43,2024-07-07 15:07:43,16.0,No,Yes
TKT-07551,Access/Login,Low,Closed,Sales,Amit Sharma,2023-07-25 22:47:23,2023-07-28 15:47:23,65.0,No,No
TKT-07552,Software,Critical,In Progress,Marketing,Anjali Mehta,2024-06-17 22:55:34,,,,No
TKT-07553,Software,Medium,In Progress,Operations,Priya Singh,2024-07-28 14:29:50,,,,Yes
TKT-07554,Hardware,Low,Resolved,IT,Anjali Mehta,2023-01-07 06:08:15,2023-01-07 18:08:15,12.0,No,Yes
TKT-07555,Email,Low,Resolved,HR,Anjali Mehta,2023-08-21 06:16:46,2023-08-23 12:16:46,54.0,No,No
TKT-07556,Printer,Medium,Open,IT,Rohit Verma,2024-12-10 15:47:20,,,,No
TKT-07557,Software,Critical,Resolved,Sales,Anjali Mehta,2023-07-23 03:18:25,2023-07-23 10:18:25,7.0,Yes,Yes
TKT-07558,Access/Login,Medium,Closed,Legal,Neha Gupta,2024-03-24 17:30:55,2024-03-26 01:30:55,32.0,No,Yes
TKT-07559,Access/Login,Medium,Open,Finance,Neha Gupta,2023-10-04 03:53:23,,,,No
TKT-07560,Hardware,High,Resolved,Finance,Priya Singh,2024-04-06 22:16:30,2024-04-07 15:16:30,17.0,No,Yes
TKT-07561,Email,High,In Progress,Operations,Priya Singh,2024-04-06 00:23:09,,,,Yes
TKT-07562,Software,Medium,Resolved,Legal,Neha Gupta,2024-09-01 09:21:00,2024-09-03 04:21:00,43.0,No,Yes
TKT-07563,Hardware,Low,Closed,Operations,Amit Sharma,2024-10-20 04:51:43,2024-10-23 11:51:43,79.0,Yes,Yes
TKT-07564,Printer,Medium,Resolved,HR,Neha Gupta,2024-09-23 13:40:10,2024-09-25 20:40:10,55.0,Yes,No
TKT-07565,Network,Medium,Resolved,Marketing,Priya Singh,2024-03-28 10:50:06,2024-03-28 16:50:06,6.0,No,No
TKT-07566,Email,High,Open,Operations,Neha Gupta,2024-04-17 18:11:08,,,,No
TKT-07567,Hardware,Medium,Resolved,HR,Suresh Kumar,2024-11-10 03:27:35,2024-11-11 08:27:35,29.0,No,Yes
TKT-07568,Email,Low,Open,Finance,Anjali Mehta,2024-03-27 09:07:29,,,,No
TKT-07569,Hardware,Critical,Closed,Legal,Amit Sharma,2024-04-07 10:15:20,2024-04-07 14:15:20,4.0,No,Yes
TKT-07570,Hardware,High,Open,Finance,Rohit Verma,2024-05-15 08:34:48,,,,No
TKT-07571,Hardware,Low,Resolved,Finance,Amit Sharma,2023-01-07 17:39:51,2023-01-08 20:39:51,27.0,No,Yes
TKT-07572,Printer,High,Resolved,Operations,Vikram Joshi,2023-03-30 07:47:51,2023-03-31 12:47:51,29.0,Yes,No
TKT-07573,Printer,Medium,Closed,Finance,Amit Sharma,2023-12-10 18:10:17,2023-12-11 08:10:17,14.0,No,Yes
TKT-07574,Hardware,High,Resolved,Marketing,Suresh Kumar,2024-03-11 17:08:06,2024-03-12 02:08:06,9.0,No,No
TKT-07575,Email,Medium,Resolved,HR,Anjali Mehta,2023-02-24 05:20:31,2023-02-25 01:20:31,20.0,No,No
TKT-07576,Email,Medium,Closed,Legal,Priya Singh,2024-11-26 18:05:56,2024-11-29 03:05:56,57.0,Yes,No
TKT-07577,Email,Low,Closed,IT,Neha Gupta,2023-06-22 02:16:41,2023-06-24 20:16:41,66.0,No,No
TKT-07578,Software,Medium,Closed,Marketing,Rohit Verma,2024-10-18 04:03:41,2024-10-18 17:03:41,13.0,No,No
TKT-07579,Access/Login,Medium,Resolved,Marketing,Rohit Verma,2024-07-30 15:49:50,2024-07-31 20:49:50,29.0,No,No
TKT-07580,Network,Low,Open,Finance,Vikram Joshi,2024-06-14 16:55:18,,,,No
TKT-07581,Network,Medium,In Progress,Operations,Anjali Mehta,2023-12-16 16:29:28,,,,Yes
TKT-07582,Printer,Low,Closed,IT,Priya Singh,2024-08-21 12:46:15,2024-08-22 04:46:15,16.0,No,No
TKT-07583,Email,Low,Resolved,Legal,Amit Sharma,2023-10-06 23:10:36,2023-10-10 03:10:36,76.0,Yes,No
TKT-07584,Email,Low,Resolved,HR,Suresh Kumar,2023-06-07 13:51:44,2023-06-10 21:51:44,80.0,Yes,No
TKT-07585,Printer,Critical,Resolved,IT,Priya Singh,2024-02-15 20:20:46,2024-02-16 02:20:46,6.0,Yes,No
TKT-07586,Hardware,Critical,Closed,Sales,Suresh Kumar,2024-06-24 03:26:06,2024-06-24 08:26:06,5.0,Yes,No
TKT-07587,Network,Low,Open,IT,Amit Sharma,2024-09-23 22:36:51,,,,No
TKT-07588,Printer,Critical,Resolved,Operations,Rohit Verma,2023-08-09 12:23:55,2023-08-09 19:23:55,7.0,Yes,No
TKT-07589,Hardware,Medium,Closed,Marketing,Neha Gupta,2023-10-25 06:35:41,2023-10-26 04:35:41,22.0,No,No
TKT-07590,Email,High,Closed,Legal,Amit Sharma,2023-11-26 22:54:15,2023-11-27 04:54:15,6.0,No,Yes
TKT-07591,Email,Low,Resolved,Marketing,Rohit Verma,2023-08-01 21:22:40,2023-08-04 20:22:40,71.0,No,No
TKT-07592,Hardware,Low,Resolved,Finance,Priya Singh,2024-03-22 18:04:53,2024-03-25 09:04:53,63.0,No,No
TKT-07593,Email,Low,Closed,Finance,Rohit Verma,2023-05-02 00:28:16,2023-05-05 06:28:16,78.0,Yes,No
TKT-07594,Hardware,High,Resolved,IT,Suresh Kumar,2023-04-20 00:02:04,2023-04-20 05:02:04,5.0,No,No
TKT-07595,Network,High,Resolved,IT,Neha Gupta,2024-09-11 08:50:19,2024-09-12 11:50:19,27.0,Yes,No
TKT-07596,Hardware,High,Resolved,Operations,Amit Sharma,2023-03-30 00:05:17,2023-03-30 03:05:17,3.0,No,No
TKT-07597,Email,Medium,In Progress,Operations,Vikram Joshi,2023-05-15 03:21:08,,,,No
TKT-07598,Email,Medium,Resolved,HR,Vikram Joshi,2024-06-27 04:37:55,2024-06-27 15:37:55,11.0,No,No
TKT-07599,Hardware,Low,Closed,Sales,Priya Singh,2023-09-15 17:07:45,2023-09-17 22:07:45,53.0,No,No
TKT-07600,Access/Login,Medium,Closed,HR,Amit Sharma,2024-12-21 17:50:48,2024-12-22 01:50:48,8.0,No,Yes
TKT-07601,Software,Medium,Resolved,Finance,Vikram Joshi,2024-04-09 12:07:14,2024-04-10 18:07:14,30.0,No,No
TKT-07602,Access/Login,Low,Resolved,IT,Suresh Kumar,2024-12-26 06:36:41,2024-12-29 18:36:41,84.0,Yes,No
TKT-07603,Printer,Medium,Resolved,IT,Suresh Kumar,2024-09-19 07:20:53,2024-09-19 17:20:53,10.0,No,No
TKT-07604,Email,Low,In Progress,Finance,Rohit Verma,2024-07-27 18:18:44,,,,Yes
TKT-07605,Printer,Low,In Progress,HR,Anjali Mehta,2023-05-11 22:10:48,,,,No
TKT-07606,Printer,Medium,Resolved,Operations,Priya Singh,2024-10-15 05:11:53,2024-10-15 23:11:53,18.0,No,No
TKT-07607,Printer,Low,Closed,Sales,Anjali Mehta,2024-02-13 11:52:36,2024-02-14 08:52:36,21.0,No,No
TKT-07608,Printer,Low,Resolved,Sales,Rohit Verma,2024-02-09 10:28:26,2024-02-11 20:28:26,58.0,No,No
TKT-07609,Printer,Medium,Resolved,Sales,Suresh Kumar,2023-06-19 13:43:54,2023-06-20 08:43:54,19.0,No,No
TKT-07610,Hardware,High,In Progress,Operations,Neha Gupta,2024-12-26 05:20:08,,,,No
TKT-07611,Software,Low,Resolved,HR,Rohit Verma,2023-12-23 21:59:45,2023-12-24 20:59:45,23.0,No,Yes
TKT-07612,Printer,Low,Closed,Finance,Amit Sharma,2023-06-18 21:12:29,2023-06-21 15:12:29,66.0,No,Yes
TKT-07613,Hardware,Medium,Resolved,HR,Neha Gupta,2023-09-08 15:13:52,2023-09-10 07:13:52,40.0,No,No
TKT-07614,Access/Login,Medium,Closed,Marketing,Priya Singh,2024-10-18 03:06:25,2024-10-19 22:06:25,43.0,No,No
TKT-07615,Software,Medium,Closed,Legal,Amit Sharma,2024-03-31 01:02:19,2024-03-31 12:02:19,11.0,No,Yes
TKT-07616,Email,Medium,Resolved,Legal,Rohit Verma,2024-12-24 17:59:07,2024-12-25 14:59:07,21.0,No,No
TKT-07617,Network,Medium,Open,Sales,Neha Gupta,2024-09-12 19:50:43,,,,No
TKT-07618,Email,Medium,Resolved,IT,Priya Singh,2023-03-02 23:12:35,2023-03-05 01:12:35,50.0,Yes,No
TKT-07619,Access/Login,Low,Closed,Sales,Suresh Kumar,2023-02-24 15:09:42,2023-02-26 14:09:42,47.0,No,No
TKT-07620,Software,Low,Closed,HR,Neha Gupta,2024-04-14 02:23:06,2024-04-14 19:23:06,17.0,No,Yes
TKT-07621,Access/Login,Critical,Closed,IT,Priya Singh,2023-05-09 06:33:30,2023-05-09 15:33:30,9.0,Yes,No
TKT-07622,Network,High,Closed,Legal,Rohit Verma,2024-06-02 07:58:33,2024-06-03 08:58:33,25.0,Yes,Yes
TKT-07623,Network,Medium,Closed,Sales,Anjali Mehta,2023-10-28 12:17:12,2023-10-28 22:17:12,10.0,No,Yes
TKT-07624,Access/Login,Medium,In Progress,IT,Vikram Joshi,2023-11-14 06:38:19,,,,No
TKT-07625,Network,Medium,Resolved,HR,Rohit Verma,2023-10-04 00:05:36,2023-10-06 06:05:36,54.0,Yes,No
TKT-07626,Hardware,High,Resolved,IT,Amit Sharma,2024-01-12 10:10:57,2024-01-13 10:10:57,24.0,No,No
TKT-07627,Printer,Medium,Closed,Operations,Priya Singh,2023-11-25 23:10:25,2023-11-27 16:10:25,41.0,No,Yes
TKT-07628,Printer,Medium,Resolved,IT,Priya Singh,2023-11-11 09:15:00,2023-11-13 12:15:00,51.0,Yes,Yes
TKT-07629,Software,Medium,Resolved,Sales,Amit Sharma,2023-02-03 02:38:55,2023-02-03 19:38:55,17.0,No,No
TKT-07630,Printer,Medium,Resolved,HR,Vikram Joshi,2023-05-21 04:38:37,2023-05-22 11:38:37,31.0,No,Yes
TKT-07631,Access/Login,Medium,Closed,Marketing,Suresh Kumar,2023-05-15 21:45:17,2023-05-18 02:45:17,53.0,Yes,No
TKT-07632,Software,Low,Resolved,Operations,Suresh Kumar,2023-11-18 21:32:52,2023-11-21 22:32:52,73.0,Yes,Yes
TKT-07633,Software,High,Resolved,Marketing,Amit Sharma,2023-04-22 08:33:55,2023-04-22 17:33:55,9.0,No,Yes
TKT-07634,Email,Medium,Open,HR,Suresh Kumar,2023-01-14 23:28:28,,,,Yes
TKT-07635,Software,Medium,Open,IT,Rohit Verma,2023-09-10 00:36:59,,,,Yes
TKT-07636,Printer,High,Resolved,Sales,Amit Sharma,2024-02-11 21:44:40,2024-02-12 09:44:40,12.0,No,Yes
TKT-07637,Software,High,Resolved,IT,Amit Sharma,2024-05-15 23:49:24,2024-05-16 20:49:24,21.0,No,No
TKT-07638,Email,Low,Closed,IT,Anjali Mehta,2023-02-17 05:08:13,2023-02-20 20:08:13,87.0,Yes,No
TKT-07639,Access/Login,Low,Closed,HR,Vikram Joshi,2024-06-08 07:20:17,2024-06-11 21:20:17,86.0,Yes,Yes
TKT-07640,Email,High,Closed,IT,Rohit Verma,2023-12-12 11:59:18,2023-12-13 06:59:18,19.0,No,No
TKT-07641,Access/Login,Low,Closed,IT,Amit Sharma,2023-03-04 10:12:39,2023-03-07 00:12:39,62.0,No,Yes
TKT-07642,Access/Login,Medium,Resolved,HR,Neha Gupta,2024-02-01 06:54:49,2024-02-02 07:54:49,25.0,No,No
TKT-07643,Access/Login,High,Closed,Marketing,Rohit Verma,2023-04-19 09:59:46,2023-04-19 23:59:46,14.0,No,No
TKT-07644,Hardware,Medium,Resolved,Operations,Anjali Mehta,2023-06-25 16:05:49,2023-06-27 02:05:49,34.0,No,Yes
TKT-07645,Printer,Low,Closed,HR,Anjali Mehta,2024-05-21 08:09:32,2024-05-22 11:09:32,27.0,No,No
TKT-07646,Access/Login,High,Resolved,Sales,Amit Sharma,2024-04-07 21:39:31,2024-04-08 14:39:31,17.0,No,Yes
TKT-07647,Network,Low,Resolved,Sales,Rohit Verma,2023-10-20 13:09:42,2023-10-23 19:09:42,78.0,Yes,No
TKT-07648,Email,Medium,In Progress,IT,Suresh Kumar,2024-10-01 07:16:53,,,,No
TKT-07649,Hardware,Low,Closed,Operations,Priya Singh,2023-03-25 14:02:23,2023-03-28 19:02:23,77.0,Yes,Yes
TKT-07650,Network,High,Resolved,Finance,Amit Sharma,2023-02-25 02:45:34,2023-02-25 12:45:34,10.0,No,Yes
TKT-07651,Printer,High,Open,Finance,Suresh Kumar,2024-03-20 23:23:41,,,,No
TKT-07652,Network,Low,Resolved,Sales,Neha Gupta,2023-08-13 09:41:49,2023-08-16 15:41:49,78.0,Yes,Yes
TKT-07653,Network,High,In Progress,Finance,Priya Singh,2023-02-15 22:43:21,,,,No
TKT-07654,Software,Low,Closed,Operations,Amit Sharma,2024-10-20 08:14:48,2024-10-22 00:14:48,40.0,No,Yes
TKT-07655,Network,Medium,Closed,Legal,Priya Singh,2024-06-19 15:50:59,2024-06-22 01:50:59,58.0,Yes,No
TKT-07656,Email,Medium,In Progress,IT,Suresh Kumar,2024-06-17 15:15:58,,,,No
TKT-07657,Printer,Medium,Resolved,IT,Suresh Kumar,2024-06-05 12:13:05,2024-06-07 05:13:05,41.0,No,No
TKT-07658,Printer,High,Closed,Marketing,Anjali Mehta,2023-05-20 21:08:02,2023-05-22 00:08:02,27.0,Yes,Yes
TKT-07659,Access/Login,Medium,Resolved,HR,Suresh Kumar,2024-04-13 22:49:43,2024-04-15 02:49:43,28.0,No,Yes
TKT-07660,Hardware,Low,Open,IT,Anjali Mehta,2024-06-18 00:02:46,,,,No
TKT-07661,Software,Low,In Progress,Marketing,Anjali Mehta,2023-02-05 02:08:04,,,,Yes
TKT-07662,Hardware,Medium,Closed,Legal,Suresh Kumar,2023-12-27 06:23:07,2023-12-28 10:23:07,28.0,No,No
TKT-07663,Hardware,High,Resolved,HR,Rohit Verma,2023-11-14 17:28:40,2023-11-15 21:28:40,28.0,Yes,No
TKT-07664,Printer,Low,In Progress,Sales,Anjali Mehta,2024-09-15 22:37:12,,,,Yes
TKT-07665,Access/Login,Low,Open,Legal,Priya Singh,2024-10-24 21:09:38,,,,No
TKT-07666,Network,Medium,Resolved,Operations,Priya Singh,2024-02-29 05:26:29,2024-03-02 06:26:29,49.0,Yes,No
TKT-07667,Software,Medium,Resolved,Finance,Anjali Mehta,2023-10-22 23:48:17,2023-10-25 01:48:17,50.0,Yes,Yes
TKT-07668,Printer,Medium,Resolved,Legal,Priya Singh,2024-12-16 04:21:39,2024-12-18 07:21:39,51.0,Yes,No
TKT-07669,Email,Low,Closed,Finance,Anjali Mehta,2024-06-28 16:11:02,2024-07-01 13:11:02,69.0,No,No
TKT-07670,Access/Login,Medium,In Progress,IT,Neha Gupta,2024-12-17 01:19:35,,,,No
TKT-07671,Network,Low,Closed,Operations,Rohit Verma,2023-04-26 23:51:39,2023-04-28 04:51:39,29.0,No,No
TKT-07672,Email,Medium,Closed,HR,Neha Gupta,2023-07-24 20:23:09,2023-07-25 23:23:09,27.0,No,No
TKT-07673,Access/Login,High,Closed,Marketing,Anjali Mehta,2023-04-20 15:30:53,2023-04-21 04:30:53,13.0,No,No
TKT-07674,Network,Medium,Closed,Operations,Priya Singh,2023-01-03 11:20:36,2023-01-04 00:20:36,13.0,No,No
TKT-07675,Software,Low,Closed,Finance,Vikram Joshi,2023-01-29 22:52:43,2023-02-02 14:52:43,88.0,Yes,Yes
TKT-07676,Hardware,Medium,Resolved,Marketing,Suresh Kumar,2023-03-17 04:31:20,2023-03-17 22:31:20,18.0,No,No
TKT-07677,Hardware,Medium,Resolved,IT,Priya Singh,2023-12-09 21:08:29,2023-12-11 18:08:29,45.0,No,Yes
TKT-07678,Network,Medium,Resolved,IT,Neha Gupta,2023-02-18 14:49:24,2023-02-19 23:49:24,33.0,No,Yes
TKT-07679,Email,Medium,Closed,HR,Priya Singh,2023-06-02 15:55:11,2023-06-04 05:55:11,38.0,No,No
TKT-07680,Software,Medium,Open,IT,Amit Sharma,2023-09-01 22:29:59,,,,No
TKT-07681,Email,Medium,Resolved,Marketing,Vikram Joshi,2024-04-10 11:44:06,2024-04-12 14:44:06,51.0,Yes,No
TKT-07682,Network,Medium,Resolved,Legal,Vikram Joshi,2024-07-30 15:04:50,2024-08-01 02:04:50,35.0,No,No
TKT-07683,Access/Login,Low,Open,IT,Priya Singh,2024-09-28 02:41:00,,,,Yes
TKT-07684,Hardware,Medium,Resolved,Sales,Vikram Joshi,2024-03-20 04:20:53,2024-03-21 07:20:53,27.0,No,No
TKT-07685,Software,Low,Open,Marketing,Vikram Joshi,2023-09-24 01:33:02,,,,Yes
TKT-07686,Printer,Medium,Closed,IT,Suresh Kumar,2024-11-11 17:05:29,2024-11-13 08:05:29,39.0,No,No
TKT-07687,Printer,Medium,Resolved,HR,Anjali Mehta,2023-11-24 11:05:26,2023-11-25 19:05:26,32.0,No,No
TKT-07688,Hardware,High,Resolved,HR,Vikram Joshi,2024-08-22 16:54:48,2024-08-23 01:54:48,9.0,No,No
TKT-07689,Access/Login,Medium,Resolved,Legal,Anjali Mehta,2024-06-14 18:38:36,2024-06-15 22:38:36,28.0,No,No
TKT-07690,Software,Medium,Resolved,Finance,Rohit Verma,2023-09-05 00:38:37,2023-09-06 04:38:37,28.0,No,No
TKT-07691,Printer,Medium,Closed,Sales,Anjali Mehta,2024-01-27 08:08:39,2024-01-29 00:08:39,40.0,No,Yes
TKT-07692,Network,Low,Closed,Finance,Amit Sharma,2024-12-27 01:59:01,2024-12-28 10:59:01,33.0,No,No
TKT-07693,Printer,Low,Resolved,HR,Suresh Kumar,2024-11-02 16:51:27,2024-11-03 08:51:27,16.0,No,Yes
TKT-07694,Printer,Low,Closed,HR,Anjali Mehta,2024-11-22 22:09:06,2024-11-26 04:09:06,78.0,Yes,No
TKT-07695,Network,Medium,Closed,Finance,Rohit Verma,2024-04-04 13:57:44,2024-04-05 03:57:44,14.0,No,No
TKT-07696,Software,High,Resolved,Finance,Anjali Mehta,2024-06-19 01:14:20,2024-06-20 04:14:20,27.0,Yes,No
TKT-07697,Access/Login,Medium,Open,Sales,Suresh Kumar,2023-02-09 19:22:50,,,,No
TKT-07698,Email,Medium,Closed,IT,Suresh Kumar,2023-08-02 22:58:36,2023-08-05 07:58:36,57.0,Yes,No
TKT-07699,Software,Low,In Progress,IT,Rohit Verma,2023-12-15 04:35:12,,,,No
TKT-07700,Access/Login,Low,Resolved,Marketing,Priya Singh,2023-11-12 21:24:55,2023-11-15 18:24:55,69.0,No,Yes
TKT-07701,Network,Critical,Resolved,Operations,Suresh Kumar,2024-06-19 23:35:55,2024-06-20 08:35:55,9.0,Yes,No
TKT-07702,Email,High,Closed,IT,Neha Gupta,2024-08-30 07:01:35,2024-08-30 18:01:35,11.0,No,No
TKT-07703,Email,Low,Resolved,IT,Priya Singh,2024-09-26 16:47:48,2024-09-29 08:47:48,64.0,No,No
TKT-07704,Email,High,In Progress,Operations,Suresh Kumar,2023-06-26 02:53:10,,,,No
TKT-07705,Network,Medium,In Progress,Finance,Amit Sharma,2024-05-17 17:08:44,,,,No
TKT-07706,Software,Medium,Resolved,Finance,Neha Gupta,2023-10-13 00:24:43,2023-10-14 18:24:43,42.0,No,No
TKT-07707,Hardware,Medium,Resolved,HR,Priya Singh,2023-03-21 06:24:17,2023-03-21 13:24:17,7.0,No,No
TKT-07708,Network,Medium,In Progress,Marketing,Anjali Mehta,2023-10-29 17:06:52,,,,Yes
TKT-07709,Access/Login,Medium,Resolved,Sales,Vikram Joshi,2024-02-28 01:22:47,2024-03-01 03:22:47,50.0,Yes,No
TKT-07710,Software,Critical,Resolved,HR,Vikram Joshi,2023-07-10 22:50:37,2023-07-11 06:50:37,8.0,Yes,No
TKT-07711,Access/Login,Medium,Resolved,HR,Vikram Joshi,2023-03-31 00:19:38,2023-03-31 18:19:38,18.0,No,No
TKT-07712,Printer,Medium,Resolved,Sales,Vikram Joshi,2024-09-26 22:31:12,2024-09-28 11:31:12,37.0,No,No
TKT-07713,Software,Low,Resolved,Sales,Suresh Kumar,2024-01-05 12:34:49,2024-01-07 13:34:49,49.0,No,No
TKT-07714,Hardware,High,Open,Finance,Priya Singh,2023-04-21 20:05:41,,,,No
TKT-07715,Network,Low,Closed,IT,Priya Singh,2023-02-22 11:05:21,2023-02-23 04:05:21,17.0,No,No
TKT-07716,Network,Medium,Resolved,IT,Anjali Mehta,2023-09-23 02:02:02,2023-09-25 07:02:02,53.0,Yes,Yes
TKT-07717,Email,Medium,Resolved,Sales,Priya Singh,2023-04-03 03:51:52,2023-04-03 16:51:52,13.0,No,No
TKT-07718,Software,Medium,In Progress,Operations,Suresh Kumar,2023-11-21 23:21:45,,,,No
TKT-07719,Software,Medium,Resolved,Operations,Amit Sharma,2023-10-29 11:29:07,2023-10-29 23:29:07,12.0,No,Yes
TKT-07720,Access/Login,Low,Resolved,HR,Neha Gupta,2023-09-23 18:56:37,2023-09-26 19:56:37,73.0,Yes,Yes
TKT-07721,Network,Low,Closed,Sales,Rohit Verma,2024-04-28 23:11:39,2024-05-01 21:11:39,70.0,No,Yes
TKT-07722,Access/Login,Low,Resolved,HR,Rohit Verma,2024-06-30 08:30:32,2024-07-02 23:30:32,63.0,No,Yes
TKT-07723,Software,Low,Resolved,Sales,Priya Singh,2023-09-14 20:17:39,2023-09-17 07:17:39,59.0,No,No
TKT-07724,Email,High,Resolved,Finance,Suresh Kumar,2024-06-02 23:37:09,2024-06-03 17:37:09,18.0,No,Yes
TKT-07725,Network,Medium,Closed,Legal,Amit Sharma,2023-12-14 17:02:14,2023-12-14 22:02:14,5.0,No,No
TKT-07726,Email,Medium,Closed,IT,Priya Singh,2023-04-19 23:11:22,2023-04-20 16:11:22,17.0,No,No
TKT-07727,Printer,High,Resolved,Legal,Priya Singh,2024-06-19 07:34:01,2024-06-19 11:34:01,4.0,No,No
TKT-07728,Software,Medium,Resolved,Marketing,Amit Sharma,2023-12-17 08:34:18,2023-12-18 04:34:18,20.0,No,Yes
TKT-07729,Software,Critical,Closed,Legal,Suresh Kumar,2024-12-22 00:34:37,2024-12-22 07:34:37,7.0,Yes,Yes
TKT-07730,Access/Login,Critical,Open,Marketing,Anjali Mehta,2024-06-11 22:18:02,,,,No
TKT-07731,Access/Login,Medium,Open,Operations,Anjali Mehta,2023-07-14 19:16:28,,,,No
TKT-07732,Email,High,Closed,Legal,Rohit Verma,2023-06-08 09:29:22,2023-06-09 08:29:22,23.0,No,No
TKT-07733,Network,Medium,Resolved,Sales,Vikram Joshi,2023-10-03 11:42:40,2023-10-04 03:42:40,16.0,No,No
TKT-07734,Hardware,High,In Progress,IT,Amit Sharma,2023-08-11 18:23:54,,,,No
TKT-07735,Software,Low,In Progress,Sales,Priya Singh,2024-06-01 21:41:35,,,,Yes
TKT-07736,Email,Medium,Closed,Sales,Neha Gupta,2023-07-22 02:18:56,2023-07-23 16:18:56,38.0,No,Yes
TKT-07737,Hardware,Low,Resolved,Legal,Neha Gupta,2023-04-14 14:52:17,2023-04-15 14:52:17,24.0,No,No
TKT-07738,Hardware,Low,Open,Finance,Rohit Verma,2023-10-26 16:09:18,,,,No
TKT-07739,Email,High,Closed,IT,Priya Singh,2024-08-31 22:43:01,2024-09-02 01:43:01,27.0,Yes,Yes
TKT-07740,Access/Login,Medium,Closed,Operations,Suresh Kumar,2024-05-25 20:30:22,2024-05-27 23:30:22,51.0,Yes,Yes
TKT-07741,Access/Login,High,Closed,Finance,Neha Gupta,2023-10-31 08:30:45,2023-10-31 23:30:45,15.0,No,No
TKT-07742,Software,High,Resolved,Finance,Anjali Mehta,2024-04-02 10:13:05,2024-04-02 22:13:05,12.0,No,No
TKT-07743,Access/Login,High,In Progress,Finance,Anjali Mehta,2024-09-28 12:02:48,,,,Yes
TKT-07744,Printer,Medium,Resolved,Legal,Rohit Verma,2024-03-27 15:54:26,2024-03-29 14:54:26,47.0,No,No
TKT-07745,Network,High,Closed,Sales,Neha Gupta,2024-01-01 02:35:00,2024-01-01 21:35:00,19.0,No,No
TKT-07746,Access/Login,Medium,Closed,Marketing,Anjali Mehta,2023-10-13 10:21:27,2023-10-14 17:21:27,31.0,No,No
TKT-07747,Network,Low,Closed,HR,Amit Sharma,2023-07-22 10:11:19,2023-07-22 20:11:19,10.0,No,Yes
TKT-07748,Software,High,In Progress,Sales,Priya Singh,2023-04-05 02:06:21,,,,No
TKT-07749,Printer,Low,Closed,Finance,Suresh Kumar,2024-12-09 15:27:33,2024-12-10 23:27:33,32.0,No,No
TKT-07750,Network,High,In Progress,Marketing,Suresh Kumar,2023-11-14 21:37:39,,,,No
TKT-07751,Software,Medium,Resolved,Finance,Anjali Mehta,2024-04-21 22:08:05,2024-04-22 20:08:05,22.0,No,Yes
TKT-07752,Hardware,Medium,Resolved,IT,Neha Gupta,2024-12-28 08:59:37,2024-12-29 18:59:37,34.0,No,Yes
TKT-07753,Access/Login,Low,Closed,HR,Amit Sharma,2023-04-10 01:42:30,2023-04-10 13:42:30,12.0,No,No
TKT-07754,Hardware,Medium,Resolved,Marketing,Anjali Mehta,2023-03-29 08:19:59,2023-03-30 20:19:59,36.0,No,No
TKT-07755,Email,Low,In Progress,Sales,Suresh Kumar,2024-07-28 14:05:37,,,,Yes
TKT-07756,Software,Medium,Closed,Marketing,Neha Gupta,2024-07-08 06:34:45,2024-07-08 16:34:45,10.0,No,No
TKT-07757,Printer,Medium,Closed,Marketing,Amit Sharma,2023-05-27 09:31:27,2023-05-28 20:31:27,35.0,No,Yes
TKT-07758,Network,Medium,Resolved,Marketing,Priya Singh,2024-02-04 11:17:05,2024-02-06 00:17:05,37.0,No,Yes
TKT-07759,Printer,High,Resolved,Finance,Neha Gupta,2024-04-23 12:48:40,2024-04-24 13:48:40,25.0,Yes,No
TKT-07760,Network,Low,Resolved,Marketing,Rohit Verma,2023-05-25 08:14:14,2023-05-25 20:14:14,12.0,No,No
TKT-07761,Printer,Medium,Resolved,Sales,Anjali Mehta,2023-07-21 09:09:20,2023-07-23 20:09:20,59.0,Yes,No
TKT-07762,Network,Low,Resolved,IT,Anjali Mehta,2023-02-28 23:47:25,2023-03-02 20:47:25,45.0,No,No
TKT-07763,Hardware,Medium,Open,IT,Priya Singh,2024-04-14 09:55:14,,,,Yes
TKT-07764,Printer,Low,Resolved,Sales,Priya Singh,2024-08-13 17:10:47,2024-08-16 06:10:47,61.0,No,No
TKT-07765,Printer,High,Resolved,Finance,Neha Gupta,2023-07-15 00:04:09,2023-07-15 04:04:09,4.0,No,Yes
TKT-07766,Email,Low,Resolved,Marketing,Anjali Mehta,2024-07-29 13:37:51,2024-08-01 12:37:51,71.0,No,No
TKT-07767,Printer,Medium,Closed,Marketing,Amit Sharma,2023-06-12 23:05:06,2023-06-15 00:05:06,49.0,Yes,No
TKT-07768,Hardware,Medium,Closed,IT,Amit Sharma,2024-03-03 17:57:06,2024-03-04 21:57:06,28.0,No,Yes
TKT-07769,Hardware,Low,Closed,Operations,Priya Singh,2024-12-16 01:12:49,2024-12-19 09:12:49,80.0,Yes,No
TKT-07770,Printer,Low,Resolved,Operations,Neha Gupta,2024-08-13 16:34:54,2024-08-15 16:34:54,48.0,No,No
TKT-07771,Software,Low,Resolved,Finance,Priya Singh,2024-05-20 05:21:00,2024-05-22 15:21:00,58.0,No,No
TKT-07772,Email,High,In Progress,Operations,Anjali Mehta,2024-09-08 00:54:13,,,,Yes
TKT-07773,Email,Medium,Resolved,IT,Rohit Verma,2024-04-18 20:07:50,2024-04-20 11:07:50,39.0,No,No
TKT-07774,Network,Critical,Closed,Legal,Suresh Kumar,2024-07-13 15:54:02,2024-07-13 18:54:02,3.0,No,Yes
TKT-07775,Software,Low,Open,Legal,Suresh Kumar,2023-02-05 19:25:51,,,,Yes
TKT-07776,Network,Medium,Resolved,HR,Priya Singh,2024-06-01 00:07:05,2024-06-02 15:07:05,39.0,No,Yes
TKT-07777,Access/Login,Medium,Closed,Finance,Rohit Verma,2023-06-25 02:53:23,2023-06-26 22:53:23,44.0,No,Yes
TKT-07778,Email,Medium,Open,Sales,Suresh Kumar,2024-08-12 14:15:07,,,,No
TKT-07779,Software,Medium,In Progress,IT,Vikram Joshi,2024-10-02 01:27:44,,,,No
TKT-07780,Network,Low,Closed,Marketing,Anjali Mehta,2023-09-24 01:04:26,2023-09-25 11:04:26,34.0,No,Yes
TKT-07781,Email,Low,Closed,HR,Neha Gupta,2023-05-08 00:43:42,2023-05-10 19:43:42,67.0,No,No
TKT-07782,Hardware,Low,Resolved,HR,Neha Gupta,2024-02-29 03:46:02,2024-03-01 17:46:02,38.0,No,No
TKT-07783,Network,Medium,Closed,Sales,Amit Sharma,2024-11-04 16:23:51,2024-11-06 13:23:51,45.0,No,No
TKT-07784,Email,Low,Closed,HR,Vikram Joshi,2024-08-05 12:24:31,2024-08-06 05:24:31,17.0,No,No
TKT-07785,Hardware,Low,Resolved,Legal,Anjali Mehta,2024-12-30 08:23:34,2024-12-31 15:23:34,31.0,No,No
TKT-07786,Email,Medium,Resolved,HR,Amit Sharma,2024-09-18 15:22:19,2024-09-20 18:22:19,51.0,Yes,No
TKT-07787,Printer,Medium,Resolved,Marketing,Anjali Mehta,2023-11-04 08:39:45,2023-11-06 20:39:45,60.0,Yes,Yes
TKT-07788,Email,Low,Closed,Finance,Rohit Verma,2024-11-12 19:12:10,2024-11-14 17:12:10,46.0,No,No
TKT-07789,Printer,Medium,Resolved,IT,Amit Sharma,2024-10-17 14:22:42,2024-10-19 17:22:42,51.0,Yes,No
TKT-07790,Access/Login,Medium,Open,Sales,Anjali Mehta,2024-10-11 12:43:23,,,,No
TKT-07791,Software,Critical,In Progress,Operations,Vikram Joshi,2024-02-13 20:58:56,,,,No
TKT-07792,Printer,Critical,Resolved,Operations,Neha Gupta,2023-04-16 09:02:53,2023-04-16 19:02:53,10.0,Yes,Yes
TKT-07793,Hardware,High,Closed,Finance,Suresh Kumar,2023-12-22 09:03:36,2023-12-23 10:03:36,25.0,Yes,No
TKT-07794,Network,Medium,Closed,Operations,Anjali Mehta,2024-02-21 23:27:28,2024-02-23 04:27:28,29.0,No,No
TKT-07795,Software,Medium,Resolved,Operations,Suresh Kumar,2023-05-22 14:23:48,2023-05-23 19:23:48,29.0,No,No
TKT-07796,Email,High,Closed,IT,Vikram Joshi,2024-01-05 16:50:23,2024-01-05 18:50:23,2.0,No,No
TKT-07797,Printer,Medium,Closed,Sales,Neha Gupta,2024-08-29 06:07:41,2024-08-30 21:07:41,39.0,No,No
TKT-07798,Network,High,Resolved,Marketing,Rohit Verma,2024-02-04 14:14:35,2024-02-05 07:14:35,17.0,No,Yes
TKT-07799,Access/Login,Low,Closed,Legal,Anjali Mehta,2023-12-31 02:19:34,2024-01-03 04:19:34,74.0,Yes,Yes
TKT-07800,Network,Low,Open,Operations,Priya Singh,2024-11-22 15:25:52,,,,No
TKT-07801,Access/Login,Low,In Progress,Operations,Priya Singh,2023-03-08 18:00:51,,,,No
TKT-07802,Printer,Low,Closed,Finance,Neha Gupta,2023-01-17 05:52:50,2023-01-20 06:52:50,73.0,Yes,No
TKT-07803,Network,Medium,Resolved,Marketing,Vikram Joshi,2023-12-01 20:18:54,2023-12-03 00:18:54,28.0,No,No
TKT-07804,Hardware,High,Closed,Finance,Amit Sharma,2023-05-28 19:34:15,2023-05-29 01:34:15,6.0,No,Yes
TKT-07805,Software,Low,Closed,Operations,Vikram Joshi,2023-02-28 22:22:58,2023-03-03 16:22:58,66.0,No,No
TKT-07806,Software,High,Closed,HR,Priya Singh,2023-03-22 12:14:32,2023-03-23 11:14:32,23.0,No,No
TKT-07807,Network,High,Open,IT,Neha Gupta,2024-10-11 11:39:55,,,,No
TKT-07808,Email,Medium,Resolved,Legal,Anjali Mehta,2023-04-04 00:58:05,2023-04-05 09:58:05,33.0,No,No
TKT-07809,Printer,Low,Closed,Operations,Vikram Joshi,2024-03-10 11:21:39,2024-03-10 22:21:39,11.0,No,Yes
TKT-07810,Printer,Medium,Resolved,Marketing,Rohit Verma,2024-05-22 00:24:42,2024-05-24 06:24:42,54.0,Yes,No
TKT-07811,Email,Low,Open,Sales,Vikram Joshi,2023-09-11 06:47:22,,,,No
TKT-07812,Network,Medium,Resolved,HR,Amit Sharma,2023-02-08 06:15:25,2023-02-10 11:15:25,53.0,Yes,No
TKT-07813,Network,Medium,Closed,Legal,Suresh Kumar,2023-10-28 02:22:42,2023-10-28 22:22:42,20.0,No,Yes
TKT-07814,Access/Login,Medium,Closed,Marketing,Vikram Joshi,2023-01-11 07:50:09,2023-01-13 03:50:09,44.0,No,No
TKT-07815,Access/Login,Critical,Closed,Legal,Anjali Mehta,2023-04-04 16:46:50,2023-04-04 21:46:50,5.0,Yes,No
TKT-07816,Hardware,Medium,Resolved,Operations,Anjali Mehta,2024-07-29 21:33:44,2024-07-30 05:33:44,8.0,No,No
TKT-07817,Software,High,Resolved,Legal,Neha Gupta,2023-04-05 01:52:14,2023-04-05 04:52:14,3.0,No,No
TKT-07818,Printer,High,Resolved,IT,Amit Sharma,2024-09-17 12:55:59,2024-09-17 14:55:59,2.0,No,No
TKT-07819,Network,High,Closed,Operations,Priya Singh,2023-07-02 19:43:11,2023-07-03 22:43:11,27.0,Yes,Yes
TKT-07820,Email,High,Closed,Marketing,Amit Sharma,2023-12-29 08:26:00,2023-12-29 12:26:00,4.0,No,No
TKT-07821,Hardware,Critical,Closed,IT,Amit Sharma,2023-09-13 12:08:01,2023-09-13 17:08:01,5.0,Yes,No
TKT-07822,Access/Login,Low,In Progress,HR,Neha Gupta,2023-11-07 03:32:33,,,,No
TKT-07823,Printer,Low,Resolved,IT,Vikram Joshi,2024-08-30 14:44:39,2024-09-01 20:44:39,54.0,No,No
TKT-07824,Hardware,High,Resolved,Finance,Vikram Joshi,2024-03-27 14:57:32,2024-03-28 03:57:32,13.0,No,No
TKT-07825,Hardware,Medium,In Progress,Sales,Anjali Mehta,2024-03-16 23:37:56,,,,Yes
TKT-07826,Access/Login,Low,Closed,IT,Priya Singh,2024-03-15 10:04:44,2024-03-17 01:04:44,39.0,No,No
TKT-07827,Email,Medium,Resolved,IT,Rohit Verma,2023-12-10 18:49:33,2023-12-11 12:49:33,18.0,No,Yes
TKT-07828,Network,High,Resolved,Operations,Amit Sharma,2023-10-10 01:26:57,2023-10-10 10:26:57,9.0,No,No
TKT-07829,Network,Medium,Open,Marketing,Neha Gupta,2023-09-14 16:27:44,,,,No
TKT-07830,Access/Login,Medium,Resolved,Legal,Priya Singh,2023-01-19 10:45:35,2023-01-19 19:45:35,9.0,No,No
TKT-07831,Software,Low,Open,Operations,Neha Gupta,2024-08-17 02:58:11,,,,Yes
TKT-07832,Printer,High,Resolved,HR,Suresh Kumar,2023-01-21 12:26:37,2023-01-21 22:26:37,10.0,No,Yes
TKT-07833,Network,High,Resolved,Operations,Rohit Verma,2023-03-22 19:31:06,2023-03-23 03:31:06,8.0,No,No
TKT-07834,Software,Medium,Resolved,Marketing,Neha Gupta,2024-02-09 22:50:25,2024-02-10 09:50:25,11.0,No,No
TKT-07835,Software,Critical,Resolved,HR,Rohit Verma,2024-08-10 05:11:53,2024-08-10 07:11:53,2.0,No,Yes
TKT-07836,Software,Medium,In Progress,Legal,Rohit Verma,2023-09-04 19:42:28,,,,No
TKT-07837,Printer,Low,Closed,HR,Suresh Kumar,2023-07-09 10:20:38,2023-07-10 16:20:38,30.0,No,Yes
TKT-07838,Hardware,Critical,Resolved,IT,Vikram Joshi,2023-09-08 10:06:18,2023-09-08 13:06:18,3.0,No,No
TKT-07839,Printer,Low,In Progress,IT,Priya Singh,2023-10-07 22:23:30,,,,Yes
TKT-07840,Email,Medium,Resolved,Legal,Amit Sharma,2024-08-03 05:21:38,2024-08-05 06:21:38,49.0,Yes,Yes
TKT-07841,Software,High,In Progress,Marketing,Amit Sharma,2023-02-03 05:18:11,,,,No
TKT-07842,Hardware,High,Resolved,Legal,Priya Singh,2023-06-04 02:55:05,2023-06-04 20:55:05,18.0,No,Yes
TKT-07843,Printer,Medium,Resolved,HR,Neha Gupta,2024-06-14 05:29:25,2024-06-15 22:29:25,41.0,No,No
TKT-07844,Access/Login,Medium,Closed,Operations,Neha Gupta,2023-09-22 03:13:12,2023-09-23 15:13:12,36.0,No,No
TKT-07845,Hardware,Medium,Closed,Legal,Priya Singh,2023-06-10 17:39:41,2023-06-11 12:39:41,19.0,No,Yes
TKT-07846,Email,Low,Closed,Sales,Priya Singh,2024-01-26 07:06:35,2024-01-27 03:06:35,20.0,No,No
TKT-07847,Access/Login,Low,Closed,Legal,Neha Gupta,2023-06-07 18:33:55,2023-06-08 21:33:55,27.0,No,No
TKT-07848,Printer,High,Resolved,Sales,Anjali Mehta,2024-09-27 03:06:56,2024-09-27 13:06:56,10.0,No,No
TKT-07849,Network,High,Closed,HR,Vikram Joshi,2024-01-01 03:18:11,2024-01-01 10:18:11,7.0,No,No
TKT-07850,Printer,Medium,Resolved,Operations,Anjali Mehta,2023-08-14 09:47:39,2023-08-15 08:47:39,23.0,No,No
TKT-07851,Email,Low,In Progress,IT,Priya Singh,2024-11-19 17:31:02,,,,No
TKT-07852,Hardware,Low,Resolved,Marketing,Rohit Verma,2023-06-23 22:36:23,2023-06-26 16:36:23,66.0,No,No
TKT-07853,Software,Critical,In Progress,Sales,Priya Singh,2024-08-09 03:07:08,,,,No
TKT-07854,Printer,Low,Closed,HR,Priya Singh,2024-06-12 01:43:19,2024-06-14 06:43:19,53.0,No,No
TKT-07855,Network,Critical,In Progress,Legal,Neha Gupta,2023-12-23 11:09:49,,,,Yes
TKT-07856,Email,Low,Resolved,Sales,Anjali Mehta,2024-11-16 08:03:04,2024-11-17 05:03:04,21.0,No,Yes
TKT-07857,Software,Low,Resolved,Sales,Neha Gupta,2024-01-12 21:35:19,2024-01-16 10:35:19,85.0,Yes,No
TKT-07858,Access/Login,Medium,Resolved,Sales,Priya Singh,2023-10-26 16:41:12,2023-10-28 10:41:12,42.0,No,No
TKT-07859,Network,Low,Resolved,Operations,Vikram Joshi,2023-10-14 03:46:38,2023-10-15 18:46:38,39.0,No,Yes
TKT-07860,Hardware,Medium,Closed,Sales,Amit Sharma,2024-07-27 15:49:05,2024-07-29 13:49:05,46.0,No,Yes
TKT-07861,Access/Login,Medium,In Progress,Sales,Neha Gupta,2023-03-06 14:25:59,,,,No
TKT-07862,Printer,Medium,Resolved,IT,Neha Gupta,2023-07-30 00:45:30,2023-07-31 03:45:30,27.0,No,Yes
TKT-07863,Hardware,High,In Progress,Finance,Amit Sharma,2023-01-19 11:41:01,,,,No
TKT-07864,Access/Login,Critical,Resolved,Legal,Rohit Verma,2023-10-07 02:15:46,2023-10-07 07:15:46,5.0,Yes,Yes
TKT-07865,Email,Low,In Progress,IT,Amit Sharma,2024-06-28 12:14:35,,,,No
TKT-07866,Hardware,Medium,Resolved,Finance,Anjali Mehta,2023-08-09 03:14:46,2023-08-11 15:14:46,60.0,Yes,No
TKT-07867,Email,Low,Closed,Marketing,Suresh Kumar,2023-08-30 20:36:10,2023-08-31 06:36:10,10.0,No,No
TKT-07868,Software,Low,Resolved,Legal,Priya Singh,2023-12-21 01:32:31,2023-12-23 08:32:31,55.0,No,No
TKT-07869,Hardware,Medium,Open,Sales,Vikram Joshi,2024-03-26 09:38:22,,,,No
TKT-07870,Printer,Low,Closed,Finance,Amit Sharma,2024-12-27 17:33:26,2024-12-28 23:33:26,30.0,No,No
TKT-07871,Software,Medium,In Progress,HR,Priya Singh,2024-05-05 13:48:50,,,,Yes
TKT-07872,Printer,Critical,Resolved,Operations,Suresh Kumar,2023-12-06 07:26:04,2023-12-06 15:26:04,8.0,Yes,No
TKT-07873,Email,Critical,Closed,Operations,Suresh Kumar,2024-03-30 07:58:56,2024-03-30 17:58:56,10.0,Yes,Yes
TKT-07874,Printer,High,Closed,Finance,Priya Singh,2023-07-14 18:23:18,2023-07-14 21:23:18,3.0,No,No
TKT-07875,Software,High,Resolved,Operations,Amit Sharma,2023-09-07 02:36:41,2023-09-08 00:36:41,22.0,No,No
TKT-07876,Hardware,Low,Closed,HR,Neha Gupta,2023-10-03 15:56:13,2023-10-04 14:56:13,23.0,No,No
TKT-07877,Access/Login,Medium,Resolved,IT,Amit Sharma,2024-06-25 17:07:07,2024-06-27 06:07:07,37.0,No,No
TKT-07878,Email,Medium,Closed,Marketing,Amit Sharma,2024-07-23 04:35:35,2024-07-24 05:35:35,25.0,No,No
TKT-07879,Hardware,High,Resolved,Legal,Suresh Kumar,2023-11-24 07:27:44,2023-11-24 10:27:44,3.0,No,No
TKT-07880,Email,Medium,Closed,Marketing,Rohit Verma,2023-05-06 23:07:25,2023-05-07 21:07:25,22.0,No,Yes
TKT-07881,Access/Login,Low,In Progress,HR,Priya Singh,2024-07-11 14:26:10,,,,No
TKT-07882,Printer,Medium,Resolved,Marketing,Rohit Verma,2023-12-05 20:50:00,2023-12-07 20:50:00,48.0,No,No
TKT-07883,Hardware,Low,Closed,IT,Suresh Kumar,2024-08-13 03:15:24,2024-08-15 00:15:24,45.0,No,No
TKT-07884,Network,High,Closed,Operations,Anjali Mehta,2024-01-19 22:17:14,2024-01-20 21:17:14,23.0,No,No
TKT-07885,Printer,Medium,Resolved,Marketing,Vikram Joshi,2023-05-28 00:28:09,2023-05-30 08:28:09,56.0,Yes,Yes
TKT-07886,Printer,High,Resolved,Operations,Suresh Kumar,2024-12-21 17:30:20,2024-12-22 10:30:20,17.0,No,Yes
TKT-07887,Email,Medium,Closed,Marketing,Neha Gupta,2024-10-11 01:42:14,2024-10-11 08:42:14,7.0,No,No
TKT-07888,Email,High,Closed,Marketing,Anjali Mehta,2024-08-23 11:23:06,2024-08-24 00:23:06,13.0,No,No
TKT-07889,Software,Medium,Resolved,Sales,Suresh Kumar,2024-11-10 19:10:37,2024-11-11 07:10:37,12.0,No,Yes
TKT-07890,Software,Low,Resolved,Sales,Vikram Joshi,2024-11-08 04:41:58,2024-11-11 22:41:58,90.0,Yes,No
TKT-07891,Email,Critical,In Progress,Marketing,Neha Gupta,2024-04-06 15:04:12,,,,Yes
TKT-07892,Printer,Medium,Closed,Operations,Neha Gupta,2023-11-25 18:04:12,2023-11-26 23:04:12,29.0,No,Yes
TKT-07893,Network,Medium,Open,HR,Amit Sharma,2023-10-20 02:24:50,,,,No
TKT-07894,Network,Medium,Closed,HR,Suresh Kumar,2024-08-05 04:39:27,2024-08-07 07:39:27,51.0,Yes,No
TKT-07895,Network,Medium,Resolved,IT,Priya Singh,2023-02-28 01:32:42,2023-03-01 07:32:42,30.0,No,No
TKT-07896,Access/Login,Medium,Resolved,Finance,Amit Sharma,2024-04-08 14:15:19,2024-04-10 21:15:19,55.0,Yes,No
TKT-07897,Hardware,Critical,Closed,Marketing,Amit Sharma,2023-01-04 21:23:15,2023-01-04 23:23:15,2.0,No,No
TKT-07898,Hardware,Low,Resolved,Operations,Priya Singh,2023-06-11 13:29:27,2023-06-12 22:29:27,33.0,No,Yes
TKT-07899,Software,Low,Resolved,Sales,Suresh Kumar,2024-05-29 19:08:43,2024-05-31 21:08:43,50.0,No,No
TKT-07900,Email,Medium,Closed,Marketing,Suresh Kumar,2023-11-18 10:49:03,2023-11-19 23:49:03,37.0,No,Yes
TKT-07901,Network,Low,Resolved,HR,Rohit Verma,2023-04-29 01:30:19,2023-04-30 23:30:19,46.0,No,Yes
TKT-07902,Email,Medium,Closed,Marketing,Priya Singh,2023-12-21 08:39:13,2023-12-22 12:39:13,28.0,No,No
TKT-07903,Email,Critical,Resolved,Sales,Suresh Kumar,2023-01-13 21:16:45,2023-01-13 22:16:45,1.0,No,No
TKT-07904,Email,High,Resolved,HR,Neha Gupta,2023-10-24 20:48:41,2023-10-25 10:48:41,14.0,No,No
TKT-07905,Email,Low,Closed,Finance,Priya Singh,2024-04-03 15:40:10,2024-04-05 01:40:10,34.0,No,No
TKT-07906,Email,Critical,Resolved,Legal,Neha Gupta,2024-09-07 20:55:56,2024-09-08 00:55:56,4.0,No,Yes
TKT-07907,Printer,Low,Resolved,Sales,Suresh Kumar,2024-11-10 15:19:06,2024-11-14 02:19:06,83.0,Yes,Yes
TKT-07908,Network,Low,Resolved,IT,Neha Gupta,2024-06-19 00:24:45,2024-06-20 00:24:45,24.0,No,No
TKT-07909,Access/Login,Medium,Resolved,HR,Vikram Joshi,2024-02-07 02:47:43,2024-02-08 21:47:43,43.0,No,No
TKT-07910,Email,Medium,Resolved,IT,Rohit Verma,2024-04-29 18:56:57,2024-04-30 16:56:57,22.0,No,No
TKT-07911,Printer,Medium,Closed,HR,Suresh Kumar,2024-10-18 23:34:36,2024-10-21 11:34:36,60.0,Yes,No
TKT-07912,Access/Login,High,Resolved,Operations,Priya Singh,2024-08-14 02:22:17,2024-08-14 20:22:17,18.0,No,No
TKT-07913,Software,High,Resolved,Operations,Suresh Kumar,2024-07-01 23:20:04,2024-07-02 16:20:04,17.0,No,No
TKT-07914,Access/Login,Critical,Closed,Marketing,Priya Singh,2024-04-08 21:20:33,2024-04-09 07:20:33,10.0,Yes,No
TKT-07915,Access/Login,Low,Open,HR,Neha Gupta,2023-02-24 19:15:42,,,,No
TKT-07916,Access/Login,High,Resolved,Marketing,Priya Singh,2024-03-01 03:08:34,2024-03-01 21:08:34,18.0,No,No
TKT-07917,Hardware,Low,Closed,Legal,Suresh Kumar,2024-02-19 03:28:29,2024-02-20 03:28:29,24.0,No,No
TKT-07918,Access/Login,Medium,Open,Legal,Amit Sharma,2023-01-06 10:27:02,,,,No
TKT-07919,Network,Medium,Resolved,IT,Neha Gupta,2023-08-06 05:33:59,2023-08-06 13:33:59,8.0,No,Yes
TKT-07920,Network,Medium,Open,Sales,Neha Gupta,2023-02-24 19:16:33,,,,No
TKT-07921,Network,High,Closed,Legal,Neha Gupta,2023-07-20 15:53:39,2023-07-21 18:53:39,27.0,Yes,No
TKT-07922,Hardware,Medium,Resolved,Operations,Vikram Joshi,2024-06-10 01:41:55,2024-06-10 07:41:55,6.0,No,No
TKT-07923,Printer,High,Resolved,Operations,Amit Sharma,2023-07-11 05:47:06,2023-07-12 03:47:06,22.0,No,No
TKT-07924,Network,High,Resolved,Marketing,Anjali Mehta,2023-09-20 08:57:28,2023-09-21 12:57:28,28.0,Yes,No
TKT-07925,Access/Login,Medium,Closed,Legal,Suresh Kumar,2024-08-06 08:07:12,2024-08-08 17:07:12,57.0,Yes,No
TKT-07926,Email,Critical,Closed,Marketing,Amit Sharma,2024-05-05 10:07:45,2024-05-05 17:07:45,7.0,Yes,Yes
TKT-07927,Access/Login,Medium,Resolved,Sales,Anjali Mehta,2024-10-20 13:21:20,2024-10-21 05:21:20,16.0,No,Yes
TKT-07928,Hardware,High,Closed,IT,Suresh Kumar,2024-04-10 12:21:01,2024-04-10 14:21:01,2.0,No,No
TKT-07929,Network,High,Resolved,Finance,Rohit Verma,2024-06-28 04:16:09,2024-06-28 07:16:09,3.0,No,No
TKT-07930,Access/Login,Medium,Resolved,Sales,Amit Sharma,2024-07-10 23:44:51,2024-07-12 06:44:51,31.0,No,No
TKT-07931,Hardware,High,Closed,Finance,Neha Gupta,2023-04-10 04:58:20,2023-04-11 06:58:20,26.0,Yes,No
TKT-07932,Access/Login,Low,Open,Operations,Anjali Mehta,2023-10-12 17:08:36,,,,No
TKT-07933,Hardware,Low,In Progress,IT,Priya Singh,2023-05-14 06:37:01,,,,Yes
TKT-07934,Hardware,High,Resolved,Legal,Neha Gupta,2024-12-03 21:26:10,2024-12-04 09:26:10,12.0,No,No
TKT-07935,Software,High,In Progress,HR,Amit Sharma,2023-06-16 04:28:06,,,,No
TKT-07936,Printer,High,Resolved,Marketing,Amit Sharma,2023-04-21 16:25:13,2023-04-22 04:25:13,12.0,No,No
TKT-07937,Hardware,Low,In Progress,Marketing,Neha Gupta,2024-07-24 09:51:34,,,,No
TKT-07938,Access/Login,Low,In Progress,Marketing,Vikram Joshi,2023-08-29 05:22:55,,,,No
TKT-07939,Hardware,Medium,Resolved,Operations,Priya Singh,2024-12-14 18:18:33,2024-12-17 05:18:33,59.0,Yes,Yes
TKT-07940,Printer,Medium,Resolved,Finance,Anjali Mehta,2024-04-13 20:37:46,2024-04-16 02:37:46,54.0,Yes,Yes
TKT-07941,Email,Critical,Open,Finance,Neha Gupta,2023-03-29 23:13:15,,,,No
TKT-07942,Network,Low,Closed,Operations,Neha Gupta,2024-03-15 17:05:18,2024-03-17 11:05:18,42.0,No,No
TKT-07943,Hardware,Medium,Resolved,Operations,Priya Singh,2024-03-21 12:04:44,2024-03-22 06:04:44,18.0,No,No
TKT-07944,Hardware,Medium,In Progress,Marketing,Vikram Joshi,2023-09-16 01:50:38,,,,Yes
TKT-07945,Hardware,Medium,Open,HR,Vikram Joshi,2023-12-30 18:47:10,,,,Yes
TKT-07946,Printer,Low,Resolved,Legal,Vikram Joshi,2023-08-01 09:13:47,2023-08-03 18:13:47,57.0,No,No
TKT-07947,Email,Medium,In Progress,Marketing,Priya Singh,2024-01-23 14:13:17,,,,No
TKT-07948,Access/Login,Medium,Resolved,Sales,Rohit Verma,2023-02-09 16:01:28,2023-02-11 13:01:28,45.0,No,No
TKT-07949,Access/Login,High,In Progress,Legal,Anjali Mehta,2023-09-12 18:06:25,,,,No
TKT-07950,Access/Login,Medium,Resolved,IT,Amit Sharma,2024-01-15 03:48:56,2024-01-15 10:48:56,7.0,No,No
TKT-07951,Network,Medium,Resolved,Sales,Amit Sharma,2024-05-22 16:53:19,2024-05-24 01:53:19,33.0,No,No
TKT-07952,Network,Critical,Open,Marketing,Priya Singh,2024-01-17 09:50:53,,,,No
TKT-07953,Software,Low,Resolved,Finance,Neha Gupta,2023-10-31 10:06:03,2023-11-01 07:06:03,21.0,No,No
TKT-07954,Software,Critical,Closed,Finance,Anjali Mehta,2023-09-18 23:09:49,2023-09-19 09:09:49,10.0,Yes,No
TKT-07955,Email,Medium,Closed,Finance,Amit Sharma,2023-01-10 02:52:21,2023-01-10 11:52:21,9.0,No,No
TKT-07956,Email,Low,Closed,HR,Vikram Joshi,2023-04-22 17:24:57,2023-04-26 09:24:57,88.0,Yes,Yes
TKT-07957,Printer,Low,Open,IT,Anjali Mehta,2023-04-04 17:45:44,,,,No
TKT-07958,Printer,High,Resolved,Legal,Vikram Joshi,2023-11-20 18:49:37,2023-11-20 21:49:37,3.0,No,No
TKT-07959,Hardware,Medium,Resolved,Marketing,Vikram Joshi,2024-10-25 06:00:34,2024-10-26 12:00:34,30.0,No,No
TKT-07960,Network,Low,In Progress,Sales,Suresh Kumar,2023-06-17 20:37:57,,,,Yes
TKT-07961,Email,High,Closed,HR,Amit Sharma,2023-08-24 15:14:07,2023-08-25 19:14:07,28.0,Yes,No
TKT-07962,Network,Low,Closed,Finance,Priya Singh,2024-09-05 10:43:29,2024-09-08 06:43:29,68.0,No,No
TKT-07963,Software,High,In Progress,Marketing,Suresh Kumar,2024-07-25 03:08:21,,,,No
TKT-07964,Software,Medium,Closed,Operations,Vikram Joshi,2024-03-10 08:50:17,2024-03-11 20:50:17,36.0,No,Yes
TKT-07965,Email,High,Closed,Sales,Neha Gupta,2023-06-08 10:46:51,2023-06-09 00:46:51,14.0,No,No
TKT-07966,Network,Low,Resolved,Operations,Priya Singh,2023-04-06 19:25:11,2023-04-10 03:25:11,80.0,Yes,No
TKT-07967,Access/Login,Low,Resolved,Legal,Anjali Mehta,2023-05-31 19:55:55,2023-06-02 18:55:55,47.0,No,No
TKT-07968,Network,Medium,Closed,Marketing,Vikram Joshi,2024-04-16 23:44:27,2024-04-17 08:44:27,9.0,No,No
TKT-07969,Printer,Medium,Closed,IT,Suresh Kumar,2023-11-13 05:18:41,2023-11-14 21:18:41,40.0,No,No
TKT-07970,Software,Low,Closed,Marketing,Rohit Verma,2024-11-22 14:28:49,2024-11-26 01:28:49,83.0,Yes,No
TKT-07971,Access/Login,High,Closed,Sales,Suresh Kumar,2023-07-30 00:04:43,2023-07-30 13:04:43,13.0,No,Yes
TKT-07972,Email,High,Closed,Sales,Rohit Verma,2024-02-09 06:47:26,2024-02-09 16:47:26,10.0,No,No
TKT-07973,Hardware,Medium,Resolved,Operations,Anjali Mehta,2024-09-01 12:36:17,2024-09-01 22:36:17,10.0,No,Yes
TKT-07974,Access/Login,High,Resolved,Finance,Priya Singh,2023-05-12 23:22:08,2023-05-13 09:22:08,10.0,No,No
TKT-07975,Email,Low,Resolved,Sales,Anjali Mehta,2024-08-21 07:41:32,2024-08-23 19:41:32,60.0,No,No
TKT-07976,Software,High,Resolved,Sales,Rohit Verma,2023-08-12 10:22:34,2023-08-13 11:22:34,25.0,Yes,Yes
TKT-07977,Hardware,High,Resolved,Legal,Amit Sharma,2024-03-07 09:04:08,2024-03-08 01:04:08,16.0,No,No
TKT-07978,Printer,High,Resolved,Operations,Anjali Mehta,2023-06-02 14:49:31,2023-06-02 16:49:31,2.0,No,No
TKT-07979,Email,Medium,Resolved,IT,Suresh Kumar,2024-12-09 07:11:32,2024-12-09 22:11:32,15.0,No,No
TKT-07980,Network,Critical,In Progress,Operations,Amit Sharma,2023-09-22 15:03:23,,,,No
TKT-07981,Software,Medium,Resolved,Marketing,Suresh Kumar,2024-08-13 22:07:33,2024-08-15 11:07:33,37.0,No,No
TKT-07982,Printer,Medium,Resolved,Operations,Suresh Kumar,2024-08-16 01:48:57,2024-08-17 16:48:57,39.0,No,No
TKT-07983,Network,Low,Resolved,Operations,Amit Sharma,2024-04-17 20:07:48,2024-04-20 02:07:48,54.0,No,No
TKT-07984,Network,Medium,Resolved,Operations,Rohit Verma,2024-01-17 13:09:13,2024-01-19 19:09:13,54.0,Yes,No
TKT-07985,Software,Low,In Progress,Marketing,Vikram Joshi,2024-01-18 03:08:46,,,,No
TKT-07986,Printer,Low,Resolved,Operations,Vikram Joshi,2023-12-27 17:09:22,2023-12-28 18:09:22,25.0,No,No
TKT-07987,Access/Login,High,In Progress,HR,Anjali Mehta,2023-04-11 10:10:00,,,,No
TKT-07988,Network,Low,Resolved,Sales,Rohit Verma,2024-01-23 21:09:23,2024-01-26 08:09:23,59.0,No,No
TKT-07989,Email,Low,Resolved,Sales,Vikram Joshi,2024-10-05 20:47:00,2024-10-06 06:47:00,10.0,No,Yes
TKT-07990,Software,Low,Closed,Marketing,Vikram Joshi,2024-02-24 10:47:24,2024-02-27 14:47:24,76.0,Yes,Yes
TKT-07991,Email,Low,Resolved,HR,Rohit Verma,2023-01-10 19:18:10,2023-01-14 10:18:10,87.0,Yes,No
TKT-07992,Email,Medium,Closed,HR,Suresh Kumar,2023-01-16 07:57:34,2023-01-18 05:57:34,46.0,No,No
TKT-07993,Printer,Low,Closed,Sales,Amit Sharma,2023-04-26 13:26:33,2023-04-29 14:26:33,73.0,Yes,No
TKT-07994,Access/Login,Low,Closed,Legal,Anjali Mehta,2023-04-27 07:12:40,2023-04-29 20:12:40,61.0,No,No
TKT-07995,Printer,Medium,Closed,IT,Anjali Mehta,2023-07-23 11:20:14,2023-07-24 20:20:14,33.0,No,Yes
TKT-07996,Printer,Critical,Closed,Operations,Anjali Mehta,2023-11-18 23:40:30,2023-11-19 05:40:30,6.0,Yes,Yes
TKT-07997,Printer,High,Closed,IT,Priya Singh,2024-05-22 12:36:49,2024-05-23 16:36:49,28.0,Yes,No
TKT-07998,Network,Medium,Closed,Finance,Amit Sharma,2024-02-25 16:32:35,2024-02-26 20:32:35,28.0,No,Yes
TKT-07999,Hardware,Low,Resolved,Sales,Anjali Mehta,2023-08-16 18:54:07,2023-08-18 05:54:07,35.0,No,No
TKT-08000,Access/Login,Medium,Resolved,HR,Neha Gupta,2023-11-04 12:41:18,2023-11-06 09:41:18,45.0,No,Yes
TKT-08001,Network,Low,Resolved,HR,Rohit Verma,2023-11-27 01:32:16,2023-11-30 04:32:16,75.0,Yes,No
TKT-08002,Hardware,Medium,Resolved,Legal,Rohit Verma,2024-02-20 06:55:26,2024-02-20 22:55:26,16.0,No,No
TKT-08003,Network,Medium,Resolved,HR,Neha Gupta,2023-08-31 07:14:16,2023-09-02 17:14:16,58.0,Yes,No
TKT-08004,Network,Low,Resolved,Operations,Rohit Verma,2024-09-18 18:02:32,2024-09-21 03:02:32,57.0,No,No
TKT-08005,Software,High,Resolved,Finance,Priya Singh,2023-05-20 11:59:06,2023-05-20 22:59:06,11.0,No,Yes
TKT-08006,Email,Low,In Progress,Finance,Vikram Joshi,2024-01-09 11:01:37,,,,No
TKT-08007,Access/Login,Medium,Closed,HR,Amit Sharma,2024-03-07 08:35:29,2024-03-09 05:35:29,45.0,No,No
TKT-08008,Printer,Low,Resolved,Sales,Anjali Mehta,2023-07-09 10:54:54,2023-07-10 21:54:54,35.0,No,Yes
TKT-08009,Printer,Low,In Progress,HR,Rohit Verma,2023-08-17 15:06:22,,,,No
TKT-08010,Printer,Medium,Resolved,Finance,Neha Gupta,2024-08-08 18:33:03,2024-08-10 20:33:03,50.0,Yes,No
TKT-08011,Hardware,High,Closed,Legal,Anjali Mehta,2024-05-20 04:53:28,2024-05-20 11:53:28,7.0,No,No
TKT-08012,Network,High,Resolved,IT,Suresh Kumar,2023-06-27 14:44:39,2023-06-28 11:44:39,21.0,No,No
TKT-08013,Access/Login,High,Closed,HR,Amit Sharma,2023-09-14 01:42:07,2023-09-14 14:42:07,13.0,No,No
TKT-08014,Hardware,Critical,Closed,HR,Anjali Mehta,2023-01-24 05:56:35,2023-01-24 08:56:35,3.0,No,No
TKT-08015,Network,Medium,Resolved,Sales,Anjali Mehta,2023-07-07 02:16:00,2023-07-08 02:16:00,24.0,No,No
TKT-08016,Access/Login,Critical,Resolved,Marketing,Suresh Kumar,2023-01-09 21:14:50,2023-01-10 07:14:50,10.0,Yes,No
TKT-08017,Network,High,Resolved,Marketing,Neha Gupta,2023-10-12 23:49:21,2023-10-14 03:49:21,28.0,Yes,No
TKT-08018,Software,Medium,In Progress,Finance,Neha Gupta,2024-03-26 12:09:08,,,,No
TKT-08019,Printer,Low,Closed,Sales,Anjali Mehta,2024-02-19 15:29:37,2024-02-20 02:29:37,11.0,No,No
TKT-08020,Access/Login,Medium,Resolved,Legal,Suresh Kumar,2023-05-24 07:48:38,2023-05-25 07:48:38,24.0,No,No
TKT-08021,Hardware,Medium,In Progress,Marketing,Vikram Joshi,2024-05-15 08:06:00,,,,No
TKT-08022,Network,Low,Open,IT,Neha Gupta,2023-05-28 13:56:36,,,,Yes
TKT-08023,Network,Low,Resolved,IT,Anjali Mehta,2024-01-27 02:48:54,2024-01-29 12:48:54,58.0,No,Yes
TKT-08024,Network,High,Resolved,IT,Amit Sharma,2023-02-09 01:11:01,2023-02-09 10:11:01,9.0,No,No
TKT-08025,Hardware,Medium,Closed,HR,Neha Gupta,2024-08-14 05:17:03,2024-08-15 09:17:03,28.0,No,No
TKT-08026,Software,Medium,In Progress,HR,Neha Gupta,2024-08-04 16:33:08,,,,Yes
TKT-08027,Email,Low,Resolved,Finance,Rohit Verma,2024-04-30 09:29:36,2024-05-01 21:29:36,36.0,No,No
TKT-08028,Hardware,Low,Resolved,Finance,Anjali Mehta,2023-08-08 06:32:07,2023-08-11 15:32:07,81.0,Yes,No
TKT-08029,Network,Medium,Closed,Sales,Amit Sharma,2024-05-07 00:49:37,2024-05-07 10:49:37,10.0,No,No
TKT-08030,Hardware,High,Closed,Legal,Rohit Verma,2023-03-11 06:36:00,2023-03-12 06:36:00,24.0,No,Yes
TKT-08031,Hardware,Critical,Closed,Operations,Neha Gupta,2023-08-12 09:08:19,2023-08-12 14:08:19,5.0,Yes,Yes
TKT-08032,Software,Low,Closed,Finance,Anjali Mehta,2024-12-03 00:21:19,2024-12-03 18:21:19,18.0,No,No
TKT-08033,Printer,Medium,Resolved,Legal,Neha Gupta,2023-01-13 13:10:22,2023-01-15 02:10:22,37.0,No,No
TKT-08034,Hardware,Medium,Resolved,Marketing,Vikram Joshi,2024-02-10 22:25:02,2024-02-12 07:25:02,33.0,No,Yes
TKT-08035,Access/Login,Medium,Resolved,Sales,Priya Singh,2023-09-20 01:30:25,2023-09-22 01:30:25,48.0,No,No
TKT-08036,Software,Medium,Open,Marketing,Rohit Verma,2023-07-15 11:14:32,,,,Yes
TKT-08037,Email,Medium,In Progress,HR,Neha Gupta,2023-12-29 07:35:55,,,,No
TKT-08038,Software,High,Closed,Marketing,Amit Sharma,2023-06-11 19:09:40,2023-06-12 11:09:40,16.0,No,Yes
TKT-08039,Email,High,In Progress,Finance,Priya Singh,2023-10-14 00:04:27,,,,Yes
TKT-08040,Network,Low,Resolved,Sales,Vikram Joshi,2024-04-14 12:16:52,2024-04-15 03:16:52,15.0,No,Yes
TKT-08041,Printer,Low,Resolved,Operations,Anjali Mehta,2024-01-07 22:47:52,2024-01-10 01:47:52,51.0,No,Yes
TKT-08042,Email,Low,Resolved,Sales,Rohit Verma,2023-04-16 13:30:02,2023-04-16 23:30:02,10.0,No,Yes
TKT-08043,Software,Medium,Resolved,IT,Suresh Kumar,2023-10-18 02:50:32,2023-10-19 22:50:32,44.0,No,No
TKT-08044,Hardware,Medium,Closed,Sales,Vikram Joshi,2023-06-19 08:37:02,2023-06-21 03:37:02,43.0,No,No
TKT-08045,Network,Medium,Resolved,Finance,Neha Gupta,2024-01-09 05:03:36,2024-01-09 20:03:36,15.0,No,No
TKT-08046,Access/Login,Low,Closed,Legal,Vikram Joshi,2024-11-02 10:06:29,2024-11-03 12:06:29,26.0,No,Yes
TKT-08047,Software,Low,Closed,HR,Anjali Mehta,2023-01-24 01:25:15,2023-01-25 09:25:15,32.0,No,No
TKT-08048,Hardware,Medium,Resolved,Legal,Suresh Kumar,2023-02-24 04:32:00,2023-02-26 01:32:00,45.0,No,No
TKT-08049,Network,Medium,Resolved,Operations,Priya Singh,2023-10-25 07:31:45,2023-10-25 23:31:45,16.0,No,No
TKT-08050,Software,Medium,Resolved,Operations,Amit Sharma,2023-09-18 10:57:08,2023-09-20 17:57:08,55.0,Yes,No
TKT-08051,Software,High,In Progress,Marketing,Priya Singh,2024-10-16 07:08:40,,,,No
TKT-08052,Software,Medium,Resolved,HR,Vikram Joshi,2023-04-04 23:55:44,2023-04-07 10:55:44,59.0,Yes,No
TKT-08053,Software,Medium,In Progress,Marketing,Amit Sharma,2024-05-06 00:14:46,,,,No
TKT-08054,Printer,Medium,Closed,Marketing,Priya Singh,2024-07-01 00:50:41,2024-07-01 18:50:41,18.0,No,No
TKT-08055,Software,Low,In Progress,Sales,Neha Gupta,2024-06-17 09:25:32,,,,No
TKT-08056,Email,Medium,Resolved,Marketing,Amit Sharma,2024-10-21 22:17:34,2024-10-23 04:17:34,30.0,No,No
TKT-08057,Hardware,Low,Resolved,Legal,Anjali Mehta,2023-08-22 22:45:17,2023-08-25 00:45:17,50.0,No,No
TKT-08058,Hardware,High,Resolved,Sales,Vikram Joshi,2023-01-13 14:53:00,2023-01-14 06:53:00,16.0,No,No
TKT-08059,Software,Medium,Closed,Legal,Rohit Verma,2023-04-22 01:28:03,2023-04-23 21:28:03,44.0,No,Yes
TKT-08060,Access/Login,High,Closed,Finance,Priya Singh,2023-07-23 08:14:54,2023-07-24 07:14:54,23.0,No,Yes
TKT-08061,Software,Low,Resolved,Operations,Vikram Joshi,2023-10-26 14:31:22,2023-10-28 22:31:22,56.0,No,No
TKT-08062,Software,High,Resolved,Sales,Vikram Joshi,2023-04-29 14:06:00,2023-04-30 15:06:00,25.0,Yes,Yes
TKT-08063,Hardware,Medium,Resolved,Marketing,Vikram Joshi,2023-07-03 08:29:54,2023-07-04 04:29:54,20.0,No,No
TKT-08064,Access/Login,Low,Resolved,Marketing,Neha Gupta,2023-01-20 02:55:01,2023-01-23 01:55:01,71.0,No,No
TKT-08065,Network,Medium,Resolved,IT,Amit Sharma,2024-10-23 06:54:26,2024-10-24 16:54:26,34.0,No,No
TKT-08066,Software,Low,In Progress,Operations,Priya Singh,2023-02-17 14:32:37,,,,No
TKT-08067,Software,Low,Closed,Marketing,Suresh Kumar,2024-05-31 16:16:36,2024-06-02 15:16:36,47.0,No,No
TKT-08068,Network,Medium,Closed,Marketing,Vikram Joshi,2023-01-27 17:55:23,2023-01-28 22:55:23,29.0,No,No
TKT-08069,Email,Low,In Progress,Operations,Amit Sharma,2023-05-12 15:14:10,,,,No
TKT-08070,Access/Login,Medium,Resolved,Sales,Suresh Kumar,2023-08-05 22:46:12,2023-08-07 15:46:12,41.0,No,Yes
TKT-08071,Network,Low,Resolved,Finance,Vikram Joshi,2024-03-23 19:44:34,2024-03-26 15:44:34,68.0,No,Yes
TKT-08072,Access/Login,High,Open,IT,Priya Singh,2023-05-07 05:26:52,,,,Yes
TKT-08073,Hardware,Low,Resolved,Sales,Rohit Verma,2024-04-11 21:22:59,2024-04-14 09:22:59,60.0,No,No
TKT-08074,Access/Login,Low,Resolved,IT,Neha Gupta,2023-05-28 13:31:35,2023-05-30 13:31:35,48.0,No,Yes
TKT-08075,Printer,Medium,Closed,Operations,Suresh Kumar,2024-11-30 09:25:15,2024-12-02 16:25:15,55.0,Yes,Yes
TKT-08076,Hardware,High,Resolved,IT,Suresh Kumar,2024-08-01 16:26:26,2024-08-02 01:26:26,9.0,No,No
TKT-08077,Software,Critical,In Progress,Operations,Vikram Joshi,2023-09-11 23:23:45,,,,No
TKT-08078,Hardware,Medium,Resolved,HR,Suresh Kumar,2024-12-02 18:34:08,2024-12-05 02:34:08,56.0,Yes,No
TKT-08079,Printer,Medium,Closed,Legal,Priya Singh,2024-05-02 11:46:14,2024-05-04 08:46:14,45.0,No,No
TKT-08080,Software,Medium,Open,HR,Priya Singh,2024-02-29 20:50:41,,,,No
TKT-08081,Software,Medium,Resolved,Finance,Anjali Mehta,2024-10-31 16:13:47,2024-11-01 20:13:47,28.0,No,No
TKT-08082,Network,Medium,Closed,Legal,Anjali Mehta,2024-10-21 01:32:36,2024-10-21 12:32:36,11.0,No,No
TKT-08083,Email,Medium,Resolved,Legal,Suresh Kumar,2023-12-22 03:43:15,2023-12-22 22:43:15,19.0,No,No
TKT-08084,Printer,Medium,Open,IT,Suresh Kumar,2024-09-23 12:22:09,,,,No
TKT-08085,Email,Low,Open,Marketing,Suresh Kumar,2023-10-20 21:07:51,,,,No
TKT-08086,Hardware,Medium,Resolved,HR,Rohit Verma,2023-10-05 07:45:07,2023-10-07 17:45:07,58.0,Yes,No
TKT-08087,Access/Login,Critical,In Progress,Legal,Priya Singh,2024-01-15 02:03:02,,,,No
TKT-08088,Email,Low,Closed,Sales,Suresh Kumar,2023-10-05 20:26:28,2023-10-08 08:26:28,60.0,No,No
TKT-08089,Printer,Medium,Closed,Operations,Anjali Mehta,2023-12-10 13:57:01,2023-12-13 00:57:01,59.0,Yes,Yes
TKT-08090,Network,High,Closed,HR,Suresh Kumar,2023-12-08 00:21:40,2023-12-08 03:21:40,3.0,No,No
TKT-08091,Network,Low,Resolved,Legal,Priya Singh,2024-05-14 10:23:06,2024-05-16 13:23:06,51.0,No,No
TKT-08092,Software,Low,Resolved,Operations,Anjali Mehta,2023-05-30 13:27:34,2023-05-31 04:27:34,15.0,No,No
TKT-08093,Network,Medium,Resolved,Finance,Amit Sharma,2024-02-24 00:19:03,2024-02-24 15:19:03,15.0,No,Yes
TKT-08094,Software,Medium,In Progress,Sales,Priya Singh,2024-09-03 01:20:42,,,,No
TKT-08095,Access/Login,High,Closed,Marketing,Priya Singh,2023-09-09 09:04:41,2023-09-10 14:04:41,29.0,Yes,Yes
TKT-08096,Printer,Low,Resolved,Marketing,Neha Gupta,2024-12-06 01:26:15,2024-12-08 12:26:15,59.0,No,No
TKT-08097,Software,Medium,Resolved,Sales,Vikram Joshi,2024-08-12 23:12:23,2024-08-14 08:12:23,33.0,No,No
TKT-08098,Access/Login,Medium,Closed,Operations,Anjali Mehta,2024-09-17 21:17:34,2024-09-19 04:17:34,31.0,No,No
TKT-08099,Software,High,Resolved,IT,Anjali Mehta,2023-07-07 18:21:28,2023-07-08 10:21:28,16.0,No,No
TKT-08100,Hardware,Medium,Closed,Finance,Rohit Verma,2024-10-08 11:38:37,2024-10-09 19:38:37,32.0,No,No
TKT-08101,Email,Medium,Resolved,Sales,Vikram Joshi,2024-03-06 17:59:33,2024-03-09 00:59:33,55.0,Yes,No
TKT-08102,Software,Medium,Closed,IT,Vikram Joshi,2023-10-29 13:05:02,2023-10-30 18:05:02,29.0,No,Yes
TKT-08103,Network,Low,Open,HR,Suresh Kumar,2023-05-13 07:43:21,,,,Yes
TKT-08104,Hardware,Low,Open,IT,Suresh Kumar,2023-06-27 15:35:47,,,,No
TKT-08105,Software,High,Resolved,Marketing,Rohit Verma,2024-04-26 20:29:55,2024-04-27 15:29:55,19.0,No,No
TKT-08106,Printer,High,Resolved,Finance,Priya Singh,2024-12-19 00:31:56,2024-12-20 01:31:56,25.0,Yes,No
TKT-08107,Hardware,Medium,Resolved,Marketing,Priya Singh,2023-07-27 18:43:53,2023-07-29 05:43:53,35.0,No,No
TKT-08108,Printer,Low,Resolved,Marketing,Anjali Mehta,2023-05-12 10:43:03,2023-05-14 16:43:03,54.0,No,No
TKT-08109,Access/Login,Critical,Resolved,IT,Anjali Mehta,2024-02-07 05:48:38,2024-02-07 10:48:38,5.0,Yes,No
TKT-08110,Network,High,Open,Marketing,Anjali Mehta,2024-10-24 20:08:45,,,,No
TKT-08111,Network,Low,In Progress,Operations,Neha Gupta,2024-10-05 20:49:54,,,,Yes
TKT-08112,Printer,Low,Open,Marketing,Vikram Joshi,2024-08-13 14:59:56,,,,No
TKT-08113,Access/Login,Medium,Closed,Finance,Priya Singh,2024-12-29 13:45:26,2024-12-30 18:45:26,29.0,No,Yes
TKT-08114,Software,Medium,Closed,Legal,Vikram Joshi,2024-07-01 09:08:28,2024-07-01 15:08:28,6.0,No,No
TKT-08115,Email,High,Resolved,HR,Suresh Kumar,2024-07-28 07:47:32,2024-07-29 01:47:32,18.0,No,Yes
TKT-08116,Software,Critical,In Progress,IT,Priya Singh,2023-02-03 02:30:10,,,,No
TKT-08117,Hardware,Medium,Resolved,HR,Priya Singh,2023-07-28 15:20:59,2023-07-29 06:20:59,15.0,No,No
TKT-08118,Printer,Low,Resolved,Sales,Neha Gupta,2023-01-07 15:40:38,2023-01-08 17:40:38,26.0,No,Yes
TKT-08119,Network,Low,Resolved,Finance,Vikram Joshi,2023-07-29 05:34:59,2023-08-01 12:34:59,79.0,Yes,Yes
TKT-08120,Network,Low,Open,Legal,Priya Singh,2023-07-15 06:44:35,,,,Yes
TKT-08121,Hardware,Low,Resolved,Operations,Amit Sharma,2023-11-27 00:40:00,2023-11-30 07:40:00,79.0,Yes,No
TKT-08122,Software,Low,In Progress,IT,Anjali Mehta,2023-07-14 21:05:08,,,,No
TKT-08123,Email,Low,Resolved,HR,Neha Gupta,2023-09-22 15:44:28,2023-09-23 22:44:28,31.0,No,No
TKT-08124,Hardware,Medium,Resolved,IT,Rohit Verma,2024-05-12 09:51:52,2024-05-13 03:51:52,18.0,No,Yes
TKT-08125,Printer,Medium,Open,Operations,Amit Sharma,2024-12-12 20:06:18,,,,No
TKT-08126,Printer,Medium,Resolved,Operations,Suresh Kumar,2023-11-12 04:15:18,2023-11-13 20:15:18,40.0,No,Yes
TKT-08127,Hardware,Medium,Resolved,Marketing,Rohit Verma,2023-09-08 04:44:01,2023-09-10 08:44:01,52.0,Yes,No
TKT-08128,Software,High,Resolved,Operations,Rohit Verma,2023-02-25 00:10:47,2023-02-25 14:10:47,14.0,No,Yes
TKT-08129,Network,High,Resolved,Legal,Suresh Kumar,2024-09-16 09:35:20,2024-09-16 19:35:20,10.0,No,No
TKT-08130,Hardware,Low,Resolved,Legal,Priya Singh,2023-03-08 03:57:49,2023-03-11 11:57:49,80.0,Yes,No
TKT-08131,Email,Medium,Resolved,Sales,Neha Gupta,2023-07-06 11:07:37,2023-07-06 19:07:37,8.0,No,No
TKT-08132,Network,Medium,Open,Legal,Amit Sharma,2024-11-13 13:11:51,,,,No
TKT-08133,Software,Medium,Open,Marketing,Vikram Joshi,2024-06-21 07:06:42,,,,No
TKT-08134,Printer,Low,Closed,IT,Suresh Kumar,2024-01-12 02:19:24,2024-01-14 04:19:24,50.0,No,No
TKT-08135,Network,High,Resolved,IT,Priya Singh,2023-10-05 06:26:11,2023-10-05 20:26:11,14.0,No,No
TKT-08136,Printer,Medium,Resolved,HR,Neha Gupta,2023-07-09 12:09:35,2023-07-09 22:09:35,10.0,No,Yes
TKT-08137,Email,Low,Resolved,IT,Vikram Joshi,2023-06-29 18:30:23,2023-07-02 17:30:23,71.0,No,No
TKT-08138,Email,Medium,Open,HR,Neha Gupta,2024-04-10 16:02:59,,,,No
TKT-08139,Software,Medium,Closed,IT,Neha Gupta,2024-01-19 04:40:21,2024-01-20 19:40:21,39.0,No,No
TKT-08140,Access/Login,Low,Closed,Legal,Rohit Verma,2024-10-30 06:20:48,2024-11-01 06:20:48,48.0,No,No
TKT-08141,Email,Low,In Progress,Sales,Neha Gupta,2024-12-14 12:50:22,,,,Yes
TKT-08142,Printer,Medium,Closed,HR,Anjali Mehta,2023-07-26 19:59:01,2023-07-28 12:59:01,41.0,No,No
TKT-08143,Email,Low,Resolved,IT,Amit Sharma,2023-03-16 16:48:32,2023-03-17 19:48:32,27.0,No,No
TKT-08144,Software,Critical,In Progress,HR,Anjali Mehta,2023-05-17 17:07:18,,,,No
TKT-08145,Printer,Medium,Resolved,Finance,Suresh Kumar,2023-11-12 02:45:53,2023-11-13 05:45:53,27.0,No,Yes
TKT-08146,Access/Login,Critical,Resolved,Marketing,Vikram Joshi,2024-03-18 10:50:57,2024-03-18 12:50:57,2.0,No,No
TKT-08147,Access/Login,Medium,Resolved,IT,Priya Singh,2024-02-26 10:43:38,2024-02-28 22:43:38,60.0,Yes,No
TKT-08148,Email,Medium,Resolved,IT,Priya Singh,2023-10-13 14:34:09,2023-10-15 19:34:09,53.0,Yes,No
TKT-08149,Access/Login,Medium,In Progress,HR,Vikram Joshi,2024-05-02 09:33:42,,,,No
TKT-08150,Email,Medium,Closed,IT,Rohit Verma,2024-12-15 16:56:30,2024-12-17 05:56:30,37.0,No,Yes
TKT-08151,Software,High,Closed,Marketing,Neha Gupta,2023-08-06 07:31:19,2023-08-07 11:31:19,28.0,Yes,Yes
TKT-08152,Access/Login,High,Closed,HR,Suresh Kumar,2023-07-27 03:26:14,2023-07-27 07:26:14,4.0,No,No
TKT-08153,Email,Medium,Closed,Operations,Suresh Kumar,2023-10-19 23:04:26,2023-10-20 22:04:26,23.0,No,No
TKT-08154,Printer,Medium,Closed,HR,Neha Gupta,2024-03-08 12:32:22,2024-03-10 01:32:22,37.0,No,No
TKT-08155,Network,Medium,Resolved,IT,Anjali Mehta,2024-03-28 10:51:40,2024-03-28 16:51:40,6.0,No,No
TKT-08156,Email,High,Closed,Marketing,Rohit Verma,2023-07-18 16:36:53,2023-07-19 10:36:53,18.0,No,No
TKT-08157,Network,Medium,Resolved,IT,Rohit Verma,2024-09-02 18:36:46,2024-09-03 09:36:46,15.0,No,No
TKT-08158,Printer,Medium,Resolved,HR,Anjali Mehta,2024-01-26 01:44:57,2024-01-27 09:44:57,32.0,No,No
TKT-08159,Access/Login,Medium,In Progress,Marketing,Rohit Verma,2024-01-03 17:26:18,,,,No
TKT-08160,Email,Medium,Resolved,HR,Vikram Joshi,2023-03-31 04:57:22,2023-03-31 17:57:22,13.0,No,No
TKT-08161,Software,Low,Closed,Sales,Neha Gupta,2024-09-26 17:50:10,2024-09-28 09:50:10,40.0,No,No
TKT-08162,Printer,High,Resolved,Marketing,Neha Gupta,2024-01-02 18:57:38,2024-01-03 17:57:38,23.0,No,No
TKT-08163,Printer,Medium,Closed,Legal,Priya Singh,2023-06-21 06:30:25,2023-06-22 18:30:25,36.0,No,No
TKT-08164,Printer,High,Resolved,Operations,Priya Singh,2023-05-23 08:46:32,2023-05-24 06:46:32,22.0,No,No
TKT-08165,Network,Medium,Closed,Sales,Vikram Joshi,2023-01-13 17:39:41,2023-01-15 06:39:41,37.0,No,No
TKT-08166,Printer,Low,Open,Marketing,Priya Singh,2024-12-13 08:07:57,,,,No
TKT-08167,Access/Login,Medium,Resolved,Operations,Neha Gupta,2023-06-11 04:24:06,2023-06-11 11:24:06,7.0,No,Yes
TKT-08168,Hardware,Low,Closed,HR,Amit Sharma,2024-05-25 12:45:01,2024-05-26 03:45:01,15.0,No,Yes
TKT-08169,Printer,Medium,Resolved,HR,Neha Gupta,2023-11-18 03:19:20,2023-11-18 08:19:20,5.0,No,Yes
TKT-08170,Access/Login,High,Resolved,Operations,Anjali Mehta,2023-09-17 03:30:03,2023-09-17 17:30:03,14.0,No,Yes
TKT-08171,Access/Login,Medium,Closed,Sales,Amit Sharma,2023-01-31 01:49:25,2023-02-02 13:49:25,60.0,Yes,No
TKT-08172,Network,Critical,Resolved,HR,Vikram Joshi,2023-04-14 06:21:38,2023-04-14 16:21:38,10.0,Yes,No
TKT-08173,Hardware,Medium,Resolved,Finance,Neha Gupta,2024-05-24 23:04:08,2024-05-26 17:04:08,42.0,No,No
TKT-08174,Access/Login,Low,Closed,Legal,Neha Gupta,2023-05-11 08:47:34,2023-05-13 20:47:34,60.0,No,No
TKT-08175,Network,Low,Closed,Finance,Priya Singh,2024-10-24 16:03:00,2024-10-27 21:03:00,77.0,Yes,No
TKT-08176,Access/Login,High,Resolved,IT,Neha Gupta,2023-01-13 05:03:46,2023-01-13 19:03:46,14.0,No,No
TKT-08177,Email,Low,In Progress,IT,Rohit Verma,2023-12-08 14:19:17,,,,No
TKT-08178,Hardware,Medium,Closed,Finance,Amit Sharma,2024-07-27 19:47:36,2024-07-28 13:47:36,18.0,No,Yes
TKT-08179,Network,High,Resolved,Operations,Neha Gupta,2024-07-11 20:15:45,2024-07-12 01:15:45,5.0,No,No
TKT-08180,Network,Low,Resolved,Legal,Anjali Mehta,2023-01-12 18:45:07,2023-01-14 08:45:07,38.0,No,No
TKT-08181,Network,Low,Resolved,Marketing,Anjali Mehta,2024-10-07 22:09:15,2024-10-10 12:09:15,62.0,No,No
TKT-08182,Printer,Medium,Resolved,Finance,Suresh Kumar,2024-03-08 02:29:06,2024-03-10 02:29:06,48.0,No,No
TKT-08183,Printer,Low,Closed,HR,Priya Singh,2024-01-31 17:07:49,2024-02-03 22:07:49,77.0,Yes,No
TKT-08184,Access/Login,Low,Resolved,Sales,Anjali Mehta,2023-04-06 03:06:58,2023-04-06 15:06:58,12.0,No,No
TKT-08185,Printer,Medium,Open,Legal,Amit Sharma,2023-03-22 21:06:10,,,,No
TKT-08186,Network,Low,Resolved,Sales,Suresh Kumar,2024-11-28 02:31:06,2024-11-30 10:31:06,56.0,No,No
TKT-08187,Email,Medium,Resolved,Marketing,Neha Gupta,2024-09-05 04:48:29,2024-09-06 06:48:29,26.0,No,No
TKT-08188,Network,Critical,Resolved,Marketing,Suresh Kumar,2023-08-31 23:16:31,2023-09-01 05:16:31,6.0,Yes,No
TKT-08189,Software,High,Resolved,Finance,Amit Sharma,2023-07-10 12:53:53,2023-07-11 07:53:53,19.0,No,No
TKT-08190,Hardware,Medium,Resolved,Legal,Anjali Mehta,2023-12-22 08:42:26,2023-12-22 14:42:26,6.0,No,No
TKT-08191,Software,Low,In Progress,HR,Vikram Joshi,2023-01-15 01:17:41,,,,Yes
TKT-08192,Email,Medium,Resolved,Finance,Amit Sharma,2023-01-26 05:35:40,2023-01-26 13:35:40,8.0,No,No
TKT-08193,Email,Medium,Resolved,Sales,Anjali Mehta,2024-05-17 15:41:56,2024-05-19 17:41:56,50.0,Yes,No
TKT-08194,Access/Login,High,Resolved,Operations,Amit Sharma,2024-07-07 10:11:45,2024-07-07 20:11:45,10.0,No,Yes
TKT-08195,Hardware,Medium,Resolved,Legal,Neha Gupta,2024-01-29 18:13:24,2024-01-30 12:13:24,18.0,No,No
TKT-08196,Email,Low,Open,Marketing,Neha Gupta,2023-04-28 07:41:50,,,,No
TKT-08197,Hardware,High,Resolved,Operations,Anjali Mehta,2024-08-30 00:45:37,2024-08-31 00:45:37,24.0,No,No
TKT-08198,Network,High,In Progress,Legal,Vikram Joshi,2024-01-09 18:45:33,,,,No
TKT-08199,Printer,High,Open,HR,Neha Gupta,2024-10-23 15:34:26,,,,No
TKT-08200,Network,Medium,Resolved,Sales,Suresh Kumar,2023-07-01 07:21:36,2023-07-03 08:21:36,49.0,Yes,Yes
TKT-08201,Access/Login,Low,Open,Finance,Rohit Verma,2024-11-09 01:21:35,,,,Yes
TKT-08202,Access/Login,High,Resolved,Operations,Priya Singh,2023-07-10 12:28:47,2023-07-11 16:28:47,28.0,Yes,No
TKT-08203,Software,High,Resolved,IT,Vikram Joshi,2024-10-13 04:38:24,2024-10-13 22:38:24,18.0,No,Yes
TKT-08204,Access/Login,Low,Closed,Marketing,Priya Singh,2023-12-10 10:21:10,2023-12-12 01:21:10,39.0,No,Yes
TKT-08205,Network,High,Resolved,IT,Neha Gupta,2024-06-20 08:44:04,2024-06-20 10:44:04,2.0,No,No
TKT-08206,Email,Low,Closed,Sales,Anjali Mehta,2024-04-07 22:59:39,2024-04-09 21:59:39,47.0,No,Yes
TKT-08207,Printer,Low,Resolved,IT,Amit Sharma,2024-04-19 09:12:22,2024-04-20 00:12:22,15.0,No,No
TKT-08208,Printer,Critical,Resolved,Sales,Priya Singh,2024-11-13 12:26:19,2024-11-13 13:26:19,1.0,No,No
TKT-08209,Email,Medium,Open,Operations,Vikram Joshi,2024-05-28 13:06:47,,,,No
TKT-08210,Printer,Medium,Resolved,HR,Amit Sharma,2023-11-14 05:51:47,2023-11-15 16:51:47,35.0,No,No
TKT-08211,Email,Low,Closed,Sales,Rohit Verma,2023-11-16 19:52:04,2023-11-19 23:52:04,76.0,Yes,No
TKT-08212,Software,Medium,Open,IT,Neha Gupta,2024-05-04 02:03:30,,,,Yes
TKT-08213,Network,Medium,Open,Sales,Rohit Verma,2024-01-16 05:35:28,,,,No
TKT-08214,Access/Login,Medium,Resolved,Finance,Priya Singh,2023-02-22 04:07:33,2023-02-22 17:07:33,13.0,No,No
TKT-08215,Access/Login,Medium,Resolved,Legal,Priya Singh,2023-08-24 12:01:38,2023-08-24 22:01:38,10.0,No,No
TKT-08216,Hardware,Medium,Open,Finance,Priya Singh,2024-10-17 23:11:27,,,,No
TKT-08217,Email,Medium,Resolved,Sales,Priya Singh,2024-10-23 06:53:07,2024-10-25 09:53:07,51.0,Yes,No
TKT-08218,Printer,Medium,Open,IT,Suresh Kumar,2023-10-20 20:01:41,,,,No
TKT-08219,Hardware,Low,Resolved,IT,Anjali Mehta,2023-11-30 05:26:09,2023-12-01 18:26:09,37.0,No,No
TKT-08220,Hardware,Critical,Resolved,Sales,Priya Singh,2023-10-19 03:47:32,2023-10-19 07:47:32,4.0,No,No
TKT-08221,Printer,Low,Resolved,IT,Anjali Mehta,2024-12-08 16:13:51,2024-12-11 09:13:51,65.0,No,Yes
TKT-08222,Network,Critical,Resolved,Finance,Neha Gupta,2023-06-23 04:14:03,2023-06-23 11:14:03,7.0,Yes,No
TKT-08223,Email,Medium,Resolved,Marketing,Anjali Mehta,2023-12-31 23:05:17,2024-01-02 16:05:17,41.0,No,Yes
TKT-08224,Printer,Low,Resolved,IT,Vikram Joshi,2024-10-01 12:45:43,2024-10-04 15:45:43,75.0,Yes,No
TKT-08225,Network,Medium,Closed,Marketing,Rohit Verma,2024-10-17 01:11:02,2024-10-18 18:11:02,41.0,No,No
TKT-08226,Access/Login,Medium,Resolved,Operations,Amit Sharma,2024-03-29 11:22:55,2024-03-30 12:22:55,25.0,No,No
TKT-08227,Access/Login,Low,In Progress,Sales,Vikram Joshi,2023-08-08 03:23:16,,,,No
TKT-08228,Hardware,Medium,Resolved,Operations,Anjali Mehta,2023-02-24 03:51:58,2023-02-24 15:51:58,12.0,No,No
TKT-08229,Access/Login,High,Closed,IT,Amit Sharma,2023-09-24 18:39:10,2023-09-25 13:39:10,19.0,No,Yes
TKT-08230,Email,Low,Resolved,Marketing,Suresh Kumar,2023-09-08 18:47:09,2023-09-11 12:47:09,66.0,No,No
TKT-08231,Access/Login,Critical,Open,Marketing,Priya Singh,2024-07-26 05:13:00,,,,No
TKT-08232,Network,High,Resolved,Legal,Rohit Verma,2024-03-09 14:42:35,2024-03-10 04:42:35,14.0,No,Yes
TKT-08233,Network,Medium,In Progress,Legal,Amit Sharma,2024-05-22 14:04:16,,,,No
TKT-08234,Access/Login,Medium,Resolved,Finance,Rohit Verma,2023-09-13 17:12:54,2023-09-16 04:12:54,59.0,Yes,No
TKT-08235,Software,High,Closed,Operations,Vikram Joshi,2023-01-24 03:37:08,2023-01-24 19:37:08,16.0,No,No
TKT-08236,Email,High,Closed,Marketing,Priya Singh,2024-07-22 06:24:12,2024-07-23 06:24:12,24.0,No,No
TKT-08237,Hardware,Critical,Closed,Legal,Priya Singh,2024-04-02 06:04:43,2024-04-02 12:04:43,6.0,Yes,No
TKT-08238,Email,High,Resolved,Finance,Priya Singh,2024-01-24 16:53:24,2024-01-25 00:53:24,8.0,No,No
TKT-08239,Email,Medium,Closed,Marketing,Amit Sharma,2024-08-21 09:27:01,2024-08-22 16:27:01,31.0,No,No
TKT-08240,Software,Critical,Open,IT,Priya Singh,2024-05-23 06:25:15,,,,No
TKT-08241,Access/Login,Low,Open,Legal,Amit Sharma,2024-08-31 12:30:31,,,,Yes
TKT-08242,Hardware,Medium,Closed,IT,Suresh Kumar,2023-09-22 18:35:38,2023-09-23 21:35:38,27.0,No,No
TKT-08243,Network,Critical,Resolved,Finance,Amit Sharma,2024-08-31 16:40:35,2024-08-31 18:40:35,2.0,No,Yes
TKT-08244,Software,Medium,In Progress,HR,Suresh Kumar,2023-11-07 04:00:39,,,,No
TKT-08245,Hardware,Low,Closed,Legal,Amit Sharma,2023-10-06 18:15:45,2023-10-08 23:15:45,53.0,No,No
TKT-08246,Access/Login,High,Resolved,Legal,Neha Gupta,2024-01-04 13:58:02,2024-01-05 08:58:02,19.0,No,No
TKT-08247,Printer,Low,Closed,Finance,Neha Gupta,2023-02-19 12:22:37,2023-02-22 20:22:37,80.0,Yes,Yes
TKT-08248,Hardware,Low,Resolved,Finance,Vikram Joshi,2023-02-16 11:33:34,2023-02-20 03:33:34,88.0,Yes,No
TKT-08249,Access/Login,High,Closed,Legal,Vikram Joshi,2024-10-22 23:00:57,2024-10-23 18:00:57,19.0,No,No
TKT-08250,Printer,High,Closed,Operations,Rohit Verma,2024-12-09 10:35:26,2024-12-09 21:35:26,11.0,No,No
TKT-08251,Software,Low,Resolved,IT,Neha Gupta,2024-11-02 18:31:22,2024-11-03 04:31:22,10.0,No,Yes
TKT-08252,Hardware,Medium,Resolved,IT,Priya Singh,2023-07-01 22:13:00,2023-07-02 14:13:00,16.0,No,Yes
TKT-08253,Software,High,Closed,Sales,Rohit Verma,2024-06-24 06:04:54,2024-06-25 12:04:54,30.0,Yes,No
TKT-08254,Printer,High,Resolved,IT,Neha Gupta,2024-06-24 04:13:51,2024-06-24 10:13:51,6.0,No,No
TKT-08255,Printer,High,Open,Operations,Priya Singh,2023-01-25 13:56:49,,,,No
TKT-08256,Network,Low,Closed,HR,Amit Sharma,2024-08-10 14:52:04,2024-08-13 18:52:04,76.0,Yes,Yes
TKT-08257,Access/Login,High,In Progress,Sales,Priya Singh,2023-01-18 19:59:49,,,,No
TKT-08258,Software,Medium,Closed,IT,Priya Singh,2023-07-21 21:29:13,2023-07-23 11:29:13,38.0,No,No
TKT-08259,Email,Critical,Open,Marketing,Anjali Mehta,2023-05-17 08:27:19,,,,No
TKT-08260,Software,Medium,Resolved,Finance,Neha Gupta,2023-07-09 11:39:53,2023-07-10 08:39:53,21.0,No,Yes
TKT-08261,Printer,Medium,Resolved,Operations,Rohit Verma,2024-02-08 02:20:34,2024-02-10 14:20:34,60.0,Yes,No
TKT-08262,Access/Login,High,Resolved,IT,Anjali Mehta,2023-03-01 12:22:23,2023-03-02 00:22:23,12.0,No,No
TKT-08263,Software,Low,Resolved,Marketing,Anjali Mehta,2023-10-14 06:59:58,2023-10-15 12:59:58,30.0,No,Yes
TKT-08264,Printer,Medium,Closed,Finance,Anjali Mehta,2024-04-30 18:23:20,2024-05-01 07:23:20,13.0,No,No
TKT-08265,Software,Medium,Closed,Marketing,Priya Singh,2024-07-19 22:24:11,2024-07-20 22:24:11,24.0,No,No
TKT-08266,Network,High,Closed,Finance,Amit Sharma,2024-09-10 21:53:36,2024-09-11 22:53:36,25.0,Yes,No
TKT-08267,Software,Medium,Resolved,IT,Suresh Kumar,2023-09-30 01:35:51,2023-10-01 22:35:51,45.0,No,Yes
TKT-08268,Access/Login,High,Closed,Marketing,Suresh Kumar,2023-08-17 21:44:07,2023-08-18 01:44:07,4.0,No,No
TKT-08269,Email,Medium,Closed,Sales,Vikram Joshi,2024-02-11 05:03:06,2024-02-13 15:03:06,58.0,Yes,Yes
TKT-08270,Network,High,Closed,Finance,Anjali Mehta,2024-11-13 03:13:06,2024-11-13 17:13:06,14.0,No,No
TKT-08271,Access/Login,Low,Open,Operations,Rohit Verma,2023-09-01 07:15:54,,,,No
TKT-08272,Email,Medium,Closed,IT,Amit Sharma,2023-11-25 16:02:05,2023-11-26 23:02:05,31.0,No,Yes
TKT-08273,Software,High,Resolved,Operations,Vikram Joshi,2024-04-16 21:10:11,2024-04-17 01:10:11,4.0,No,No
TKT-08274,Network,Low,Resolved,Operations,Priya Singh,2024-05-23 05:39:04,2024-05-25 04:39:04,47.0,No,No
TKT-08275,Access/Login,Low,Resolved,Sales,Anjali Mehta,2024-09-04 17:05:32,2024-09-08 04:05:32,83.0,Yes,No
TKT-08276,Hardware,Critical,Resolved,Marketing,Rohit Verma,2023-06-10 07:01:50,2023-06-10 09:01:50,2.0,No,Yes
TKT-08277,Software,Critical,Resolved,Marketing,Anjali Mehta,2023-06-06 09:39:21,2023-06-06 10:39:21,1.0,No,No
TKT-08278,Access/Login,Medium,Resolved,HR,Priya Singh,2024-11-04 07:03:08,2024-11-05 03:03:08,20.0,No,No
TKT-08279,Access/Login,Low,Closed,Finance,Rohit Verma,2024-01-24 08:00:03,2024-01-27 22:00:03,86.0,Yes,No
TKT-08280,Hardware,Medium,Closed,Finance,Anjali Mehta,2024-09-21 15:04:35,2024-09-24 02:04:35,59.0,Yes,Yes
TKT-08281,Network,Medium,Resolved,Operations,Neha Gupta,2023-07-21 19:10:57,2023-07-23 02:10:57,31.0,No,No
TKT-08282,Printer,High,Resolved,Sales,Suresh Kumar,2024-02-01 05:47:54,2024-02-01 13:47:54,8.0,No,No
TKT-08283,Network,Low,Resolved,IT,Vikram Joshi,2023-03-14 12:07:29,2023-03-18 00:07:29,84.0,Yes,No
TKT-08284,Printer,High,Resolved,Operations,Priya Singh,2024-07-30 22:49:09,2024-07-31 05:49:09,7.0,No,No
TKT-08285,Hardware,High,Closed,Finance,Neha Gupta,2023-09-16 17:34:47,2023-09-17 05:34:47,12.0,No,Yes
TKT-08286,Email,Low,In Progress,HR,Vikram Joshi,2023-03-22 11:15:17,,,,No
TKT-08287,Access/Login,Medium,Resolved,Legal,Rohit Verma,2023-02-17 14:14:37,2023-02-19 04:14:37,38.0,No,No
TKT-08288,Access/Login,Low,Resolved,HR,Suresh Kumar,2023-12-08 13:17:46,2023-12-09 10:17:46,21.0,No,No
TKT-08289,Network,Low,Resolved,Operations,Priya Singh,2023-01-03 00:57:18,2023-01-05 12:57:18,60.0,No,No
TKT-08290,Printer,Low,Closed,IT,Anjali Mehta,2023-02-17 09:58:21,2023-02-18 02:58:21,17.0,No,No
TKT-08291,Software,High,Closed,IT,Rohit Verma,2023-08-11 16:08:52,2023-08-12 18:08:52,26.0,Yes,No
TKT-08292,Hardware,Medium,Closed,Legal,Vikram Joshi,2024-02-28 18:49:31,2024-03-01 12:49:31,42.0,No,No
TKT-08293,Email,Medium,Closed,HR,Vikram Joshi,2023-10-21 08:24:33,2023-10-22 19:24:33,35.0,No,Yes
TKT-08294,Access/Login,Low,Resolved,IT,Rohit Verma,2023-12-10 07:19:05,2023-12-10 20:19:05,13.0,No,Yes
TKT-08295,Software,High,Closed,Sales,Vikram Joshi,2024-01-30 07:39:17,2024-01-31 05:39:17,22.0,No,No
TKT-08296,Printer,Medium,Closed,HR,Anjali Mehta,2023-11-28 23:09:44,2023-11-30 02:09:44,27.0,No,No
TKT-08297,Software,Critical,Closed,HR,Amit Sharma,2024-02-07 07:25:28,2024-02-07 17:25:28,10.0,Yes,No
TKT-08298,Software,Low,Resolved,Legal,Amit Sharma,2024-04-22 12:49:06,2024-04-23 17:49:06,29.0,No,No
TKT-08299,Network,Medium,Closed,Marketing,Vikram Joshi,2023-05-28 11:47:52,2023-05-29 03:47:52,16.0,No,Yes
TKT-08300,Hardware,Medium,Resolved,HR,Amit Sharma,2024-04-27 17:44:03,2024-04-29 01:44:03,32.0,No,Yes
TKT-08301,Hardware,Low,Closed,Finance,Anjali Mehta,2024-02-25 03:39:17,2024-02-28 15:39:17,84.0,Yes,Yes
TKT-08302,Email,Low,Resolved,Sales,Anjali Mehta,2024-07-29 19:11:01,2024-07-30 10:11:01,15.0,No,No
TKT-08303,Network,Low,Closed,Finance,Priya Singh,2023-07-27 23:47:30,2023-07-30 07:47:30,56.0,No,No
TKT-08304,Network,High,Closed,IT,Neha Gupta,2023-12-23 15:06:38,2023-12-23 19:06:38,4.0,No,Yes
TKT-08305,Printer,High,Resolved,Legal,Suresh Kumar,2024-11-05 04:39:08,2024-11-05 11:39:08,7.0,No,No
TKT-08306,Software,Low,Closed,HR,Rohit Verma,2024-06-16 00:40:35,2024-06-19 15:40:35,87.0,Yes,Yes
TKT-08307,Hardware,High,Resolved,Finance,Priya Singh,2024-02-22 08:37:51,2024-02-22 22:37:51,14.0,No,No
TKT-08308,Printer,Critical,Resolved,HR,Amit Sharma,2024-07-01 22:46:59,2024-07-02 07:46:59,9.0,Yes,No
TKT-08309,Access/Login,Low,Resolved,HR,Vikram Joshi,2024-01-30 12:31:41,2024-02-02 05:31:41,65.0,No,No
TKT-08310,Email,Low,Closed,Sales,Suresh Kumar,2023-09-01 10:53:47,2023-09-04 11:53:47,73.0,Yes,No
TKT-08311,Email,Medium,Resolved,Sales,Neha Gupta,2023-02-05 06:02:08,2023-02-07 02:02:08,44.0,No,Yes
TKT-08312,Software,Critical,Closed,Legal,Anjali Mehta,2024-06-20 09:29:05,2024-06-20 10:29:05,1.0,No,No
TKT-08313,Hardware,Medium,Resolved,Sales,Suresh Kumar,2024-03-19 11:28:31,2024-03-20 21:28:31,34.0,No,No
TKT-08314,Email,Medium,Resolved,Finance,Rohit Verma,2023-11-28 23:15:04,2023-11-30 08:15:04,33.0,No,No
TKT-08315,Software,Medium,Resolved,Marketing,Neha Gupta,2023-11-30 05:58:08,2023-12-02 17:58:08,60.0,Yes,No
TKT-08316,Email,Low,Resolved,HR,Priya Singh,2024-09-21 11:42:31,2024-09-24 18:42:31,79.0,Yes,Yes
TKT-08317,Hardware,Medium,Closed,Marketing,Vikram Joshi,2023-12-17 17:40:01,2023-12-18 06:40:01,13.0,No,Yes
TKT-08318,Access/Login,Medium,Resolved,Operations,Amit Sharma,2024-07-16 20:24:53,2024-07-18 05:24:53,33.0,No,No
TKT-08319,Hardware,Medium,Resolved,Operations,Amit Sharma,2023-05-04 08:56:44,2023-05-05 07:56:44,23.0,No,No
TKT-08320,Printer,Low,Resolved,IT,Rohit Verma,2023-10-28 11:59:04,2023-10-30 11:59:04,48.0,No,Yes
TKT-08321,Access/Login,Medium,Closed,Marketing,Vikram Joshi,2023-11-28 20:33:08,2023-11-30 02:33:08,30.0,No,No
TKT-08322,Printer,High,Resolved,Operations,Priya Singh,2024-10-14 21:24:54,2024-10-15 05:24:54,8.0,No,No
TKT-08323,Network,Critical,Resolved,HR,Priya Singh,2023-08-23 15:26:25,2023-08-24 01:26:25,10.0,Yes,No
TKT-08324,Email,High,In Progress,Sales,Anjali Mehta,2024-06-09 19:30:03,,,,Yes
TKT-08325,Access/Login,High,In Progress,HR,Priya Singh,2024-03-23 12:27:41,,,,Yes
TKT-08326,Printer,Medium,In Progress,Finance,Anjali Mehta,2024-10-28 00:00:45,,,,No
TKT-08327,Email,Low,Resolved,Finance,Suresh Kumar,2023-05-18 00:00:55,2023-05-21 17:00:55,89.0,Yes,No
TKT-08328,Hardware,Low,Resolved,HR,Anjali Mehta,2024-08-07 07:25:26,2024-08-09 05:25:26,46.0,No,No
TKT-08329,Network,High,Closed,Sales,Amit Sharma,2024-05-28 16:22:58,2024-05-29 03:22:58,11.0,No,No
TKT-08330,Printer,Low,In Progress,Finance,Suresh Kumar,2023-09-16 18:05:04,,,,Yes
TKT-08331,Access/Login,Medium,Closed,Operations,Priya Singh,2024-02-24 19:40:46,2024-02-27 05:40:46,58.0,Yes,Yes
TKT-08332,Email,Low,Resolved,HR,Anjali Mehta,2023-05-13 15:10:39,2023-05-14 03:10:39,12.0,No,Yes
TKT-08333,Software,Medium,Open,IT,Anjali Mehta,2024-05-01 20:56:05,,,,No
TKT-08334,Printer,Medium,Resolved,HR,Rohit Verma,2023-06-13 12:33:56,2023-06-15 12:33:56,48.0,No,No
TKT-08335,Email,Low,Resolved,IT,Amit Sharma,2024-03-28 15:20:27,2024-03-30 17:20:27,50.0,No,No
TKT-08336,Hardware,Medium,Resolved,Marketing,Suresh Kumar,2023-01-21 14:44:30,2023-01-22 13:44:30,23.0,No,Yes
TKT-08337,Email,Low,In Progress,HR,Anjali Mehta,2023-10-29 20:22:28,,,,Yes
TKT-08338,Email,High,Open,Marketing,Anjali Mehta,2023-07-07 03:17:56,,,,No
TKT-08339,Hardware,Low,Closed,Marketing,Suresh Kumar,2024-03-20 00:45:24,2024-03-23 14:45:24,86.0,Yes,No
TKT-08340,Hardware,Medium,Resolved,Marketing,Vikram Joshi,2023-01-10 05:47:59,2023-01-12 03:47:59,46.0,No,No
TKT-08341,Network,Critical,Resolved,Finance,Vikram Joshi,2024-05-20 23:20:43,2024-05-21 04:20:43,5.0,Yes,No
TKT-08342,Network,Low,Closed,Operations,Priya Singh,2023-09-28 19:49:22,2023-09-30 20:49:22,49.0,No,No
TKT-08343,Software,Medium,Resolved,Finance,Rohit Verma,2023-12-20 01:31:43,2023-12-22 06:31:43,53.0,Yes,No
TKT-08344,Access/Login,Medium,Closed,IT,Anjali Mehta,2024-12-17 21:32:12,2024-12-18 04:32:12,7.0,No,No
TKT-08345,Email,Low,Closed,Finance,Amit Sharma,2023-04-18 08:28:11,2023-04-19 01:28:11,17.0,No,No
TKT-08346,Access/Login,Critical,Closed,HR,Amit Sharma,2023-11-20 04:47:48,2023-11-20 14:47:48,10.0,Yes,No
TKT-08347,Access/Login,High,Closed,Finance,Priya Singh,2024-08-15 07:44:37,2024-08-15 09:44:37,2.0,No,No
TKT-08348,Network,Low,Resolved,Operations,Anjali Mehta,2023-07-13 17:52:54,2023-07-16 04:52:54,59.0,No,No
TKT-08349,Access/Login,High,Resolved,Operations,Rohit Verma,2023-08-10 18:47:20,2023-08-11 13:47:20,19.0,No,No
TKT-08350,Access/Login,High,Open,Operations,Suresh Kumar,2023-04-01 07:51:36,,,,Yes
TKT-08351,Access/Login,Medium,Resolved,Finance,Suresh Kumar,2024-06-10 06:59:57,2024-06-10 19:59:57,13.0,No,No
TKT-08352,Network,Low,Closed,Sales,Vikram Joshi,2024-06-23 10:15:47,2024-06-26 17:15:47,79.0,Yes,Yes
TKT-08353,Hardware,Medium,Open,HR,Amit Sharma,2024-02-11 19:29:14,,,,Yes
TKT-08354,Network,Critical,Closed,Finance,Amit Sharma,2023-05-11 22:35:57,2023-05-12 00:35:57,2.0,No,No
TKT-08355,Access/Login,Medium,Resolved,Legal,Rohit Verma,2024-10-25 22:13:11,2024-10-26 23:13:11,25.0,No,No
TKT-08356,Email,Medium,In Progress,Sales,Suresh Kumar,2023-11-13 23:22:45,,,,No
TKT-08357,Network,Medium,Resolved,Legal,Amit Sharma,2023-05-21 09:37:05,2023-05-22 09:37:05,24.0,No,Yes
TKT-08358,Printer,Medium,In Progress,IT,Anjali Mehta,2024-11-08 06:49:04,,,,No
TKT-08359,Network,Medium,Open,Operations,Vikram Joshi,2024-12-08 02:43:30,,,,Yes
TKT-08360,Network,Critical,Resolved,Finance,Priya Singh,2024-04-20 23:24:24,2024-04-21 04:24:24,5.0,Yes,Yes
TKT-08361,Hardware,Low,Closed,Sales,Suresh Kumar,2023-12-26 12:40:44,2023-12-27 04:40:44,16.0,No,No
TKT-08362,Hardware,Low,Closed,HR,Amit Sharma,2023-12-01 12:46:44,2023-12-02 16:46:44,28.0,No,No
TKT-08363,Network,Medium,Resolved,Legal,Vikram Joshi,2023-07-04 17:11:54,2023-07-06 01:11:54,32.0,No,No
TKT-08364,Network,Medium,Closed,Legal,Vikram Joshi,2023-08-02 10:56:26,2023-08-03 21:56:26,35.0,No,No
TKT-08365,Email,Critical,Open,Operations,Priya Singh,2024-08-30 20:03:25,,,,No
TKT-08366,Network,Low,Resolved,Finance,Rohit Verma,2024-10-29 15:05:59,2024-10-31 12:05:59,45.0,No,No
TKT-08367,Email,Critical,Closed,Marketing,Anjali Mehta,2024-08-10 08:36:22,2024-08-10 13:36:22,5.0,Yes,Yes
TKT-08368,Network,Medium,Resolved,Sales,Anjali Mehta,2023-09-13 12:45:24,2023-09-15 09:45:24,45.0,No,No
TKT-08369,Software,Critical,Resolved,Legal,Amit Sharma,2023-11-05 00:15:23,2023-11-05 06:15:23,6.0,Yes,Yes
TKT-08370,Email,High,Closed,Sales,Anjali Mehta,2023-07-12 09:19:50,2023-07-12 18:19:50,9.0,No,No
TKT-08371,Hardware,High,Resolved,Operations,Priya Singh,2023-06-03 01:44:45,2023-06-03 20:44:45,19.0,No,Yes
TKT-08372,Printer,High,Open,Sales,Suresh Kumar,2024-11-19 07:15:09,,,,No
TKT-08373,Software,Medium,Resolved,Finance,Amit Sharma,2024-10-14 08:23:18,2024-10-16 17:23:18,57.0,Yes,No
TKT-08374,Software,Medium,Resolved,Legal,Vikram Joshi,2024-07-31 22:08:37,2024-08-02 00:08:37,26.0,No,No
TKT-08375,Network,High,Resolved,Finance,Priya Singh,2023-07-30 13:21:57,2023-07-31 08:21:57,19.0,No,Yes
TKT-08376,Network,Low,Closed,Legal,Neha Gupta,2024-07-03 04:04:06,2024-07-06 15:04:06,83.0,Yes,No
TKT-08377,Email,Medium,Resolved,Finance,Vikram Joshi,2024-12-07 21:08:55,2024-12-09 03:08:55,30.0,No,Yes
TKT-08378,Email,Low,Resolved,Operations,Amit Sharma,2024-02-09 14:45:57,2024-02-11 08:45:57,42.0,No,No
TKT-08379,Hardware,Low,Resolved,Marketing,Neha Gupta,2023-08-25 03:43:37,2023-08-28 16:43:37,85.0,Yes,No
TKT-08380,Hardware,Low,Open,Legal,Amit Sharma,2024-03-29 08:34:19,,,,No
TKT-08381,Printer,Low,Closed,Marketing,Priya Singh,2024-07-17 18:34:48,2024-07-18 18:34:48,24.0,No,No
TKT-08382,Network,High,Closed,IT,Priya Singh,2024-08-03 22:10:26,2024-08-04 11:10:26,13.0,No,Yes
TKT-08383,Software,Medium,Resolved,Operations,Vikram Joshi,2023-07-05 20:50:29,2023-07-08 08:50:29,60.0,Yes,No
TKT-08384,Hardware,Medium,Resolved,Legal,Vikram Joshi,2023-02-21 02:38:54,2023-02-22 07:38:54,29.0,No,No
TKT-08385,Printer,Low,In Progress,Marketing,Anjali Mehta,2024-05-29 03:42:41,,,,No
TKT-08386,Email,Low,Open,Sales,Vikram Joshi,2024-12-05 06:33:23,,,,No
TKT-08387,Network,Low,Resolved,Finance,Suresh Kumar,2023-01-18 19:48:05,2023-01-21 17:48:05,70.0,No,No
TKT-08388,Printer,Medium,Resolved,Marketing,Neha Gupta,2023-02-01 19:45:38,2023-02-03 22:45:38,51.0,Yes,No
TKT-08389,Software,Medium,Closed,Marketing,Amit Sharma,2024-10-20 16:56:49,2024-10-23 00:56:49,56.0,Yes,Yes
TKT-08390,Software,Low,Resolved,Finance,Vikram Joshi,2023-04-14 04:59:31,2023-04-17 10:59:31,78.0,Yes,No
TKT-08391,Hardware,Medium,Resolved,Marketing,Rohit Verma,2023-11-27 09:40:08,2023-11-28 21:40:08,36.0,No,No
TKT-08392,Software,Medium,Closed,Operations,Vikram Joshi,2024-10-23 12:31:30,2024-10-25 08:31:30,44.0,No,No
TKT-08393,Hardware,Medium,Open,Legal,Vikram Joshi,2024-06-04 15:53:50,,,,No
TKT-08394,Hardware,High,Open,Legal,Anjali Mehta,2024-06-15 05:28:02,,,,Yes
TKT-08395,Hardware,Low,Resolved,Sales,Suresh Kumar,2023-06-12 08:01:48,2023-06-13 08:01:48,24.0,No,No
TKT-08396,Email,Critical,Open,Marketing,Neha Gupta,2023-06-12 22:27:50,,,,No
TKT-08397,Software,Low,Resolved,Finance,Amit Sharma,2023-03-10 00:06:06,2023-03-11 19:06:06,43.0,No,No
TKT-08398,Email,Low,In Progress,HR,Suresh Kumar,2023-12-10 23:13:53,,,,Yes
TKT-08399,Software,Medium,Resolved,Marketing,Rohit Verma,2023-08-14 11:46:56,2023-08-15 23:46:56,36.0,No,No
TKT-08400,Email,Medium,Closed,Finance,Amit Sharma,2024-07-03 12:42:09,2024-07-04 06:42:09,18.0,No,No
TKT-08401,Network,High,In Progress,Finance,Amit Sharma,2024-11-12 09:38:54,,,,No
TKT-08402,Printer,Critical,In Progress,Sales,Amit Sharma,2024-06-25 08:18:08,,,,No
TKT-08403,Email,Low,Closed,Operations,Amit Sharma,2024-07-08 13:56:05,2024-07-11 01:56:05,60.0,No,No
TKT-08404,Printer,Low,Open,Marketing,Suresh Kumar,2023-09-04 20:09:10,,,,No
TKT-08405,Access/Login,Low,Open,Finance,Neha Gupta,2023-04-08 14:31:21,,,,Yes
TKT-08406,Network,Medium,Resolved,Sales,Neha Gupta,2023-09-27 14:54:15,2023-09-29 23:54:15,57.0,Yes,No
TKT-08407,Printer,High,Closed,Operations,Neha Gupta,2024-02-29 11:42:54,2024-02-29 19:42:54,8.0,No,No
TKT-08408,Software,Medium,Closed,Legal,Priya Singh,2024-10-06 07:06:21,2024-10-06 15:06:21,8.0,No,Yes
TKT-08409,Network,Low,Open,IT,Anjali Mehta,2023-06-17 02:23:12,,,,Yes
TKT-08410,Network,Medium,Resolved,Finance,Rohit Verma,2023-12-12 10:37:42,2023-12-14 02:37:42,40.0,No,No
TKT-08411,Software,High,Resolved,HR,Suresh Kumar,2024-10-27 16:48:01,2024-10-28 05:48:01,13.0,No,Yes
TKT-08412,Printer,Medium,Resolved,Sales,Anjali Mehta,2024-03-21 07:31:51,2024-03-22 04:31:51,21.0,No,No
TKT-08413,Email,High,Resolved,IT,Anjali Mehta,2023-05-24 03:49:27,2023-05-24 06:49:27,3.0,No,No
TKT-08414,Email,Low,Resolved,HR,Suresh Kumar,2024-10-09 20:39:40,2024-10-10 14:39:40,18.0,No,No
TKT-08415,Network,High,Resolved,HR,Anjali Mehta,2024-09-27 01:36:32,2024-09-27 06:36:32,5.0,No,No
TKT-08416,Software,Medium,Resolved,Legal,Anjali Mehta,2024-09-08 10:57:46,2024-09-09 21:57:46,35.0,No,Yes
TKT-08417,Network,Medium,Closed,Legal,Anjali Mehta,2023-03-14 10:23:37,2023-03-15 03:23:37,17.0,No,No
TKT-08418,Hardware,Critical,Resolved,Marketing,Rohit Verma,2023-02-23 06:41:55,2023-02-23 08:41:55,2.0,No,No
TKT-08419,Email,Low,Resolved,Sales,Suresh Kumar,2023-08-02 19:15:52,2023-08-03 22:15:52,27.0,No,No
TKT-08420,Email,High,Resolved,Finance,Suresh Kumar,2024-09-14 07:04:11,2024-09-14 12:04:11,5.0,No,Yes
TKT-08421,Hardware,Medium,Closed,Legal,Priya Singh,2024-07-04 08:15:17,2024-07-05 06:15:17,22.0,No,No
TKT-08422,Network,Medium,Resolved,Operations,Anjali Mehta,2024-05-26 02:23:40,2024-05-26 16:23:40,14.0,No,Yes
TKT-08423,Access/Login,Medium,Resolved,Finance,Neha Gupta,2023-02-24 11:10:18,2023-02-25 18:10:18,31.0,No,No
TKT-08424,Network,High,Resolved,HR,Priya Singh,2024-07-07 18:21:54,2024-07-08 08:21:54,14.0,No,Yes
TKT-08425,Hardware,Medium,Closed,HR,Suresh Kumar,2024-09-14 19:14:39,2024-09-16 09:14:39,38.0,No,Yes
TKT-08426,Network,Low,Closed,Operations,Neha Gupta,2023-01-02 23:57:18,2023-01-04 12:57:18,37.0,No,No
TKT-08427,Hardware,Low,Resolved,Sales,Neha Gupta,2024-01-30 06:16:38,2024-02-01 04:16:38,46.0,No,No
TKT-08428,Email,Low,Resolved,Finance,Rohit Verma,2023-10-11 19:33:34,2023-10-12 23:33:34,28.0,No,No
TKT-08429,Email,Low,Resolved,Legal,Suresh Kumar,2023-09-09 12:38:39,2023-09-13 01:38:39,85.0,Yes,Yes
TKT-08430,Hardware,Medium,Closed,Marketing,Suresh Kumar,2023-08-27 20:16:25,2023-08-28 18:16:25,22.0,No,Yes
TKT-08431,Network,Medium,Closed,Finance,Rohit Verma,2024-10-03 16:43:10,2024-10-05 12:43:10,44.0,No,No
TKT-08432,Access/Login,Low,Resolved,Sales,Rohit Verma,2023-01-07 07:03:28,2023-01-08 12:03:28,29.0,No,Yes
TKT-08433,Software,High,Resolved,HR,Suresh Kumar,2023-07-19 09:11:57,2023-07-20 13:11:57,28.0,Yes,No
TKT-08434,Access/Login,High,Resolved,Finance,Neha Gupta,2023-07-19 00:01:28,2023-07-19 04:01:28,4.0,No,No
TKT-08435,Access/Login,Medium,Resolved,Finance,Amit Sharma,2024-01-13 19:55:07,2024-01-15 17:55:07,46.0,No,Yes
TKT-08436,Network,Medium,Open,Sales,Rohit Verma,2023-05-05 15:52:43,,,,No
TKT-08437,Hardware,High,Resolved,Finance,Neha Gupta,2023-09-19 04:48:32,2023-09-20 07:48:32,27.0,Yes,No
TKT-08438,Email,Low,Resolved,IT,Neha Gupta,2024-12-06 22:53:42,2024-12-08 03:53:42,29.0,No,No
TKT-08439,Software,Medium,Closed,HR,Vikram Joshi,2024-10-21 20:36:00,2024-10-22 15:36:00,19.0,No,No
TKT-08440,Access/Login,Medium,In Progress,Finance,Priya Singh,2024-04-24 01:05:43,,,,No
TKT-08441,Email,High,Resolved,IT,Vikram Joshi,2023-07-14 04:07:28,2023-07-15 02:07:28,22.0,No,No
TKT-08442,Access/Login,Low,Resolved,HR,Suresh Kumar,2024-09-24 19:49:55,2024-09-27 15:49:55,68.0,No,No
TKT-08443,Printer,Medium,Resolved,Legal,Suresh Kumar,2023-12-07 13:02:07,2023-12-09 00:02:07,35.0,No,No
TKT-08444,Network,High,Resolved,HR,Rohit Verma,2024-10-28 09:51:30,2024-10-28 17:51:30,8.0,No,No
TKT-08445,Network,High,Resolved,Sales,Vikram Joshi,2023-11-13 15:59:55,2023-11-14 12:59:55,21.0,No,No
TKT-08446,Access/Login,Medium,Resolved,Legal,Anjali Mehta,2024-12-07 19:34:52,2024-12-08 10:34:52,15.0,No,Yes
TKT-08447,Printer,Medium,In Progress,Legal,Anjali Mehta,2024-01-21 19:17:36,,,,Yes
TKT-08448,Software,Critical,Closed,Operations,Amit Sharma,2023-07-03 02:51:34,2023-07-03 05:51:34,3.0,No,No
TKT-08449,Email,Medium,In Progress,IT,Priya Singh,2023-02-04 01:27:32,,,,Yes
TKT-08450,Access/Login,High,Resolved,IT,Neha Gupta,2024-03-22 13:19:45,2024-03-23 02:19:45,13.0,No,No
TKT-08451,Access/Login,Low,Resolved,Legal,Vikram Joshi,2023-08-06 06:15:21,2023-08-09 01:15:21,67.0,No,Yes
TKT-08452,Network,Low,Closed,HR,Anjali Mehta,2023-03-23 08:53:42,2023-03-24 19:53:42,35.0,No,No
TKT-08453,Email,Low,Resolved,Sales,Priya Singh,2023-02-28 18:18:16,2023-03-04 01:18:16,79.0,Yes,No
TKT-08454,Printer,Medium,Resolved,IT,Neha Gupta,2023-09-12 05:18:09,2023-09-14 04:18:09,47.0,No,No
TKT-08455,Printer,Medium,In Progress,Finance,Rohit Verma,2024-07-04 04:13:24,,,,No
TKT-08456,Access/Login,Low,Open,Operations,Anjali Mehta,2024-11-10 09:10:32,,,,Yes
TKT-08457,Hardware,Low,In Progress,Finance,Anjali Mehta,2024-08-05 01:37:37,,,,No
TKT-08458,Access/Login,Low,Closed,Sales,Amit Sharma,2024-02-29 08:40:11,2024-03-03 06:40:11,70.0,No,No
TKT-08459,Email,Medium,Resolved,Finance,Vikram Joshi,2024-03-21 08:33:01,2024-03-22 11:33:01,27.0,No,No
TKT-08460,Network,Critical,Closed,Operations,Priya Singh,2024-09-12 05:45:51,2024-09-12 08:45:51,3.0,No,No
TKT-08461,Software,Critical,Closed,Operations,Rohit Verma,2023-08-15 02:16:49,2023-08-15 04:16:49,2.0,No,No
TKT-08462,Software,High,Open,HR,Neha Gupta,2024-07-06 11:42:58,,,,Yes
TKT-08463,Email,Medium,Resolved,Sales,Priya Singh,2023-12-05 19:07:40,2023-12-06 13:07:40,18.0,No,No
TKT-08464,Email,Medium,Resolved,HR,Anjali Mehta,2024-07-28 08:53:36,2024-07-28 14:53:36,6.0,No,Yes
TKT-08465,Network,Medium,Resolved,Operations,Priya Singh,2024-06-19 16:54:49,2024-06-20 14:54:49,22.0,No,No
TKT-08466,Printer,Medium,Resolved,IT,Neha Gupta,2023-10-19 10:23:47,2023-10-21 19:23:47,57.0,Yes,No
TKT-08467,Hardware,Medium,Open,HR,Anjali Mehta,2024-01-18 14:18:02,,,,No
TKT-08468,Access/Login,Low,Closed,Marketing,Amit Sharma,2024-01-03 20:44:47,2024-01-04 09:44:47,13.0,No,No
TKT-08469,Access/Login,Medium,Resolved,Marketing,Amit Sharma,2023-12-23 01:37:22,2023-12-23 17:37:22,16.0,No,Yes
TKT-08470,Hardware,Medium,Resolved,Marketing,Neha Gupta,2024-03-09 16:37:40,2024-03-11 22:37:40,54.0,Yes,Yes
TKT-08471,Email,Low,Resolved,Sales,Priya Singh,2024-04-30 19:11:26,2024-05-01 23:11:26,28.0,No,No
TKT-08472,Hardware,Low,Resolved,Sales,Anjali Mehta,2023-07-15 05:43:00,2023-07-17 18:43:00,61.0,No,Yes
TKT-08473,Software,High,Open,Finance,Rohit Verma,2023-05-23 06:40:30,,,,No
TKT-08474,Email,Low,Resolved,Finance,Suresh Kumar,2024-09-05 19:43:29,2024-09-08 08:43:29,61.0,No,No
TKT-08475,Software,Medium,Resolved,IT,Vikram Joshi,2024-11-19 15:38:48,2024-11-20 16:38:48,25.0,No,No
TKT-08476,Email,Low,Resolved,Operations,Rohit Verma,2023-09-16 04:11:42,2023-09-16 17:11:42,13.0,No,Yes
TKT-08477,Access/Login,Low,In Progress,Legal,Neha Gupta,2024-05-29 01:59:24,,,,No
TKT-08478,Hardware,Critical,Closed,Finance,Anjali Mehta,2024-03-24 11:36:11,2024-03-24 15:36:11,4.0,No,Yes
TKT-08479,Hardware,Medium,Resolved,Legal,Priya Singh,2024-04-26 13:01:12,2024-04-28 02:01:12,37.0,No,No
TKT-08480,Email,Medium,Resolved,Operations,Anjali Mehta,2024-10-06 16:37:05,2024-10-09 01:37:05,57.0,Yes,Yes
TKT-08481,Email,Medium,Closed,HR,Suresh Kumar,2024-06-23 03:01:34,2024-06-23 16:01:34,13.0,No,Yes
TKT-08482,Hardware,Low,Resolved,HR,Neha Gupta,2023-04-13 03:03:32,2023-04-14 01:03:32,22.0,No,No
TKT-08483,Printer,Medium,Resolved,Operations,Amit Sharma,2024-02-25 16:50:20,2024-02-27 18:50:20,50.0,Yes,Yes
TKT-08484,Access/Login,Medium,Closed,HR,Priya Singh,2023-08-23 11:57:54,2023-08-23 22:57:54,11.0,No,No
TKT-08485,Access/Login,Medium,Resolved,Finance,Anjali Mehta,2024-12-11 14:56:09,2024-12-13 18:56:09,52.0,Yes,No
TKT-08486,Hardware,High,Closed,Legal,Suresh Kumar,2023-02-28 19:49:09,2023-03-01 20:49:09,25.0,Yes,No
TKT-08487,Software,Critical,Closed,Marketing,Amit Sharma,2024-07-15 01:06:59,2024-07-15 09:06:59,8.0,Yes,No
TKT-08488,Printer,High,Resolved,Finance,Suresh Kumar,2023-03-09 07:06:26,2023-03-09 09:06:26,2.0,No,No
TKT-08489,Hardware,Low,In Progress,Finance,Priya Singh,2024-07-18 22:41:20,,,,No
TKT-08490,Network,Medium,Resolved,HR,Vikram Joshi,2023-10-09 01:08:32,2023-10-11 07:08:32,54.0,Yes,No
TKT-08491,Software,Critical,Resolved,Marketing,Vikram Joshi,2023-02-27 08:57:43,2023-02-27 17:57:43,9.0,Yes,No
TKT-08492,Access/Login,Low,In Progress,Finance,Priya Singh,2023-01-19 06:07:22,,,,No
TKT-08493,Hardware,Medium,Resolved,Finance,Amit Sharma,2023-07-11 09:56:54,2023-07-12 08:56:54,23.0,No,No
TKT-08494,Access/Login,Medium,Open,IT,Priya Singh,2023-10-04 14:30:36,,,,No
TKT-08495,Printer,Medium,Resolved,IT,Amit Sharma,2023-06-05 22:51:22,2023-06-06 15:51:22,17.0,No,No
TKT-08496,Software,Low,Resolved,Marketing,Suresh Kumar,2023-06-23 02:50:03,2023-06-25 22:50:03,68.0,No,No
TKT-08497,Access/Login,High,Closed,HR,Neha Gupta,2023-07-11 08:14:46,2023-07-11 17:14:46,9.0,No,No
TKT-08498,Printer,High,Closed,HR,Vikram Joshi,2024-06-10 12:21:24,2024-06-11 06:21:24,18.0,No,No
TKT-08499,Hardware,High,Resolved,Finance,Rohit Verma,2023-08-25 06:26:23,2023-08-26 02:26:23,20.0,No,No
TKT-08500,Network,Low,Resolved,Legal,Priya Singh,2024-01-10 19:08:12,2024-01-13 06:08:12,59.0,No,No
TKT-08501,Printer,Critical,Open,Legal,Rohit Verma,2024-07-17 14:35:38,,,,No
TKT-08502,Software,Low,Closed,HR,Suresh Kumar,2024-03-27 17:33:40,2024-03-28 22:33:40,29.0,No,No
TKT-08503,Software,High,Resolved,Marketing,Rohit Verma,2023-03-05 12:55:40,2023-03-06 10:55:40,22.0,No,Yes
TKT-08504,Access/Login,Critical,Resolved,Operations,Rohit Verma,2023-07-27 09:48:49,2023-07-27 12:48:49,3.0,No,No
TKT-08505,Email,Medium,Closed,Sales,Amit Sharma,2024-09-04 13:51:19,2024-09-06 06:51:19,41.0,No,No
TKT-08506,Email,Medium,Closed,Finance,Suresh Kumar,2023-07-06 05:20:05,2023-07-07 07:20:05,26.0,No,No
TKT-08507,Access/Login,Medium,Resolved,IT,Vikram Joshi,2024-09-02 08:36:57,2024-09-04 06:36:57,46.0,No,No
TKT-08508,Email,Medium,In Progress,Marketing,Rohit Verma,2024-05-08 12:39:21,,,,No
TKT-08509,Network,High,In Progress,Marketing,Amit Sharma,2024-07-08 18:49:17,,,,No
TKT-08510,Access/Login,Medium,Open,Sales,Vikram Joshi,2023-04-14 20:26:52,,,,No
TKT-08511,Printer,High,Closed,Finance,Amit Sharma,2024-06-29 22:39:55,2024-06-30 03:39:55,5.0,No,Yes
TKT-08512,Access/Login,High,Resolved,Operations,Anjali Mehta,2023-07-05 15:13:59,2023-07-06 07:13:59,16.0,No,No
TKT-08513,Software,Low,Resolved,Legal,Priya Singh,2023-05-14 20:27:44,2023-05-18 11:27:44,87.0,Yes,Yes
TKT-08514,Printer,High,Resolved,Sales,Priya Singh,2023-02-01 03:00:13,2023-02-02 01:00:13,22.0,No,No
TKT-08515,Printer,Low,Resolved,IT,Rohit Verma,2024-07-29 19:36:49,2024-08-01 02:36:49,55.0,No,No
TKT-08516,Email,Medium,Resolved,Operations,Rohit Verma,2024-05-28 05:50:07,2024-05-29 18:50:07,37.0,No,No
TKT-08517,Access/Login,Medium,Resolved,Operations,Vikram Joshi,2024-04-18 04:34:31,2024-04-19 15:34:31,35.0,No,No
TKT-08518,Email,Critical,Closed,Sales,Suresh Kumar,2023-04-11 15:24:13,2023-04-11 20:24:13,5.0,Yes,No
TKT-08519,Network,High,Resolved,Finance,Vikram Joshi,2024-09-21 01:26:25,2024-09-22 03:26:25,26.0,Yes,Yes
TKT-08520,Email,Medium,Closed,HR,Rohit Verma,2023-07-03 20:30:17,2023-07-04 07:30:17,11.0,No,No
TKT-08521,Email,Medium,Resolved,HR,Vikram Joshi,2023-10-15 03:47:23,2023-10-16 13:47:23,34.0,No,Yes
TKT-08522,Hardware,Medium,Open,HR,Rohit Verma,2024-01-01 04:23:54,,,,No
TKT-08523,Software,Low,In Progress,Legal,Neha Gupta,2024-08-19 09:34:03,,,,No
TKT-08524,Email,Medium,Resolved,Finance,Suresh Kumar,2024-12-11 11:54:35,2024-12-11 22:54:35,11.0,No,No
TKT-08525,Printer,Medium,Closed,Legal,Priya Singh,2024-09-15 03:32:29,2024-09-16 07:32:29,28.0,No,Yes
TKT-08526,Software,High,Closed,Operations,Suresh Kumar,2024-11-11 06:22:32,2024-11-12 04:22:32,22.0,No,No
TKT-08527,Network,High,Resolved,IT,Rohit Verma,2023-01-12 20:13:03,2023-01-13 01:13:03,5.0,No,No
TKT-08528,Printer,High,Resolved,Legal,Vikram Joshi,2023-07-06 15:46:07,2023-07-07 13:46:07,22.0,No,No
TKT-08529,Network,Medium,Closed,Sales,Amit Sharma,2024-09-24 01:54:39,2024-09-26 01:54:39,48.0,No,No
TKT-08530,Printer,Low,Closed,HR,Neha Gupta,2023-08-31 17:46:39,2023-09-03 23:46:39,78.0,Yes,No
TKT-08531,Access/Login,Low,Open,IT,Anjali Mehta,2024-04-04 20:26:16,,,,No
TKT-08532,Software,Low,Closed,Marketing,Rohit Verma,2023-04-16 15:22:28,2023-04-17 13:22:28,22.0,No,Yes
TKT-08533,Hardware,Medium,Open,Finance,Amit Sharma,2023-11-15 15:42:30,,,,No
TKT-08534,Printer,High,Resolved,Sales,Amit Sharma,2023-09-14 11:09:42,2023-09-14 15:09:42,4.0,No,No
TKT-08535,Email,Medium,Resolved,Marketing,Anjali Mehta,2024-11-08 15:45:42,2024-11-10 13:45:42,46.0,No,No
TKT-08536,Software,Medium,Resolved,Sales,Vikram Joshi,2024-04-10 03:16:05,2024-04-10 13:16:05,10.0,No,No
TKT-08537,Hardware,Low,Resolved,Finance,Suresh Kumar,2024-08-15 06:55:49,2024-08-17 23:55:49,65.0,No,No
TKT-08538,Access/Login,Medium,Resolved,Sales,Neha Gupta,2024-02-24 00:02:02,2024-02-26 08:02:02,56.0,Yes,Yes
TKT-08539,Printer,Low,Resolved,Legal,Priya Singh,2023-03-25 00:53:48,2023-03-25 14:53:48,14.0,No,Yes
TKT-08540,Printer,Low,Closed,Sales,Priya Singh,2024-12-11 17:07:44,2024-12-12 13:07:44,20.0,No,No
TKT-08541,Printer,Medium,Closed,IT,Vikram Joshi,2023-04-12 14:26:46,2023-04-12 23:26:46,9.0,No,No
TKT-08542,Access/Login,Low,Closed,HR,Vikram Joshi,2023-03-19 08:42:00,2023-03-23 02:42:00,90.0,Yes,Yes
TKT-08543,Printer,High,Open,Finance,Rohit Verma,2023-08-27 19:02:07,,,,Yes
TKT-08544,Hardware,Medium,Closed,IT,Rohit Verma,2024-12-12 01:32:31,2024-12-13 03:32:31,26.0,No,No
TKT-08545,Email,High,Closed,Finance,Priya Singh,2023-11-17 16:45:31,2023-11-18 00:45:31,8.0,No,No
TKT-08546,Access/Login,High,Resolved,Marketing,Anjali Mehta,2023-04-28 13:38:24,2023-04-29 12:38:24,23.0,No,No
TKT-08547,Printer,High,Resolved,Finance,Priya Singh,2023-06-18 12:47:05,2023-06-18 22:47:05,10.0,No,Yes
TKT-08548,Printer,High,Closed,Marketing,Amit Sharma,2023-03-02 23:35:52,2023-03-03 05:35:52,6.0,No,No
TKT-08549,Hardware,Critical,Resolved,IT,Anjali Mehta,2023-12-14 10:57:02,2023-12-14 17:57:02,7.0,Yes,No
TKT-08550,Hardware,Medium,Closed,Finance,Neha Gupta,2024-09-16 04:10:11,2024-09-17 08:10:11,28.0,No,No
TKT-08551,Printer,High,Closed,Marketing,Suresh Kumar,2024-12-21 20:17:29,2024-12-22 00:17:29,4.0,No,Yes
TKT-08552,Printer,Medium,Resolved,Finance,Anjali Mehta,2023-10-23 10:08:24,2023-10-25 10:08:24,48.0,No,No
TKT-08553,Software,High,Closed,HR,Priya Singh,2023-07-15 06:13:35,2023-07-15 20:13:35,14.0,No,Yes
TKT-08554,Hardware,Medium,Resolved,IT,Amit Sharma,2024-03-25 03:30:45,2024-03-27 06:30:45,51.0,Yes,No
TKT-08555,Network,Low,Resolved,Finance,Anjali Mehta,2024-01-18 14:07:33,2024-01-21 05:07:33,63.0,No,No
TKT-08556,Access/Login,Low,Resolved,Sales,Neha Gupta,2023-08-29 23:06:53,2023-08-31 23:06:53,48.0,No,No
TKT-08557,Access/Login,Low,Resolved,IT,Neha Gupta,2023-10-08 08:50:04,2023-10-08 19:50:04,11.0,No,Yes
TKT-08558,Hardware,High,Closed,IT,Vikram Joshi,2023-11-08 03:14:41,2023-11-08 19:14:41,16.0,No,No
TKT-08559,Access/Login,Medium,Closed,Operations,Vikram Joshi,2024-06-09 22:44:56,2024-06-11 10:44:56,36.0,No,Yes
TKT-08560,Software,Medium,Closed,Sales,Priya Singh,2023-09-27 21:07:10,2023-09-29 10:07:10,37.0,No,No
TKT-08561,Software,High,Closed,Marketing,Neha Gupta,2024-10-06 20:49:32,2024-10-07 22:49:32,26.0,Yes,Yes
TKT-08562,Software,Medium,Resolved,Sales,Vikram Joshi,2023-12-16 15:18:22,2023-12-18 11:18:22,44.0,No,Yes
TKT-08563,Access/Login,Medium,Closed,Legal,Rohit Verma,2023-01-21 07:52:40,2023-01-21 16:52:40,9.0,No,Yes
TKT-08564,Printer,High,Resolved,Operations,Amit Sharma,2024-11-01 11:47:58,2024-11-02 03:47:58,16.0,No,No
TKT-08565,Access/Login,Critical,Closed,Sales,Amit Sharma,2023-03-08 17:07:17,2023-03-08 21:07:17,4.0,No,No
TKT-08566,Software,Medium,Closed,IT,Suresh Kumar,2024-09-14 05:44:01,2024-09-15 19:44:01,38.0,No,Yes
TKT-08567,Access/Login,High,Resolved,HR,Neha Gupta,2023-05-13 06:52:23,2023-05-14 03:52:23,21.0,No,Yes
TKT-08568,Printer,High,Closed,Legal,Suresh Kumar,2023-12-24 00:08:57,2023-12-24 04:08:57,4.0,No,Yes
TKT-08569,Hardware,Medium,Resolved,Legal,Priya Singh,2024-09-13 08:17:03,2024-09-13 14:17:03,6.0,No,No
TKT-08570,Email,Medium,Closed,IT,Vikram Joshi,2024-01-25 12:59:56,2024-01-25 17:59:56,5.0,No,No
TKT-08571,Email,Medium,Resolved,HR,Anjali Mehta,2024-01-14 04:31:34,2024-01-16 03:31:34,47.0,No,Yes
TKT-08572,Access/Login,Low,In Progress,IT,Rohit Verma,2023-03-17 14:14:53,,,,No
TKT-08573,Software,High,Closed,Sales,Neha Gupta,2023-08-28 13:05:09,2023-08-29 01:05:09,12.0,No,No
TKT-08574,Software,Medium,In Progress,Finance,Suresh Kumar,2023-12-27 20:53:57,,,,No
TKT-08575,Email,High,Resolved,Operations,Rohit Verma,2024-09-30 20:37:15,2024-10-01 02:37:15,6.0,No,No
TKT-08576,Hardware,Medium,Resolved,Sales,Vikram Joshi,2024-05-08 05:14:27,2024-05-10 12:14:27,55.0,Yes,No
TKT-08577,Printer,Medium,Resolved,IT,Amit Sharma,2024-03-19 12:42:57,2024-03-21 04:42:57,40.0,No,No
TKT-08578,Email,Medium,Resolved,Sales,Priya Singh,2023-07-01 06:46:13,2023-07-03 03:46:13,45.0,No,Yes
TKT-08579,Hardware,Medium,Closed,Operations,Priya Singh,2023-04-28 15:21:56,2023-04-29 05:21:56,14.0,No,No
TKT-08580,Hardware,Low,Resolved,Operations,Anjali Mehta,2024-05-11 08:50:11,2024-05-13 19:50:11,59.0,No,Yes
TKT-08581,Software,High,Closed,Marketing,Priya Singh,2024-06-22 13:30:50,2024-06-22 17:30:50,4.0,No,Yes
TKT-08582,Email,Medium,Resolved,Sales,Neha Gupta,2024-11-09 20:55:16,2024-11-11 19:55:16,47.0,No,Yes
TKT-08583,Printer,Medium,Resolved,Legal,Rohit Verma,2024-11-14 22:34:23,2024-11-16 22:34:23,48.0,No,No
TKT-08584,Printer,Low,Resolved,HR,Anjali Mehta,2023-10-02 12:22:44,2023-10-03 06:22:44,18.0,No,No
TKT-08585,Software,Low,Resolved,Legal,Anjali Mehta,2023-10-05 16:59:09,2023-10-07 17:59:09,49.0,No,No
TKT-08586,Network,Medium,Resolved,HR,Priya Singh,2024-12-22 18:15:03,2024-12-24 16:15:03,46.0,No,Yes
TKT-08587,Access/Login,Medium,Closed,Legal,Rohit Verma,2023-07-05 18:51:15,2023-07-07 02:51:15,32.0,No,No
TKT-08588,Hardware,High,In Progress,IT,Suresh Kumar,2024-10-07 23:00:28,,,,No
TKT-08589,Access/Login,Medium,Resolved,IT,Suresh Kumar,2024-10-23 09:03:07,2024-10-25 20:03:07,59.0,Yes,No
TKT-08590,Hardware,High,Closed,HR,Neha Gupta,2023-10-30 23:10:29,2023-10-31 22:10:29,23.0,No,No
TKT-08591,Access/Login,High,Open,Sales,Anjali Mehta,2023-08-12 21:42:37,,,,Yes
TKT-08592,Access/Login,Low,Closed,HR,Priya Singh,2024-06-26 00:15:32,2024-06-28 20:15:32,68.0,No,No
TKT-08593,Access/Login,Low,Resolved,Operations,Suresh Kumar,2023-09-01 16:55:47,2023-09-04 08:55:47,64.0,No,No
TKT-08594,Network,Medium,Resolved,Legal,Vikram Joshi,2023-09-27 21:58:26,2023-09-28 08:58:26,11.0,No,No
TKT-08595,Network,Medium,Resolved,Operations,Anjali Mehta,2024-04-19 10:25:09,2024-04-21 01:25:09,39.0,No,No
TKT-08596,Email,Medium,Resolved,Sales,Vikram Joshi,2024-02-16 05:45:25,2024-02-18 06:45:25,49.0,Yes,No
TKT-08597,Printer,Medium,Closed,HR,Vikram Joshi,2024-03-12 16:52:23,2024-03-13 20:52:23,28.0,No,No
TKT-08598,Network,Critical,In Progress,Legal,Vikram Joshi,2024-05-09 20:25:04,,,,No
TKT-08599,Network,Medium,Closed,Operations,Suresh Kumar,2023-03-05 02:07:52,2023-03-07 00:07:52,46.0,No,Yes
TKT-08600,Hardware,Medium,Resolved,Finance,Anjali Mehta,2024-04-23 21:35:21,2024-04-24 10:35:21,13.0,No,No
TKT-08601,Software,High,Open,IT,Priya Singh,2023-06-15 16:12:17,,,,No
TKT-08602,Network,High,Resolved,Legal,Vikram Joshi,2024-12-18 07:29:45,2024-12-18 21:29:45,14.0,No,No
TKT-08603,Access/Login,Medium,Resolved,Operations,Neha Gupta,2024-06-05 20:53:36,2024-06-08 07:53:36,59.0,Yes,No
TKT-08604,Email,High,Resolved,IT,Rohit Verma,2024-10-31 04:59:03,2024-10-31 07:59:03,3.0,No,No
TKT-08605,Access/Login,Low,Closed,Marketing,Suresh Kumar,2023-09-12 14:54:48,2023-09-15 08:54:48,66.0,No,No
TKT-08606,Hardware,Low,Resolved,IT,Priya Singh,2023-04-27 12:16:02,2023-04-29 10:16:02,46.0,No,No
TKT-08607,Access/Login,Low,Resolved,Operations,Amit Sharma,2023-02-03 04:17:22,2023-02-05 15:17:22,59.0,No,No
TKT-08608,Access/Login,Medium,Closed,IT,Neha Gupta,2023-03-12 15:29:25,2023-03-14 21:29:25,54.0,Yes,Yes
TKT-08609,Email,Medium,Open,Finance,Priya Singh,2023-07-14 16:38:13,,,,No
TKT-08610,Access/Login,Critical,In Progress,Finance,Amit Sharma,2023-06-13 03:20:58,,,,No
TKT-08611,Software,Medium,Resolved,Operations,Amit Sharma,2023-05-14 09:28:13,2023-05-14 16:28:13,7.0,No,Yes
TKT-08612,Access/Login,Medium,Closed,Finance,Neha Gupta,2024-07-01 18:19:34,2024-07-02 06:19:34,12.0,No,No
TKT-08613,Email,Low,Resolved,Marketing,Neha Gupta,2023-01-27 16:15:50,2023-01-28 03:15:50,11.0,No,No
TKT-08614,Email,Low,Closed,Operations,Anjali Mehta,2024-06-06 14:28:52,2024-06-08 08:28:52,42.0,No,No
TKT-08615,Hardware,High,Resolved,IT,Amit Sharma,2023-08-22 18:56:47,2023-08-22 23:56:47,5.0,No,No
TKT-08616,Hardware,Low,Closed,Marketing,Neha Gupta,2023-08-02 22:15:12,2023-08-05 04:15:12,54.0,No,No
TKT-08617,Software,Low,Resolved,Sales,Neha Gupta,2024-05-30 16:43:31,2024-06-02 19:43:31,75.0,Yes,No
TKT-08618,Email,Low,Resolved,Finance,Vikram Joshi,2023-10-11 00:24:02,2023-10-11 16:24:02,16.0,No,No
TKT-08619,Network,High,Closed,IT,Anjali Mehta,2024-03-22 02:34:59,2024-03-23 00:34:59,22.0,No,No
TKT-08620,Network,Low,Closed,HR,Suresh Kumar,2024-12-18 11:49:13,2024-12-18 21:49:13,10.0,No,No
TKT-08621,Hardware,High,In Progress,Operations,Neha Gupta,2023-01-20 21:23:09,,,,No
TKT-08622,Network,High,Resolved,Operations,Neha Gupta,2024-06-02 03:42:32,2024-06-03 06:42:32,27.0,Yes,Yes
TKT-08623,Hardware,High,Closed,Finance,Amit Sharma,2023-02-14 17:32:14,2023-02-15 10:32:14,17.0,No,No
TKT-08624,Software,Low,Resolved,Marketing,Rohit Verma,2023-12-11 05:11:07,2023-12-14 07:11:07,74.0,Yes,No
TKT-08625,Network,Medium,Closed,Marketing,Anjali Mehta,2024-07-15 03:41:12,2024-07-17 06:41:12,51.0,Yes,No
TKT-08626,Printer,Medium,Closed,Marketing,Amit Sharma,2023-10-19 00:54:54,2023-10-20 08:54:54,32.0,No,No
TKT-08627,Printer,Low,Closed,Finance,Vikram Joshi,2024-05-17 02:46:12,2024-05-17 16:46:12,14.0,No,No
TKT-08628,Printer,Low,Resolved,Legal,Amit Sharma,2024-09-24 12:24:51,2024-09-26 20:24:51,56.0,No,No
TKT-08629,Access/Login,High,Closed,Sales,Neha Gupta,2023-11-06 08:03:04,2023-11-07 14:03:04,30.0,Yes,No
TKT-08630,Email,Medium,Closed,IT,Amit Sharma,2023-11-11 08:34:38,2023-11-11 22:34:38,14.0,No,Yes
TKT-08631,Network,Low,Closed,Operations,Anjali Mehta,2024-10-06 04:14:02,2024-10-08 04:14:02,48.0,No,Yes
TKT-08632,Network,High,Closed,IT,Vikram Joshi,2023-07-28 17:59:43,2023-07-29 08:59:43,15.0,No,No
TKT-08633,Hardware,High,Closed,Finance,Amit Sharma,2023-04-29 01:59:48,2023-04-29 10:59:48,9.0,No,Yes
TKT-08634,Software,Medium,Resolved,Marketing,Vikram Joshi,2023-01-09 23:42:50,2023-01-11 10:42:50,35.0,No,No
TKT-08635,Hardware,Low,Resolved,Legal,Amit Sharma,2024-03-04 05:52:39,2024-03-06 17:52:39,60.0,No,No
TKT-08636,Printer,Low,Closed,Finance,Neha Gupta,2024-06-09 21:15:13,2024-06-12 19:15:13,70.0,No,Yes
TKT-08637,Printer,Low,Resolved,Finance,Vikram Joshi,2024-06-03 23:46:57,2024-06-07 04:46:57,77.0,Yes,No
TKT-08638,Email,Low,Resolved,Operations,Amit Sharma,2024-06-21 03:13:48,2024-06-23 15:13:48,60.0,No,No
TKT-08639,Software,Medium,Resolved,Finance,Amit Sharma,2023-07-30 16:43:21,2023-07-31 05:43:21,13.0,No,Yes
TKT-08640,Hardware,Critical,Resolved,HR,Vikram Joshi,2024-11-13 02:07:42,2024-11-13 06:07:42,4.0,No,No
TKT-08641,Hardware,Low,Closed,IT,Rohit Verma,2024-01-12 01:15:03,2024-01-14 15:15:03,62.0,No,No
TKT-08642,Network,Low,Closed,Sales,Anjali Mehta,2024-03-09 15:21:10,2024-03-10 04:21:10,13.0,No,Yes
TKT-08643,Network,Low,Resolved,Marketing,Suresh Kumar,2024-10-24 13:50:32,2024-10-26 20:50:32,55.0,No,No
TKT-08644,Email,Medium,Resolved,Finance,Rohit Verma,2023-09-12 07:01:27,2023-09-12 23:01:27,16.0,No,No
TKT-08645,Network,High,Resolved,Marketing,Anjali Mehta,2024-05-03 23:39:25,2024-05-05 05:39:25,30.0,Yes,No
TKT-08646,Network,Medium,Resolved,Finance,Priya Singh,2023-07-29 07:17:15,2023-07-31 01:17:15,42.0,No,Yes
TKT-08647,Printer,Medium,Open,IT,Amit Sharma,2023-02-04 20:32:28,,,,Yes
TKT-08648,Software,Medium,Open,Marketing,Suresh Kumar,2023-03-01 10:11:14,,,,No
TKT-08649,Hardware,High,Closed,Finance,Rohit Verma,2023-03-26 00:18:09,2023-03-27 01:18:09,25.0,Yes,Yes
TKT-08650,Network,Low,Resolved,Operations,Anjali Mehta,2024-02-02 00:10:05,2024-02-02 14:10:05,14.0,No,No
TKT-08651,Access/Login,Critical,Resolved,IT,Amit Sharma,2024-06-19 12:11:42,2024-06-19 21:11:42,9.0,Yes,No
TKT-08652,Printer,Medium,Open,Finance,Rohit Verma,2023-10-28 23:36:38,,,,Yes
TKT-08653,Access/Login,Low,Resolved,Sales,Suresh Kumar,2024-08-20 08:44:59,2024-08-22 17:44:59,57.0,No,No
TKT-08654,Access/Login,Low,Closed,Legal,Neha Gupta,2024-10-20 03:00:45,2024-10-23 14:00:45,83.0,Yes,Yes
TKT-08655,Printer,Low,Resolved,Operations,Anjali Mehta,2023-01-06 10:47:34,2023-01-10 02:47:34,88.0,Yes,No
TKT-08656,Hardware,High,Resolved,HR,Anjali Mehta,2023-07-05 00:59:00,2023-07-05 03:59:00,3.0,No,No
TKT-08657,Printer,Medium,Resolved,IT,Amit Sharma,2023-01-10 16:54:27,2023-01-12 17:54:27,49.0,Yes,No
TKT-08658,Access/Login,Low,Resolved,Sales,Amit Sharma,2023-03-20 20:56:46,2023-03-21 10:56:46,14.0,No,No
TKT-08659,Software,Low,Closed,HR,Suresh Kumar,2023-11-17 19:30:02,2023-11-19 07:30:02,36.0,No,No
TKT-08660,Email,Low,Closed,Marketing,Amit Sharma,2024-01-14 13:46:27,2024-01-18 00:46:27,83.0,Yes,Yes
TKT-08661,Hardware,High,Open,Finance,Amit Sharma,2024-01-30 23:39:12,,,,No
TKT-08662,Email,Low,Resolved,Legal,Priya Singh,2024-10-18 23:22:21,2024-10-19 19:22:21,20.0,No,No
TKT-08663,Software,Medium,Closed,Legal,Priya Singh,2024-12-23 17:40:25,2024-12-25 02:40:25,33.0,No,No
TKT-08664,Software,Critical,In Progress,HR,Rohit Verma,2023-08-06 04:24:15,,,,Yes
TKT-08665,Access/Login,Medium,Closed,HR,Anjali Mehta,2023-12-21 12:46:10,2023-12-21 17:46:10,5.0,No,No
TKT-08666,Printer,High,Closed,Sales,Priya Singh,2023-06-15 12:39:54,2023-06-16 13:39:54,25.0,Yes,No
TKT-08667,Email,High,Closed,Sales,Priya Singh,2024-06-26 14:39:56,2024-06-27 18:39:56,28.0,Yes,No
TKT-08668,Email,Critical,Resolved,Operations,Rohit Verma,2024-07-11 03:15:32,2024-07-11 05:15:32,2.0,No,No
TKT-08669,Printer,Medium,Closed,Sales,Suresh Kumar,2023-10-01 21:13:34,2023-10-04 05:13:34,56.0,Yes,Yes
TKT-08670,Email,Medium,Resolved,Finance,Anjali Mehta,2023-11-22 03:15:37,2023-11-22 21:15:37,18.0,No,No
TKT-08671,Hardware,Low,Closed,Marketing,Suresh Kumar,2023-12-10 06:11:33,2023-12-12 14:11:33,56.0,No,Yes
TKT-08672,Hardware,Medium,Closed,Marketing,Vikram Joshi,2023-08-12 06:13:37,2023-08-13 15:13:37,33.0,No,Yes
TKT-08673,Email,Medium,Resolved,Sales,Priya Singh,2023-02-09 02:52:49,2023-02-10 04:52:49,26.0,No,No
TKT-08674,Access/Login,Low,Open,Marketing,Amit Sharma,2024-04-13 20:47:02,,,,Yes
TKT-08675,Network,Low,Open,IT,Rohit Verma,2023-12-22 22:37:06,,,,No
TKT-08676,Hardware,High,Closed,Operations,Priya Singh,2023-05-05 13:43:52,2023-05-05 19:43:52,6.0,No,No
TKT-08677,Access/Login,Medium,Open,Marketing,Amit Sharma,2023-07-24 20:56:40,,,,No
TKT-08678,Access/Login,Low,In Progress,Operations,Suresh Kumar,2023-03-20 09:40:39,,,,No
TKT-08679,Access/Login,Medium,In Progress,HR,Neha Gupta,2024-06-23 02:48:26,,,,Yes
TKT-08680,Printer,Medium,Resolved,Operations,Amit Sharma,2023-10-24 00:10:26,2023-10-24 06:10:26,6.0,No,No
TKT-08681,Printer,Low,Resolved,HR,Suresh Kumar,2023-03-08 18:53:55,2023-03-11 04:53:55,58.0,No,No
TKT-08682,Software,Low,Resolved,Marketing,Neha Gupta,2023-10-22 03:37:07,2023-10-22 21:37:07,18.0,No,Yes
TKT-08683,Hardware,Low,Closed,Legal,Suresh Kumar,2024-10-01 10:37:14,2024-10-03 09:37:14,47.0,No,No
TKT-08684,Network,High,Open,IT,Amit Sharma,2024-01-28 15:16:00,,,,Yes
TKT-08685,Printer,Critical,Closed,Sales,Vikram Joshi,2024-08-11 00:27:42,2024-08-11 10:27:42,10.0,Yes,Yes
TKT-08686,Hardware,High,Resolved,Finance,Rohit Verma,2024-11-14 08:00:46,2024-11-15 04:00:46,20.0,No,No
TKT-08687,Software,Low,Resolved,Finance,Rohit Verma,2023-11-21 11:26:56,2023-11-25 02:26:56,87.0,Yes,No
TKT-08688,Hardware,Low,Resolved,Marketing,Neha Gupta,2023-12-14 04:31:59,2023-12-17 18:31:59,86.0,Yes,No
TKT-08689,Software,Low,Resolved,Operations,Priya Singh,2023-09-08 23:26:45,2023-09-11 05:26:45,54.0,No,No
TKT-08690,Email,Medium,Closed,Finance,Anjali Mehta,2023-07-09 07:46:20,2023-07-11 15:46:20,56.0,Yes,Yes
TKT-08691,Access/Login,High,Closed,Sales,Priya Singh,2024-04-22 13:52:07,2024-04-23 18:52:07,29.0,Yes,No
TKT-08692,Email,Medium,Closed,Finance,Neha Gupta,2024-09-24 05:33:51,2024-09-26 09:33:51,52.0,Yes,No
TKT-08693,Access/Login,Medium,Resolved,Sales,Rohit Verma,2024-11-11 19:25:41,2024-11-14 02:25:41,55.0,Yes,No
TKT-08694,Email,Low,Open,Sales,Neha Gupta,2024-07-13 23:59:25,,,,Yes
TKT-08695,Printer,Medium,Resolved,Legal,Rohit Verma,2023-04-28 22:19:19,2023-04-30 05:19:19,31.0,No,No
TKT-08696,Email,Medium,Resolved,Sales,Priya Singh,2024-11-12 14:30:41,2024-11-14 03:30:41,37.0,No,No
TKT-08697,Email,Low,Open,Operations,Amit Sharma,2024-09-25 13:54:02,,,,No
TKT-08698,Access/Login,Low,Closed,Operations,Suresh Kumar,2023-10-15 07:52:01,2023-10-16 17:52:01,34.0,No,Yes
TKT-08699,Hardware,Medium,Open,IT,Anjali Mehta,2024-01-25 14:15:18,,,,No
TKT-08700,Printer,Low,Resolved,HR,Neha Gupta,2024-07-22 07:39:41,2024-07-22 23:39:41,16.0,No,No
TKT-08701,Hardware,Medium,Open,Finance,Vikram Joshi,2023-11-28 01:50:00,,,,No
TKT-08702,Printer,Medium,Resolved,Operations,Amit Sharma,2024-05-15 03:23:54,2024-05-17 07:23:54,52.0,Yes,No
TKT-08703,Network,Low,Closed,IT,Priya Singh,2023-07-13 21:08:37,2023-07-16 04:08:37,55.0,No,No
TKT-08704,Email,High,Resolved,IT,Vikram Joshi,2023-09-18 09:50:41,2023-09-18 23:50:41,14.0,No,No
TKT-08705,Software,Low,Closed,Sales,Neha Gupta,2024-03-14 19:36:07,2024-03-16 09:36:07,38.0,No,No
TKT-08706,Access/Login,High,Open,HR,Vikram Joshi,2024-05-06 09:16:17,,,,No
TKT-08707,Printer,High,Resolved,Operations,Anjali Mehta,2024-08-05 06:34:00,2024-08-05 11:34:00,5.0,No,No
TKT-08708,Software,Critical,Closed,Finance,Amit Sharma,2023-04-12 02:42:16,2023-04-12 05:42:16,3.0,No,No
TKT-08709,Access/Login,Low,Resolved,Marketing,Suresh Kumar,2024-05-27 23:17:58,2024-05-28 20:17:58,21.0,No,No
TKT-08710,Access/Login,Medium,Closed,IT,Priya Singh,2023-05-16 23:32:48,2023-05-17 17:32:48,18.0,No,No
TKT-08711,Network,Medium,Closed,Marketing,Neha Gupta,2023-11-26 06:01:24,2023-11-27 19:01:24,37.0,No,Yes
TKT-08712,Printer,Low,Resolved,Marketing,Neha Gupta,2024-10-12 14:05:34,2024-10-14 11:05:34,45.0,No,Yes
TKT-08713,Email,Medium,Resolved,Finance,Vikram Joshi,2023-03-16 01:59:25,2023-03-16 19:59:25,18.0,No,No
TKT-08714,Hardware,Low,Closed,Sales,Neha Gupta,2023-01-21 15:49:44,2023-01-22 13:49:44,22.0,No,Yes
TKT-08715,Software,Low,In Progress,Finance,Rohit Verma,2024-12-08 12:07:58,,,,Yes
TKT-08716,Hardware,Critical,Closed,Legal,Anjali Mehta,2023-01-27 17:18:31,2023-01-27 18:18:31,1.0,No,No
TKT-08717,Hardware,Low,Resolved,Sales,Priya Singh,2023-03-03 08:56:03,2023-03-04 00:56:03,16.0,No,No
TKT-08718,Hardware,Medium,Closed,Sales,Amit Sharma,2023-07-20 23:50:35,2023-07-22 04:50:35,29.0,No,No
TKT-08719,Access/Login,Medium,Resolved,IT,Amit Sharma,2023-07-25 08:41:38,2023-07-26 05:41:38,21.0,No,No
TKT-08720,Printer,Medium,Resolved,IT,Anjali Mehta,2024-04-11 23:28:52,2024-04-12 09:28:52,10.0,No,No
TKT-08721,Network,Critical,Open,Sales,Anjali Mehta,2023-10-16 10:15:11,,,,No
TKT-08722,Software,Low,Closed,Marketing,Rohit Verma,2024-01-09 04:55:07,2024-01-12 00:55:07,68.0,No,No
TKT-08723,Hardware,Low,Resolved,Legal,Vikram Joshi,2023-08-08 14:54:14,2023-08-12 01:54:14,83.0,Yes,No
TKT-08724,Printer,Low,Resolved,Finance,Rohit Verma,2024-10-22 03:46:26,2024-10-25 12:46:26,81.0,Yes,No
TKT-08725,Network,Low,Closed,Sales,Suresh Kumar,2024-10-30 21:31:46,2024-11-01 21:31:46,48.0,No,No
TKT-08726,Email,Critical,Open,Sales,Neha Gupta,2023-12-19 10:51:53,,,,No
TKT-08727,Email,Medium,Closed,Operations,Vikram Joshi,2023-06-12 15:28:38,2023-06-13 20:28:38,29.0,No,No
TKT-08728,Access/Login,Critical,Resolved,IT,Vikram Joshi,2024-11-21 00:14:35,2024-11-21 05:14:35,5.0,Yes,No
TKT-08729,Hardware,Low,Resolved,Marketing,Rohit Verma,2023-04-29 21:33:21,2023-05-01 00:33:21,27.0,No,Yes
TKT-08730,Network,Low,Resolved,HR,Neha Gupta,2023-11-19 06:23:00,2023-11-21 23:23:00,65.0,No,Yes
TKT-08731,Software,Low,Resolved,HR,Neha Gupta,2023-02-22 09:36:11,2023-02-23 12:36:11,27.0,No,No
TKT-08732,Email,Medium,Resolved,Finance,Amit Sharma,2023-10-06 13:36:02,2023-10-07 02:36:02,13.0,No,No
TKT-08733,Printer,Medium,Closed,IT,Neha Gupta,2024-08-31 15:47:56,2024-09-02 02:47:56,35.0,No,Yes
TKT-08734,Hardware,Medium,Resolved,IT,Priya Singh,2024-01-29 04:25:59,2024-01-29 11:25:59,7.0,No,No
TKT-08735,Software,Medium,Resolved,Finance,Neha Gupta,2023-01-14 10:46:10,2023-01-15 23:46:10,37.0,No,Yes
TKT-08736,Network,Medium,Closed,Legal,Suresh Kumar,2024-01-15 05:40:25,2024-01-15 23:40:25,18.0,No,No
TKT-08737,Software,Medium,Resolved,Finance,Vikram Joshi,2023-04-08 22:36:03,2023-04-09 23:36:03,25.0,No,Yes
TKT-08738,Email,Medium,Resolved,HR,Rohit Verma,2024-03-13 09:15:01,2024-03-14 16:15:01,31.0,No,No
TKT-08739,Software,Medium,Resolved,Sales,Priya Singh,2023-07-05 02:45:29,2023-07-06 17:45:29,39.0,No,No
TKT-08740,Email,High,Closed,IT,Vikram Joshi,2024-01-12 10:05:52,2024-01-12 15:05:52,5.0,No,No
TKT-08741,Network,High,Resolved,Legal,Anjali Mehta,2024-04-14 18:35:09,2024-04-15 23:35:09,29.0,Yes,Yes
TKT-08742,Email,Low,Closed,Sales,Anjali Mehta,2023-07-12 15:33:23,2023-07-15 15:33:23,72.0,No,No
TKT-08743,Hardware,Medium,Resolved,HR,Suresh Kumar,2024-01-26 23:20:28,2024-01-27 04:20:28,5.0,No,No
TKT-08744,Software,Medium,Closed,Sales,Rohit Verma,2024-04-23 06:45:16,2024-04-23 11:45:16,5.0,No,No
TKT-08745,Printer,Medium,Resolved,Operations,Neha Gupta,2024-07-28 11:17:44,2024-07-29 07:17:44,20.0,No,Yes
TKT-08746,Network,Medium,Closed,HR,Suresh Kumar,2024-01-01 13:20:28,2024-01-02 16:20:28,27.0,No,No
TKT-08747,Email,Low,Resolved,Sales,Amit Sharma,2023-07-23 05:26:24,2023-07-26 10:26:24,77.0,Yes,Yes
TKT-08748,Hardware,Low,Resolved,Sales,Anjali Mehta,2024-04-09 08:53:10,2024-04-12 08:53:10,72.0,No,No
TKT-08749,Network,Low,In Progress,Sales,Amit Sharma,2023-02-26 01:00:34,,,,Yes
TKT-08750,Email,Low,Closed,Sales,Amit Sharma,2024-08-19 05:28:06,2024-08-20 10:28:06,29.0,No,No
TKT-08751,Network,Medium,Closed,Operations,Amit Sharma,2023-10-27 05:34:27,2023-10-29 02:34:27,45.0,No,No
TKT-08752,Access/Login,Low,Resolved,Sales,Anjali Mehta,2024-01-12 08:45:16,2024-01-15 20:45:16,84.0,Yes,No
TKT-08753,Access/Login,Medium,Resolved,Finance,Rohit Verma,2024-04-11 16:10:27,2024-04-12 04:10:27,12.0,No,No
TKT-08754,Hardware,Medium,Resolved,IT,Priya Singh,2023-01-02 18:38:54,2023-01-03 01:38:54,7.0,No,No
TKT-08755,Network,Medium,Resolved,Finance,Vikram Joshi,2023-03-10 15:12:14,2023-03-11 08:12:14,17.0,No,No
TKT-08756,Printer,Critical,Resolved,Marketing,Priya Singh,2024-12-19 04:24:01,2024-12-19 13:24:01,9.0,Yes,No
TKT-08757,Hardware,Low,In Progress,HR,Priya Singh,2023-02-05 00:38:35,,,,Yes
TKT-08758,Printer,Critical,In Progress,HR,Amit Sharma,2024-04-15 18:18:48,,,,No
TKT-08759,Email,High,Closed,Legal,Suresh Kumar,2023-12-11 04:02:34,2023-12-12 06:02:34,26.0,Yes,No
TKT-08760,Hardware,Medium,Resolved,IT,Neha Gupta,2024-05-11 19:01:11,2024-05-13 18:01:11,47.0,No,Yes
TKT-08761,Software,High,In Progress,IT,Rohit Verma,2023-05-27 04:20:49,,,,Yes
TKT-08762,Software,High,Resolved,Finance,Neha Gupta,2023-01-23 15:18:17,2023-01-24 02:18:17,11.0,No,No
TKT-08763,Printer,Low,Open,Sales,Amit Sharma,2023-01-22 23:13:25,,,,Yes
TKT-08764,Software,Low,In Progress,Operations,Suresh Kumar,2024-06-11 07:42:31,,,,No
TKT-08765,Email,High,Resolved,Sales,Vikram Joshi,2023-01-23 00:47:50,2023-01-23 17:47:50,17.0,No,No
TKT-08766,Network,High,Resolved,Legal,Rohit Verma,2024-09-08 06:12:27,2024-09-08 19:12:27,13.0,No,Yes
TKT-08767,Network,Medium,Resolved,HR,Amit Sharma,2023-07-13 12:39:20,2023-07-14 04:39:20,16.0,No,No
TKT-08768,Hardware,Low,Resolved,Marketing,Suresh Kumar,2024-12-03 21:42:01,2024-12-05 00:42:01,27.0,No,No
TKT-08769,Access/Login,Low,Resolved,Finance,Suresh Kumar,2023-03-13 15:25:12,2023-03-15 22:25:12,55.0,No,No
TKT-08770,Network,Medium,Resolved,Marketing,Suresh Kumar,2024-09-23 05:53:09,2024-09-25 14:53:09,57.0,Yes,No
TKT-08771,Printer,Critical,In Progress,HR,Rohit Verma,2024-02-28 16:52:51,,,,No
TKT-08772,Software,Low,Resolved,IT,Neha Gupta,2024-12-21 20:11:27,2024-12-22 06:11:27,10.0,No,Yes
TKT-08773,Hardware,Low,Resolved,Marketing,Priya Singh,2023-10-26 08:01:47,2023-10-28 20:01:47,60.0,No,No
TKT-08774,Software,Critical,Closed,IT,Rohit Verma,2023-07-11 20:47:25,2023-07-12 03:47:25,7.0,Yes,No
TKT-08775,Network,Low,Resolved,Sales,Anjali Mehta,2024-10-09 06:41:12,2024-10-10 19:41:12,37.0,No,No
TKT-08776,Email,Critical,Resolved,Legal,Priya Singh,2024-12-24 23:37:40,2024-12-25 06:37:40,7.0,Yes,No
TKT-08777,Network,Medium,Open,IT,Priya Singh,2023-04-26 22:59:21,,,,No
TKT-08778,Email,Medium,Resolved,HR,Amit Sharma,2024-10-04 13:24:22,2024-10-04 19:24:22,6.0,No,No
TKT-08779,Software,Low,Closed,Legal,Priya Singh,2023-01-19 20:14:42,2023-01-22 15:14:42,67.0,No,No
TKT-08780,Access/Login,Critical,In Progress,Finance,Rohit Verma,2024-09-03 14:16:31,,,,No
TKT-08781,Email,Medium,Resolved,HR,Priya Singh,2024-02-03 17:28:01,2024-02-04 17:28:01,24.0,No,Yes
TKT-08782,Software,Low,In Progress,Finance,Vikram Joshi,2024-02-14 03:38:01,,,,No
TKT-08783,Hardware,Critical,Closed,HR,Anjali Mehta,2023-12-26 15:41:08,2023-12-27 00:41:08,9.0,Yes,No
TKT-08784,Printer,Medium,In Progress,HR,Priya Singh,2023-10-23 20:21:09,,,,No
TKT-08785,Hardware,Medium,Closed,Sales,Vikram Joshi,2024-04-14 10:31:31,2024-04-16 09:31:31,47.0,No,Yes
TKT-08786,Printer,High,Closed,Marketing,Amit Sharma,2024-09-01 01:25:05,2024-09-02 06:25:05,29.0,Yes,Yes
TKT-08787,Printer,Medium,Open,IT,Suresh Kumar,2024-12-30 08:52:52,,,,No
TKT-08788,Printer,Critical,Resolved,Operations,Neha Gupta,2023-08-16 19:50:53,2023-08-16 23:50:53,4.0,No,No
TKT-08789,Software,High,Closed,Operations,Neha Gupta,2024-09-16 17:46:07,2024-09-17 22:46:07,29.0,Yes,No
TKT-08790,Software,High,Open,Operations,Suresh Kumar,2023-08-10 13:59:37,,,,No
TKT-08791,Hardware,Low,Resolved,Marketing,Priya Singh,2023-06-09 06:07:45,2023-06-11 03:07:45,45.0,No,No
TKT-08792,Software,High,Resolved,Sales,Neha Gupta,2023-08-09 21:18:39,2023-08-10 12:18:39,15.0,No,No
TKT-08793,Email,Low,Resolved,HR,Amit Sharma,2024-03-26 06:11:21,2024-03-28 15:11:21,57.0,No,No
TKT-08794,Printer,Low,Open,Operations,Amit Sharma,2023-03-19 14:52:12,,,,Yes
TKT-08795,Email,Medium,Resolved,IT,Vikram Joshi,2023-07-29 13:18:23,2023-07-31 03:18:23,38.0,No,Yes
TKT-08796,Hardware,Medium,Closed,Finance,Priya Singh,2023-02-16 09:21:24,2023-02-17 05:21:24,20.0,No,No
TKT-08797,Hardware,Low,Closed,Marketing,Priya Singh,2023-01-06 16:39:40,2023-01-08 00:39:40,32.0,No,No
TKT-08798,Email,Medium,Resolved,IT,Amit Sharma,2023-11-01 04:00:14,2023-11-01 14:00:14,10.0,No,No
TKT-08799,Email,Medium,Resolved,Legal,Vikram Joshi,2024-01-09 08:16:16,2024-01-11 13:16:16,53.0,Yes,No
TKT-08800,Software,Low,Resolved,IT,Priya Singh,2024-03-30 04:22:18,2024-03-30 21:22:18,17.0,No,Yes
TKT-08801,Hardware,Low,In Progress,IT,Rohit Verma,2024-02-01 00:46:10,,,,No
TKT-08802,Printer,Low,Open,Sales,Vikram Joshi,2023-06-12 02:51:28,,,,No
TKT-08803,Printer,Low,Resolved,Sales,Anjali Mehta,2023-05-02 20:36:51,2023-05-04 15:36:51,43.0,No,No
TKT-08804,Access/Login,Medium,Closed,Legal,Rohit Verma,2023-11-08 12:50:30,2023-11-08 21:50:30,9.0,No,No
TKT-08805,Network,Medium,Closed,HR,Vikram Joshi,2024-05-07 08:25:44,2024-05-07 22:25:44,14.0,No,No
TKT-08806,Access/Login,Low,Resolved,Finance,Neha Gupta,2023-03-02 02:45:46,2023-03-02 18:45:46,16.0,No,No
TKT-08807,Network,Critical,In Progress,Finance,Priya Singh,2023-03-11 07:40:38,,,,Yes
TKT-08808,Network,Low,Resolved,IT,Anjali Mehta,2024-09-20 08:08:04,2024-09-22 10:08:04,50.0,No,No
TKT-08809,Network,High,Resolved,Marketing,Amit Sharma,2023-01-21 14:28:03,2023-01-22 19:28:03,29.0,Yes,Yes
TKT-08810,Hardware,Medium,Closed,Operations,Anjali Mehta,2024-10-31 21:37:48,2024-11-02 20:37:48,47.0,No,No
TKT-08811,Network,High,Resolved,IT,Vikram Joshi,2024-02-02 03:10:25,2024-02-03 03:10:25,24.0,No,No
TKT-08812,Printer,Medium,Resolved,Marketing,Suresh Kumar,2023-01-05 14:45:38,2023-01-07 08:45:38,42.0,No,No
TKT-08813,Access/Login,Medium,Closed,HR,Priya Singh,2023-02-17 12:12:23,2023-02-17 23:12:23,11.0,No,No
TKT-08814,Hardware,Critical,Closed,Operations,Neha Gupta,2023-10-22 04:39:43,2023-10-22 10:39:43,6.0,Yes,Yes
TKT-08815,Access/Login,Critical,Closed,Marketing,Amit Sharma,2024-07-20 00:48:45,2024-07-20 02:48:45,2.0,No,Yes
TKT-08816,Access/Login,High,Resolved,HR,Anjali Mehta,2024-03-25 21:58:55,2024-03-27 03:58:55,30.0,Yes,No
TKT-08817,Access/Login,Medium,Open,Operations,Rohit Verma,2024-06-25 23:57:19,,,,No
TKT-08818,Software,Low,In Progress,Legal,Rohit Verma,2024-12-28 19:48:36,,,,Yes
TKT-08819,Access/Login,Medium,Open,HR,Vikram Joshi,2024-11-17 08:45:34,,,,Yes
TKT-08820,Printer,Medium,Resolved,Operations,Vikram Joshi,2023-04-27 17:40:19,2023-04-29 09:40:19,40.0,No,No
TKT-08821,Hardware,Medium,Closed,HR,Neha Gupta,2024-08-06 02:20:47,2024-08-08 13:20:47,59.0,Yes,No
TKT-08822,Software,Low,In Progress,Operations,Vikram Joshi,2024-03-18 22:31:17,,,,No
TKT-08823,Email,High,Open,IT,Rohit Verma,2024-01-20 04:57:29,,,,Yes
TKT-08824,Email,Medium,Resolved,Finance,Amit Sharma,2024-11-22 00:50:48,2024-11-24 05:50:48,53.0,Yes,No
TKT-08825,Software,Medium,Closed,Operations,Anjali Mehta,2023-04-16 19:44:23,2023-04-18 13:44:23,42.0,No,Yes
TKT-08826,Access/Login,Low,Resolved,Marketing,Anjali Mehta,2024-07-19 03:05:39,2024-07-22 19:05:39,88.0,Yes,No
TKT-08827,Hardware,Low,Resolved,Sales,Rohit Verma,2023-09-12 08:11:58,2023-09-13 02:11:58,18.0,No,No
TKT-08828,Printer,Low,Closed,HR,Priya Singh,2023-09-12 19:18:01,2023-09-14 09:18:01,38.0,No,No
TKT-08829,Email,Medium,In Progress,HR,Priya Singh,2024-04-03 21:00:10,,,,No
TKT-08830,Printer,Medium,In Progress,HR,Rohit Verma,2023-03-27 12:36:16,,,,No
TKT-08831,Printer,Critical,Resolved,Operations,Priya Singh,2024-11-07 05:33:45,2024-11-07 15:33:45,10.0,Yes,No
TKT-08832,Printer,Medium,Resolved,Finance,Amit Sharma,2023-11-30 19:19:12,2023-12-02 22:19:12,51.0,Yes,No
TKT-08833,Network,Low,Closed,Finance,Neha Gupta,2024-03-07 12:50:54,2024-03-08 15:50:54,27.0,No,No
TKT-08834,Access/Login,Medium,In Progress,Operations,Anjali Mehta,2023-01-23 13:12:52,,,,No
TKT-08835,Software,Critical,Resolved,Sales,Anjali Mehta,2023-08-07 15:32:50,2023-08-07 20:32:50,5.0,Yes,No
TKT-08836,Network,Critical,Open,HR,Suresh Kumar,2024-03-05 10:46:25,,,,No
TKT-08837,Email,High,Closed,Operations,Amit Sharma,2023-01-31 12:00:56,2023-01-31 22:00:56,10.0,No,No
TKT-08838,Printer,Medium,Resolved,Sales,Priya Singh,2024-10-05 15:32:06,2024-10-07 18:32:06,51.0,Yes,Yes
TKT-08839,Email,Critical,Resolved,Legal,Priya Singh,2023-04-06 09:33:16,2023-04-06 18:33:16,9.0,Yes,No
TKT-08840,Hardware,Low,Closed,IT,Priya Singh,2023-02-11 20:41:47,2023-02-12 06:41:47,10.0,No,Yes
TKT-08841,Email,Medium,Resolved,Finance,Suresh Kumar,2023-02-11 04:17:24,2023-02-12 21:17:24,41.0,No,Yes
TKT-08842,Hardware,High,In Progress,IT,Neha Gupta,2023-09-04 21:42:22,,,,No
TKT-08843,Printer,Low,Closed,Marketing,Priya Singh,2024-09-04 23:38:40,2024-09-06 19:38:40,44.0,No,No
TKT-08844,Hardware,Critical,Resolved,Operations,Priya Singh,2023-11-21 08:52:00,2023-11-21 12:52:00,4.0,No,No
TKT-08845,Access/Login,Medium,Open,Legal,Amit Sharma,2024-03-03 11:03:59,,,,Yes
TKT-08846,Printer,High,Resolved,HR,Vikram Joshi,2023-11-21 12:01:50,2023-11-21 20:01:50,8.0,No,No
TKT-08847,Printer,High,Open,Operations,Amit Sharma,2023-01-25 12:49:46,,,,No
TKT-08848,Hardware,Critical,Resolved,Legal,Suresh Kumar,2023-10-12 09:46:46,2023-10-12 10:46:46,1.0,No,No
TKT-08849,Network,High,Resolved,HR,Vikram Joshi,2023-01-15 21:11:22,2023-01-16 14:11:22,17.0,No,Yes
TKT-08850,Printer,High,Closed,Marketing,Neha Gupta,2024-07-05 16:36:56,2024-07-06 11:36:56,19.0,No,No
TKT-08851,Email,Critical,Resolved,Operations,Anjali Mehta,2023-05-09 15:46:26,2023-05-09 23:46:26,8.0,Yes,No
TKT-08852,Network,Medium,Resolved,Finance,Priya Singh,2023-01-10 22:37:05,2023-01-12 04:37:05,30.0,No,No
TKT-08853,Network,Low,Resolved,IT,Amit Sharma,2024-09-27 23:57:39,2024-09-30 23:57:39,72.0,No,No
TKT-08854,Network,High,Closed,Legal,Rohit Verma,2024-05-18 07:51:30,2024-05-18 22:51:30,15.0,No,Yes
TKT-08855,Software,Low,Resolved,HR,Neha Gupta,2023-01-17 09:10:06,2023-01-17 23:10:06,14.0,No,No
TKT-08856,Printer,Low,Open,HR,Vikram Joshi,2024-08-04 07:29:17,,,,Yes
TKT-08857,Hardware,Medium,Resolved,HR,Amit Sharma,2024-09-16 17:59:46,2024-09-19 02:59:46,57.0,Yes,No
TKT-08858,Printer,Critical,Resolved,Marketing,Priya Singh,2024-08-20 12:07:30,2024-08-20 17:07:30,5.0,Yes,No
TKT-08859,Access/Login,Low,Resolved,HR,Neha Gupta,2024-06-28 15:25:04,2024-06-30 01:25:04,34.0,No,No
TKT-08860,Hardware,High,In Progress,Finance,Rohit Verma,2023-06-11 17:05:24,,,,Yes
TKT-08861,Network,High,In Progress,HR,Anjali Mehta,2023-06-12 02:48:14,,,,No
TKT-08862,Printer,Medium,Resolved,Operations,Vikram Joshi,2024-07-06 15:17:46,2024-07-08 19:17:46,52.0,Yes,Yes
TKT-08863,Software,High,Closed,Legal,Neha Gupta,2023-03-01 13:23:36,2023-03-02 06:23:36,17.0,No,No
TKT-08864,Hardware,Medium,Closed,IT,Amit Sharma,2024-05-25 19:20:31,2024-05-26 03:20:31,8.0,No,Yes
TKT-08865,Access/Login,Low,Resolved,Sales,Rohit Verma,2023-04-09 00:47:39,2023-04-11 07:47:39,55.0,No,Yes
TKT-08866,Email,Low,Resolved,IT,Priya Singh,2024-03-16 16:47:38,2024-03-18 14:47:38,46.0,No,Yes
TKT-08867,Network,Low,Resolved,Sales,Amit Sharma,2024-06-13 23:09:57,2024-06-16 20:09:57,69.0,No,No
TKT-08868,Software,Critical,Closed,Legal,Rohit Verma,2024-05-07 14:36:35,2024-05-08 00:36:35,10.0,Yes,No
TKT-08869,Hardware,Medium,Resolved,Legal,Priya Singh,2023-05-08 08:45:39,2023-05-09 07:45:39,23.0,No,No
TKT-08870,Hardware,High,Resolved,Sales,Priya Singh,2023-06-11 02:56:16,2023-06-11 05:56:16,3.0,No,Yes
TKT-08871,Printer,High,Closed,Operations,Priya Singh,2023-07-30 16:26:01,2023-07-30 22:26:01,6.0,No,Yes
TKT-08872,Printer,Medium,Open,HR,Neha Gupta,2023-06-14 05:13:50,,,,No
TKT-08873,Network,High,In Progress,Marketing,Suresh Kumar,2024-10-20 06:30:48,,,,Yes
TKT-08874,Hardware,Low,Closed,Legal,Vikram Joshi,2024-04-21 22:12:56,2024-04-24 06:12:56,56.0,No,Yes
TKT-08875,Access/Login,Low,Resolved,Legal,Suresh Kumar,2023-02-10 06:11:14,2023-02-10 21:11:14,15.0,No,No
TKT-08876,Printer,Critical,Resolved,Finance,Rohit Verma,2023-02-01 19:57:41,2023-02-02 05:57:41,10.0,Yes,No
TKT-08877,Email,High,Closed,Operations,Neha Gupta,2023-04-03 10:15:28,2023-04-04 02:15:28,16.0,No,No
TKT-08878,Access/Login,Low,Closed,IT,Neha Gupta,2023-07-17 18:52:12,2023-07-20 06:52:12,60.0,No,No
TKT-08879,Email,High,Resolved,Marketing,Suresh Kumar,2023-06-24 02:44:00,2023-06-24 22:44:00,20.0,No,Yes
TKT-08880,Hardware,Low,Resolved,Finance,Priya Singh,2024-05-30 13:20:57,2024-05-31 13:20:57,24.0,No,No
TKT-08881,Printer,Medium,Closed,Legal,Anjali Mehta,2024-12-14 20:19:26,2024-12-16 23:19:26,51.0,Yes,Yes
TKT-08882,Hardware,Medium,Resolved,HR,Rohit Verma,2024-08-18 03:25:37,2024-08-19 16:25:37,37.0,No,Yes
TKT-08883,Email,Low,Resolved,Legal,Suresh Kumar,2023-09-26 07:05:06,2023-09-27 05:05:06,22.0,No,No
TKT-08884,Software,Medium,Resolved,Sales,Neha Gupta,2024-03-26 18:25:02,2024-03-27 02:25:02,8.0,No,No
TKT-08885,Printer,Low,In Progress,IT,Neha Gupta,2023-05-13 11:11:25,,,,Yes
TKT-08886,Email,High,Resolved,IT,Suresh Kumar,2023-01-01 14:44:33,2023-01-02 00:44:33,10.0,No,Yes
TKT-08887,Hardware,Medium,Resolved,HR,Suresh Kumar,2024-07-15 22:43:28,2024-07-16 06:43:28,8.0,No,No
TKT-08888,Network,Low,In Progress,HR,Priya Singh,2023-09-10 14:10:25,,,,Yes
TKT-08889,Printer,Medium,Open,Finance,Anjali Mehta,2023-05-13 14:14:42,,,,Yes
TKT-08890,Printer,Medium,Resolved,Sales,Amit Sharma,2024-07-06 23:12:06,2024-07-09 06:12:06,55.0,Yes,Yes
TKT-08891,Printer,High,Resolved,Operations,Rohit Verma,2024-10-05 20:35:10,2024-10-07 01:35:10,29.0,Yes,Yes
TKT-08892,Email,High,In Progress,HR,Suresh Kumar,2023-03-14 15:44:14,,,,No
TKT-08893,Network,Medium,Open,IT,Vikram Joshi,2023-02-23 04:55:17,,,,No
TKT-08894,Hardware,Medium,Closed,Finance,Priya Singh,2024-06-16 11:51:26,2024-06-16 18:51:26,7.0,No,Yes
TKT-08895,Software,Medium,Resolved,Finance,Neha Gupta,2024-03-27 12:14:31,2024-03-28 11:14:31,23.0,No,No
TKT-08896,Hardware,Medium,Resolved,HR,Anjali Mehta,2024-09-15 12:30:13,2024-09-16 14:30:13,26.0,No,Yes
TKT-08897,Email,Low,Resolved,Legal,Vikram Joshi,2023-10-04 02:48:58,2023-10-06 01:48:58,47.0,No,No
TKT-08898,Software,Medium,Resolved,Finance,Neha Gupta,2024-03-18 02:50:05,2024-03-18 18:50:05,16.0,No,No
TKT-08899,Software,Medium,Closed,Sales,Rohit Verma,2023-06-02 16:42:30,2023-06-05 04:42:30,60.0,Yes,No
TKT-08900,Network,Medium,Closed,IT,Priya Singh,2023-05-29 10:48:42,2023-05-30 03:48:42,17.0,No,No
TKT-08901,Software,Low,Open,Legal,Vikram Joshi,2023-07-13 22:54:27,,,,No
TKT-08902,Network,Low,Closed,IT,Neha Gupta,2024-04-18 16:20:36,2024-04-21 03:20:36,59.0,No,No
TKT-08903,Hardware,Critical,In Progress,Legal,Neha Gupta,2024-07-07 23:13:20,,,,Yes
TKT-08904,Email,Low,Open,HR,Vikram Joshi,2024-02-11 01:26:30,,,,Yes
TKT-08905,Access/Login,High,Closed,HR,Rohit Verma,2023-10-31 20:53:31,2023-11-01 17:53:31,21.0,No,No
TKT-08906,Network,Low,Resolved,Finance,Suresh Kumar,2024-10-20 00:32:52,2024-10-21 11:32:52,35.0,No,Yes
TKT-08907,Access/Login,Low,Resolved,Finance,Vikram Joshi,2023-11-19 01:25:30,2023-11-20 11:25:30,34.0,No,Yes
TKT-08908,Printer,Low,Resolved,Operations,Rohit Verma,2023-01-15 11:55:53,2023-01-16 05:55:53,18.0,No,Yes
TKT-08909,Hardware,Medium,Closed,IT,Anjali Mehta,2024-11-12 13:00:04,2024-11-13 18:00:04,29.0,No,No
TKT-08910,Software,Medium,Resolved,Operations,Anjali Mehta,2023-11-19 06:46:36,2023-11-20 19:46:36,37.0,No,Yes
TKT-08911,Printer,Critical,In Progress,Legal,Neha Gupta,2024-11-23 15:33:40,,,,Yes
TKT-08912,Email,Medium,Resolved,Sales,Amit Sharma,2024-08-10 14:57:27,2024-08-12 22:57:27,56.0,Yes,Yes
TKT-08913,Printer,High,Resolved,Legal,Priya Singh,2024-10-15 21:33:55,2024-10-16 20:33:55,23.0,No,No
TKT-08914,Network,Medium,Closed,IT,Neha Gupta,2023-12-17 13:19:10,2023-12-18 22:19:10,33.0,No,Yes
TKT-08915,Software,High,Closed,Marketing,Priya Singh,2023-02-03 09:29:59,2023-02-03 18:29:59,9.0,No,No
TKT-08916,Email,Medium,Resolved,IT,Amit Sharma,2024-04-02 16:36:35,2024-04-04 15:36:35,47.0,No,No
TKT-08917,Hardware,Low,Open,Sales,Suresh Kumar,2023-07-17 18:08:22,,,,No
TKT-08918,Network,Low,Resolved,Finance,Suresh Kumar,2023-06-01 11:05:04,2023-06-02 16:05:04,29.0,No,No
TKT-08919,Hardware,High,Open,Sales,Anjali Mehta,2023-01-18 05:58:47,,,,No
TKT-08920,Hardware,Low,Resolved,Marketing,Neha Gupta,2024-03-17 12:01:43,2024-03-19 10:01:43,46.0,No,Yes
TKT-08921,Hardware,Medium,Closed,Finance,Priya Singh,2024-09-22 15:19:35,2024-09-24 03:19:35,36.0,No,Yes
TKT-08922,Email,High,Closed,Sales,Vikram Joshi,2024-03-30 21:00:49,2024-03-31 06:00:49,9.0,No,Yes
TKT-08923,Hardware,Medium,Closed,Finance,Vikram Joshi,2023-03-22 05:14:17,2023-03-23 01:14:17,20.0,No,No
TKT-08924,Printer,High,In Progress,Operations,Neha Gupta,2024-05-18 21:10:17,,,,Yes
TKT-08925,Access/Login,Low,Closed,Finance,Suresh Kumar,2023-05-12 10:02:36,2023-05-13 10:02:36,24.0,No,No
TKT-08926,Network,Medium,Closed,Operations,Anjali Mehta,2023-11-12 04:54:51,2023-11-13 02:54:51,22.0,No,Yes
TKT-08927,Network,Medium,Closed,Legal,Amit Sharma,2024-07-12 03:04:38,2024-07-14 02:04:38,47.0,No,No
TKT-08928,Access/Login,Medium,Open,Sales,Suresh Kumar,2024-06-25 02:14:14,,,,No
TKT-08929,Network,Critical,Resolved,Marketing,Priya Singh,2023-06-10 08:34:26,2023-06-10 13:34:26,5.0,Yes,Yes
TKT-08930,Network,Critical,Resolved,Legal,Priya Singh,2024-01-10 00:20:16,2024-01-10 10:20:16,10.0,Yes,No
TKT-08931,Printer,High,Closed,Marketing,Amit Sharma,2024-06-05 10:38:37,2024-06-06 06:38:37,20.0,No,No
TKT-08932,Hardware,High,Resolved,Sales,Rohit Verma,2023-08-21 12:22:37,2023-08-21 19:22:37,7.0,No,No
TKT-08933,Hardware,Low,Closed,Sales,Vikram Joshi,2023-07-28 17:57:44,2023-07-30 18:57:44,49.0,No,No
TKT-08934,Network,Medium,Closed,Operations,Priya Singh,2024-05-29 12:10:57,2024-05-29 22:10:57,10.0,No,No
TKT-08935,Access/Login,Low,Closed,Sales,Suresh Kumar,2023-06-13 00:26:44,2023-06-16 07:26:44,79.0,Yes,No
TKT-08936,Network,Medium,In Progress,Finance,Neha Gupta,2024-08-29 04:15:22,,,,No
TKT-08937,Hardware,Low,Resolved,HR,Priya Singh,2023-03-31 00:34:12,2023-04-03 07:34:12,79.0,Yes,No
TKT-08938,Network,Low,Resolved,Legal,Anjali Mehta,2024-11-03 18:49:26,2024-11-06 17:49:26,71.0,No,Yes
TKT-08939,Access/Login,Critical,In Progress,Legal,Anjali Mehta,2024-07-06 04:20:36,,,,Yes
TKT-08940,Email,Low,Closed,HR,Rohit Verma,2023-05-22 04:55:06,2023-05-25 00:55:06,68.0,No,No
TKT-08941,Software,High,Closed,Marketing,Anjali Mehta,2024-06-18 03:48:29,2024-06-18 05:48:29,2.0,No,No
TKT-08942,Email,Low,Closed,Finance,Amit Sharma,2024-12-20 14:58:38,2024-12-22 04:58:38,38.0,No,No
TKT-08943,Hardware,High,In Progress,Operations,Anjali Mehta,2023-03-28 07:42:38,,,,No
TKT-08944,Hardware,Medium,Open,Marketing,Neha Gupta,2024-04-18 04:33:38,,,,No
TKT-08945,Software,Low,Resolved,Operations,Suresh Kumar,2023-05-24 22:30:35,2023-05-27 19:30:35,69.0,No,No
TKT-08946,Email,Low,In Progress,Marketing,Suresh Kumar,2023-11-01 17:18:17,,,,No
TKT-08947,Network,Low,Resolved,Finance,Suresh Kumar,2023-12-09 00:51:10,2023-12-11 18:51:10,66.0,No,Yes
TKT-08948,Software,Medium,Closed,Operations,Rohit Verma,2024-12-12 04:35:59,2024-12-13 20:35:59,40.0,No,No
TKT-08949,Network,High,Resolved,Legal,Amit Sharma,2024-01-08 19:39:16,2024-01-09 20:39:16,25.0,Yes,No
TKT-08950,Printer,Critical,In Progress,Legal,Vikram Joshi,2024-07-16 17:08:47,,,,No
TKT-08951,Email,Medium,Open,Operations,Neha Gupta,2023-06-02 22:16:38,,,,No
TKT-08952,Printer,High,Resolved,HR,Vikram Joshi,2023-08-10 10:21:23,2023-08-11 11:21:23,25.0,Yes,No
TKT-08953,Software,Low,Resolved,HR,Neha Gupta,2023-03-31 17:08:51,2023-04-01 13:08:51,20.0,No,No
TKT-08954,Network,High,Resolved,IT,Priya Singh,2023-04-02 02:26:45,2023-04-03 08:26:45,30.0,Yes,Yes
TKT-08955,Printer,High,Resolved,IT,Priya Singh,2023-03-07 20:44:46,2023-03-08 20:44:46,24.0,No,No
TKT-08956,Printer,High,Resolved,Legal,Suresh Kumar,2023-04-27 13:37:32,2023-04-28 06:37:32,17.0,No,No
TKT-08957,Access/Login,Low,Closed,Finance,Neha Gupta,2024-04-29 12:54:56,2024-05-02 00:54:56,60.0,No,No
TKT-08958,Access/Login,Medium,Resolved,IT,Anjali Mehta,2023-12-13 14:46:03,2023-12-15 00:46:03,34.0,No,No
TKT-08959,Printer,Medium,In Progress,Sales,Amit Sharma,2024-07-18 22:14:21,,,,No
TKT-08960,Email,Medium,Resolved,Operations,Rohit Verma,2024-12-29 00:46:22,2024-12-29 16:46:22,16.0,No,Yes
TKT-08961,Printer,Medium,Closed,IT,Priya Singh,2023-07-22 13:15:02,2023-07-23 11:15:02,22.0,No,Yes
TKT-08962,Hardware,Low,Open,HR,Amit Sharma,2024-10-06 09:40:47,,,,Yes
TKT-08963,Software,High,Resolved,Legal,Priya Singh,2024-02-06 06:18:57,2024-02-06 23:18:57,17.0,No,No
TKT-08964,Email,Medium,Closed,Marketing,Suresh Kumar,2024-06-02 06:46:38,2024-06-03 03:46:38,21.0,No,Yes
TKT-08965,Hardware,Medium,Resolved,Sales,Anjali Mehta,2023-01-11 18:08:33,2023-01-12 02:08:33,8.0,No,No
TKT-08966,Printer,Critical,Closed,Marketing,Rohit Verma,2024-12-13 20:47:40,2024-12-14 03:47:40,7.0,Yes,No
TKT-08967,Hardware,Low,Open,Sales,Anjali Mehta,2024-10-21 07:28:32,,,,No
TKT-08968,Printer,Low,Resolved,IT,Suresh Kumar,2024-03-03 18:45:19,2024-03-05 03:45:19,33.0,No,Yes
TKT-08969,Email,Low,Resolved,HR,Suresh Kumar,2023-04-17 10:43:19,2023-04-19 01:43:19,39.0,No,No
TKT-08970,Hardware,Low,Resolved,Operations,Rohit Verma,2024-01-06 22:53:02,2024-01-07 23:53:02,25.0,No,Yes
TKT-08971,Software,High,In Progress,Finance,Rohit Verma,2023-09-18 04:37:22,,,,No
TKT-08972,Email,Medium,Resolved,Legal,Neha Gupta,2024-04-28 13:17:20,2024-04-30 17:17:20,52.0,Yes,Yes
TKT-08973,Access/Login,High,Closed,IT,Vikram Joshi,2024-08-02 21:19:23,2024-08-03 20:19:23,23.0,No,No
TKT-08974,Hardware,Medium,Resolved,HR,Rohit Verma,2024-09-07 04:07:36,2024-09-09 06:07:36,50.0,Yes,Yes
TKT-08975,Hardware,Medium,Resolved,Finance,Priya Singh,2024-10-14 08:12:35,2024-10-16 11:12:35,51.0,Yes,No
TKT-08976,Printer,High,Closed,Marketing,Rohit Verma,2024-05-01 04:15:48,2024-05-02 01:15:48,21.0,No,No
TKT-08977,Network,Low,Closed,Operations,Vikram Joshi,2024-12-06 08:00:09,2024-12-07 18:00:09,34.0,No,No
TKT-08978,Access/Login,Low,Resolved,Sales,Neha Gupta,2023-04-21 12:28:55,2023-04-22 11:28:55,23.0,No,No
TKT-08979,Software,Low,Closed,HR,Amit Sharma,2024-12-10 19:47:14,2024-12-12 12:47:14,41.0,No,No
TKT-08980,Email,High,Resolved,IT,Anjali Mehta,2023-06-05 15:23:05,2023-06-05 21:23:05,6.0,No,No
TKT-08981,Network,Medium,Resolved,Marketing,Priya Singh,2023-09-12 18:16:22,2023-09-13 14:16:22,20.0,No,No
TKT-08982,Printer,Medium,Closed,Legal,Suresh Kumar,2024-05-13 19:46:48,2024-05-14 20:46:48,25.0,No,No
TKT-08983,Printer,Critical,In Progress,Operations,Rohit Verma,2024-06-21 19:51:59,,,,No
TKT-08984,Printer,High,Resolved,Operations,Vikram Joshi,2024-10-23 16:59:04,2024-10-24 13:59:04,21.0,No,No
TKT-08985,Access/Login,Medium,Closed,Sales,Suresh Kumar,2023-06-04 03:47:43,2023-06-04 19:47:43,16.0,No,Yes
TKT-08986,Email,High,Open,Legal,Vikram Joshi,2023-08-21 17:39:09,,,,No
TKT-08987,Hardware,Medium,Closed,Sales,Rohit Verma,2023-12-26 09:43:57,2023-12-28 20:43:57,59.0,Yes,No
TKT-08988,Network,Low,Closed,HR,Anjali Mehta,2023-11-28 15:41:03,2023-11-29 22:41:03,31.0,No,No
TKT-08989,Hardware,Medium,Open,HR,Vikram Joshi,2024-02-19 14:43:51,,,,No
TKT-08990,Printer,Low,In Progress,Finance,Suresh Kumar,2023-07-06 22:58:44,,,,No
TKT-08991,Hardware,Medium,Resolved,Legal,Suresh Kumar,2023-10-11 22:38:30,2023-10-12 05:38:30,7.0,No,No
TKT-08992,Email,High,Closed,Marketing,Anjali Mehta,2024-03-22 06:24:59,2024-03-23 00:24:59,18.0,No,No
TKT-08993,Hardware,Low,Resolved,HR,Suresh Kumar,2024-10-20 15:34:50,2024-10-22 11:34:50,44.0,No,Yes
TKT-08994,Network,Medium,Open,Legal,Vikram Joshi,2024-09-28 08:51:14,,,,Yes
TKT-08995,Software,Low,Open,Marketing,Amit Sharma,2023-12-03 12:19:59,,,,Yes
TKT-08996,Hardware,Critical,Resolved,Operations,Rohit Verma,2023-07-09 19:22:10,2023-07-09 22:22:10,3.0,No,Yes
TKT-08997,Access/Login,Medium,Closed,Marketing,Priya Singh,2023-08-31 13:42:19,2023-09-01 20:42:19,31.0,No,No
TKT-08998,Hardware,Medium,Resolved,Marketing,Vikram Joshi,2023-07-10 22:22:13,2023-07-13 09:22:13,59.0,Yes,No
TKT-08999,Email,Critical,Closed,Operations,Anjali Mehta,2023-10-25 03:10:49,2023-10-25 08:10:49,5.0,Yes,No
TKT-09000,Printer,High,Resolved,IT,Neha Gupta,2024-12-19 01:19:05,2024-12-19 08:19:05,7.0,No,No
TKT-09001,Network,Medium,In Progress,Legal,Suresh Kumar,2023-07-14 06:07:35,,,,No
TKT-09002,Email,Low,Resolved,Operations,Amit Sharma,2024-10-28 22:33:27,2024-10-29 13:33:27,15.0,No,No
TKT-09003,Software,Medium,Open,Marketing,Vikram Joshi,2023-07-04 19:23:27,,,,No
TKT-09004,Printer,Low,Resolved,IT,Neha Gupta,2023-08-11 12:38:06,2023-08-13 05:38:06,41.0,No,No
TKT-09005,Software,High,Resolved,Legal,Priya Singh,2023-08-15 23:56:18,2023-08-16 11:56:18,12.0,No,No
TKT-09006,Software,Low,In Progress,Sales,Amit Sharma,2024-02-26 04:03:45,,,,No
TKT-09007,Email,Low,Closed,IT,Rohit Verma,2023-02-23 07:11:16,2023-02-26 00:11:16,65.0,No,No
TKT-09008,Software,Low,Resolved,Operations,Vikram Joshi,2023-10-30 15:10:57,2023-11-02 19:10:57,76.0,Yes,No
TKT-09009,Email,Critical,Resolved,Legal,Anjali Mehta,2023-10-24 17:07:00,2023-10-24 18:07:00,1.0,No,No
TKT-09010,Network,Medium,Closed,Sales,Rohit Verma,2024-03-01 05:15:39,2024-03-03 04:15:39,47.0,No,No
TKT-09011,Hardware,Low,Resolved,Marketing,Neha Gupta,2024-10-25 22:11:02,2024-10-28 19:11:02,69.0,No,No
TKT-09012,Access/Login,High,Resolved,Sales,Rohit Verma,2024-08-14 09:11:56,2024-08-14 23:11:56,14.0,No,No
TKT-09013,Access/Login,High,Resolved,Marketing,Neha Gupta,2024-12-03 08:04:02,2024-12-04 11:04:02,27.0,Yes,No
TKT-09014,Software,Low,Resolved,IT,Amit Sharma,2024-12-06 01:11:54,2024-12-07 06:11:54,29.0,No,No
TKT-09015,Software,Medium,Closed,IT,Suresh Kumar,2023-02-26 05:01:22,2023-02-28 11:01:22,54.0,Yes,Yes
TKT-09016,Access/Login,Low,Resolved,Operations,Vikram Joshi,2023-10-12 14:05:19,2023-10-13 07:05:19,17.0,No,No
TKT-09017,Software,Medium,Resolved,Marketing,Rohit Verma,2023-04-14 21:36:05,2023-04-16 03:36:05,30.0,No,No
TKT-09018,Printer,Medium,Closed,Marketing,Neha Gupta,2023-12-07 08:04:31,2023-12-08 22:04:31,38.0,No,No
TKT-09019,Email,Critical,Closed,Legal,Priya Singh,2024-03-16 11:51:58,2024-03-16 13:51:58,2.0,No,Yes
TKT-09020,Printer,High,Closed,Finance,Anjali Mehta,2023-02-05 02:57:16,2023-02-05 13:57:16,11.0,No,Yes
TKT-09021,Hardware,Medium,Resolved,Finance,Rohit Verma,2023-09-29 07:25:05,2023-10-01 13:25:05,54.0,Yes,No
TKT-09022,Network,High,Closed,Sales,Rohit Verma,2024-06-05 06:46:23,2024-06-05 16:46:23,10.0,No,No
TKT-09023,Network,Medium,Closed,Marketing,Rohit Verma,2023-07-02 03:52:02,2023-07-03 09:52:02,30.0,No,Yes
TKT-09024,Access/Login,High,Closed,Legal,Neha Gupta,2024-06-03 23:25:06,2024-06-04 04:25:06,5.0,No,No
TKT-09025,Hardware,Low,Resolved,IT,Suresh Kumar,2024-11-06 18:29:10,2024-11-07 06:29:10,12.0,No,No
TKT-09026,Network,High,Resolved,Marketing,Amit Sharma,2023-02-17 20:02:18,2023-02-19 01:02:18,29.0,Yes,No
TKT-09027,Hardware,Medium,Closed,Operations,Amit Sharma,2024-01-25 18:04:04,2024-01-28 00:04:04,54.0,Yes,No
TKT-09028,Email,Critical,Closed,Marketing,Suresh Kumar,2024-06-14 09:57:51,2024-06-14 17:57:51,8.0,Yes,No
TKT-09029,Hardware,Medium,Closed,HR,Neha Gupta,2024-01-02 15:43:41,2024-01-03 13:43:41,22.0,No,No
TKT-09030,Access/Login,Medium,Resolved,Legal,Suresh Kumar,2024-01-25 22:36:44,2024-01-28 10:36:44,60.0,Yes,No
TKT-09031,Software,Medium,Closed,Legal,Neha Gupta,2023-10-13 18:17:55,2023-10-14 13:17:55,19.0,No,No
TKT-09032,Network,High,Closed,Legal,Neha Gupta,2024-01-27 09:07:40,2024-01-28 10:07:40,25.0,Yes,Yes
TKT-09033,Printer,Low,Closed,Legal,Suresh Kumar,2023-08-07 08:55:18,2023-08-09 11:55:18,51.0,No,No
TKT-09034,Hardware,High,Closed,Sales,Amit Sharma,2024-03-01 16:18:52,2024-03-02 19:18:52,27.0,Yes,No
TKT-09035,Software,Critical,Resolved,HR,Anjali Mehta,2023-08-29 17:07:13,2023-08-29 20:07:13,3.0,No,No
TKT-09036,Access/Login,Low,Resolved,IT,Neha Gupta,2023-08-21 10:00:53,2023-08-22 03:00:53,17.0,No,No
TKT-09037,Email,Low,Closed,Marketing,Vikram Joshi,2024-10-26 15:41:34,2024-10-29 13:41:34,70.0,No,Yes
TKT-09038,Hardware,High,Resolved,Marketing,Rohit Verma,2024-02-07 19:16:56,2024-02-07 23:16:56,4.0,No,No
TKT-09039,Software,Low,Resolved,HR,Anjali Mehta,2023-07-22 11:36:08,2023-07-25 23:36:08,84.0,Yes,Yes
TKT-09040,Network,Medium,Resolved,HR,Vikram Joshi,2024-03-02 13:31:42,2024-03-03 13:31:42,24.0,No,Yes
TKT-09041,Access/Login,High,In Progress,Marketing,Neha Gupta,2023-07-10 11:32:30,,,,No
TKT-09042,Software,Critical,Closed,Operations,Vikram Joshi,2023-04-19 02:15:44,2023-04-19 11:15:44,9.0,Yes,No
TKT-09043,Hardware,Critical,Resolved,IT,Priya Singh,2024-01-05 04:17:42,2024-01-05 11:17:42,7.0,Yes,No
TKT-09044,Access/Login,Low,Open,HR,Neha Gupta,2023-11-27 09:12:04,,,,No
TKT-09045,Hardware,High,Resolved,Operations,Priya Singh,2024-09-25 16:51:40,2024-09-26 16:51:40,24.0,No,No
TKT-09046,Access/Login,Medium,In Progress,IT,Vikram Joshi,2024-10-28 10:53:11,,,,No
TKT-09047,Printer,Low,Resolved,IT,Suresh Kumar,2024-02-16 13:23:45,2024-02-18 21:23:45,56.0,No,No
TKT-09048,Access/Login,Medium,Closed,IT,Anjali Mehta,2024-04-29 10:06:06,2024-04-30 02:06:06,16.0,No,No
TKT-09049,Network,Low,Closed,Legal,Anjali Mehta,2023-07-31 23:14:15,2023-08-03 10:14:15,59.0,No,No
TKT-09050,Printer,Low,Resolved,Sales,Vikram Joshi,2023-10-03 10:55:30,2023-10-04 16:55:30,30.0,No,No
TKT-09051,Printer,High,Closed,Legal,Vikram Joshi,2024-03-22 05:00:38,2024-03-22 21:00:38,16.0,No,No
TKT-09052,Hardware,Low,Resolved,Legal,Priya Singh,2024-05-15 11:53:17,2024-05-16 17:53:17,30.0,No,No
TKT-09053,Email,Medium,Closed,Marketing,Rohit Verma,2023-10-08 12:12:21,2023-10-09 07:12:21,19.0,No,Yes
TKT-09054,Network,Medium,Closed,Marketing,Anjali Mehta,2024-08-18 16:45:49,2024-08-20 14:45:49,46.0,No,Yes
TKT-09055,Email,Medium,Resolved,Finance,Amit Sharma,2023-05-18 22:00:48,2023-05-19 11:00:48,13.0,No,No
TKT-09056,Email,Critical,Closed,Finance,Neha Gupta,2024-06-24 20:40:53,2024-06-25 01:40:53,5.0,Yes,No
TKT-09057,Printer,Low,In Progress,HR,Suresh Kumar,2024-02-01 01:13:56,,,,No
TKT-09058,Printer,Medium,Resolved,Finance,Vikram Joshi,2024-11-13 19:29:25,2024-11-14 20:29:25,25.0,No,No
TKT-09059,Printer,Low,Resolved,Operations,Rohit Verma,2023-06-19 19:02:44,2023-06-20 14:02:44,19.0,No,No
TKT-09060,Access/Login,High,Resolved,Sales,Suresh Kumar,2023-01-24 08:56:10,2023-01-24 13:56:10,5.0,No,No
TKT-09061,Software,High,In Progress,Finance,Amit Sharma,2024-12-20 17:49:46,,,,No
TKT-09062,Hardware,Low,Closed,Marketing,Priya Singh,2024-02-04 20:24:10,2024-02-07 21:24:10,73.0,Yes,Yes
TKT-09063,Access/Login,High,Closed,Operations,Priya Singh,2023-02-12 22:21:09,2023-02-13 23:21:09,25.0,Yes,Yes
TKT-09064,Printer,Medium,Closed,Finance,Amit Sharma,2024-10-15 00:01:54,2024-10-15 09:01:54,9.0,No,No
TKT-09065,Email,Low,Closed,Finance,Anjali Mehta,2024-02-04 23:56:26,2024-02-05 15:56:26,16.0,No,Yes
TKT-09066,Email,Low,Resolved,HR,Suresh Kumar,2024-09-04 21:39:32,2024-09-05 15:39:32,18.0,No,No
TKT-09067,Hardware,Medium,Closed,Legal,Neha Gupta,2024-07-25 02:08:23,2024-07-25 17:08:23,15.0,No,No
TKT-09068,Software,Medium,Resolved,Marketing,Anjali Mehta,2024-08-25 02:45:22,2024-08-26 23:45:22,45.0,No,Yes
TKT-09069,Hardware,Low,Resolved,Sales,Anjali Mehta,2024-09-15 16:07:05,2024-09-18 20:07:05,76.0,Yes,Yes
TKT-09070,Software,High,Resolved,Marketing,Suresh Kumar,2024-09-14 23:27:13,2024-09-15 18:27:13,19.0,No,Yes
TKT-09071,Access/Login,Medium,In Progress,Operations,Neha Gupta,2023-05-22 14:33:13,,,,No
TKT-09072,Email,Medium,Resolved,Sales,Rohit Verma,2023-08-27 06:40:27,2023-08-28 03:40:27,21.0,No,Yes
TKT-09073,Software,Medium,In Progress,Operations,Anjali Mehta,2023-09-03 05:46:16,,,,Yes
TKT-09074,Hardware,Medium,In Progress,Operations,Priya Singh,2024-08-07 21:09:36,,,,No
TKT-09075,Email,Low,Resolved,Sales,Rohit Verma,2023-09-18 04:50:32,2023-09-19 08:50:32,28.0,No,No
TKT-09076,Printer,Low,Closed,HR,Amit Sharma,2023-10-16 19:12:31,2023-10-18 19:12:31,48.0,No,No
TKT-09077,Email,Medium,Open,Finance,Vikram Joshi,2023-04-26 22:17:59,,,,No
TKT-09078,Hardware,Medium,Closed,Sales,Vikram Joshi,2023-01-13 03:12:25,2023-01-14 08:12:25,29.0,No,No
TKT-09079,Printer,Critical,Resolved,Legal,Priya Singh,2024-07-05 04:12:03,2024-07-05 09:12:03,5.0,Yes,No
TKT-09080,Network,Critical,Resolved,IT,Neha Gupta,2024-03-31 21:52:55,2024-04-01 01:52:55,4.0,No,Yes
TKT-09081,Printer,High,In Progress,Finance,Priya Singh,2024-05-04 00:13:19,,,,Yes
TKT-09082,Hardware,Medium,Resolved,IT,Rohit Verma,2023-03-14 09:45:21,2023-03-15 14:45:21,29.0,No,No
TKT-09083,Printer,Low,Closed,IT,Rohit Verma,2023-10-29 12:33:33,2023-11-01 16:33:33,76.0,Yes,Yes
TKT-09084,Hardware,Medium,Closed,Marketing,Rohit Verma,2023-01-05 12:01:53,2023-01-06 00:01:53,12.0,No,No
TKT-09085,Hardware,Medium,Resolved,Legal,Amit Sharma,2023-10-04 21:52:54,2023-10-05 12:52:54,15.0,No,No
TKT-09086,Printer,Medium,Open,Operations,Neha Gupta,2023-08-28 10:42:05,,,,No
TKT-09087,Network,High,Resolved,Legal,Suresh Kumar,2024-08-09 12:35:48,2024-08-10 09:35:48,21.0,No,No
TKT-09088,Network,Low,Resolved,Marketing,Rohit Verma,2023-12-14 14:26:28,2023-12-17 20:26:28,78.0,Yes,No
TKT-09089,Email,Medium,Closed,IT,Anjali Mehta,2024-02-16 07:36:59,2024-02-17 22:36:59,39.0,No,No
TKT-09090,Network,Medium,Closed,IT,Neha Gupta,2024-03-23 06:40:55,2024-03-23 19:40:55,13.0,No,Yes
TKT-09091,Access/Login,Medium,Closed,Marketing,Amit Sharma,2023-03-04 14:06:53,2023-03-06 08:06:53,42.0,No,Yes
TKT-09092,Software,Medium,Resolved,IT,Rohit Verma,2023-05-30 14:21:46,2023-06-01 15:21:46,49.0,Yes,No
TKT-09093,Access/Login,Medium,Resolved,Legal,Rohit Verma,2023-10-13 19:00:24,2023-10-14 12:00:24,17.0,No,No
TKT-09094,Email,High,Resolved,Sales,Rohit Verma,2023-08-09 20:30:57,2023-08-09 22:30:57,2.0,No,No
TKT-09095,Printer,Critical,Open,Finance,Priya Singh,2024-12-21 19:49:03,,,,Yes
TKT-09096,Printer,Low,Closed,Marketing,Priya Singh,2024-09-17 02:06:29,2024-09-20 02:06:29,72.0,No,No
TKT-09097,Access/Login,Medium,Resolved,Operations,Rohit Verma,2024-06-29 23:59:18,2024-07-02 03:59:18,52.0,Yes,Yes
TKT-09098,Software,Medium,Resolved,Marketing,Amit Sharma,2024-12-01 09:24:33,2024-12-02 11:24:33,26.0,No,Yes
TKT-09099,Network,Critical,Resolved,Finance,Priya Singh,2024-02-05 12:05:10,2024-02-05 20:05:10,8.0,Yes,No
TKT-09100,Printer,Critical,Closed,Marketing,Anjali Mehta,2024-05-27 01:31:45,2024-05-27 10:31:45,9.0,Yes,No
TKT-09101,Printer,Medium,Resolved,HR,Rohit Verma,2023-11-11 20:54:26,2023-11-12 09:54:26,13.0,No,Yes
TKT-09102,Hardware,Medium,Resolved,Operations,Priya Singh,2024-09-04 08:52:38,2024-09-04 23:52:38,15.0,No,No
TKT-09103,Printer,Medium,Resolved,Operations,Suresh Kumar,2024-03-24 07:27:28,2024-03-25 06:27:28,23.0,No,Yes
TKT-09104,Printer,Medium,Resolved,Operations,Amit Sharma,2024-03-19 13:11:51,2024-03-21 14:11:51,49.0,Yes,No
TKT-09105,Access/Login,Low,Resolved,Legal,Anjali Mehta,2023-10-21 17:57:44,2023-10-22 16:57:44,23.0,No,Yes
TKT-09106,Email,Low,Resolved,Operations,Suresh Kumar,2024-06-23 06:53:44,2024-06-24 09:53:44,27.0,No,Yes
TKT-09107,Network,Low,Closed,IT,Priya Singh,2024-08-29 08:54:12,2024-08-31 17:54:12,57.0,No,No
TKT-09108,Email,High,Open,IT,Anjali Mehta,2023-07-17 05:33:18,,,,No
TKT-09109,Network,Medium,Resolved,IT,Rohit Verma,2023-10-31 22:18:40,2023-11-02 08:18:40,34.0,No,No
TKT-09110,Printer,Critical,Resolved,IT,Rohit Verma,2024-06-13 20:51:45,2024-06-13 22:51:45,2.0,No,No
TKT-09111,Printer,Medium,Closed,HR,Neha Gupta,2024-02-02 04:32:50,2024-02-02 17:32:50,13.0,No,No
TKT-09112,Access/Login,Medium,Resolved,Finance,Anjali Mehta,2023-11-23 15:04:15,2023-11-24 17:04:15,26.0,No,No
TKT-09113,Software,High,Resolved,Operations,Anjali Mehta,2023-03-13 20:27:31,2023-03-14 12:27:31,16.0,No,No
TKT-09114,Network,Medium,Resolved,Marketing,Rohit Verma,2024-06-28 04:40:36,2024-06-29 19:40:36,39.0,No,No
TKT-09115,Hardware,Low,Resolved,Finance,Priya Singh,2023-12-29 02:31:37,2023-12-31 11:31:37,57.0,No,No
TKT-09116,Access/Login,Low,Open,IT,Neha Gupta,2023-06-24 11:56:55,,,,Yes
TKT-09117,Printer,Critical,Resolved,Legal,Amit Sharma,2023-01-27 14:46:47,2023-01-27 15:46:47,1.0,No,No
TKT-09118,Printer,Medium,Resolved,Marketing,Suresh Kumar,2024-05-16 22:06:17,2024-05-18 00:06:17,26.0,No,No
TKT-09119,Printer,Low,Closed,IT,Anjali Mehta,2024-10-31 16:10:57,2024-11-03 07:10:57,63.0,No,No
TKT-09120,Email,Low,Closed,Marketing,Priya Singh,2024-09-19 05:13:30,2024-09-22 06:13:30,73.0,Yes,No
TKT-09121,Access/Login,Medium,Resolved,Legal,Anjali Mehta,2024-05-01 18:06:16,2024-05-03 12:06:16,42.0,No,No
TKT-09122,Hardware,High,Closed,Marketing,Anjali Mehta,2023-11-09 01:53:28,2023-11-09 23:53:28,22.0,No,No
TKT-09123,Hardware,Medium,In Progress,Operations,Suresh Kumar,2024-07-25 10:57:11,,,,No
TKT-09124,Hardware,High,Resolved,Legal,Priya Singh,2023-08-11 18:48:02,2023-08-12 04:48:02,10.0,No,No
TKT-09125,Email,High,Resolved,Sales,Vikram Joshi,2024-03-25 22:42:28,2024-03-26 22:42:28,24.0,No,No
TKT-09126,Network,High,Resolved,Legal,Rohit Verma,2023-06-18 17:59:49,2023-06-19 17:59:49,24.0,No,Yes
TKT-09127,Printer,High,Resolved,Marketing,Anjali Mehta,2024-10-31 02:53:29,2024-10-31 15:53:29,13.0,No,No
TKT-09128,Printer,Medium,Closed,Legal,Suresh Kumar,2024-03-12 19:38:27,2024-03-14 08:38:27,37.0,No,No
TKT-09129,Hardware,High,Open,Operations,Rohit Verma,2023-09-27 03:07:40,,,,No
TKT-09130,Hardware,Low,Closed,Operations,Anjali Mehta,2024-11-01 08:25:41,2024-11-02 13:25:41,29.0,No,No
TKT-09131,Printer,Medium,In Progress,Sales,Vikram Joshi,2023-06-09 11:40:16,,,,No
TKT-09132,Software,Medium,Closed,HR,Vikram Joshi,2023-07-18 17:42:06,2023-07-19 13:42:06,20.0,No,No
TKT-09133,Software,Medium,Closed,Operations,Suresh Kumar,2023-10-29 21:19:02,2023-11-01 06:19:02,57.0,Yes,Yes
TKT-09134,Access/Login,Medium,Resolved,IT,Priya Singh,2024-11-21 17:16:18,2024-11-23 17:16:18,48.0,No,No
TKT-09135,Software,Medium,Resolved,HR,Priya Singh,2023-11-16 05:31:40,2023-11-16 10:31:40,5.0,No,No
TKT-09136,Hardware,High,Resolved,Operations,Anjali Mehta,2023-12-21 14:25:50,2023-12-21 17:25:50,3.0,No,No
TKT-09137,Access/Login,Low,In Progress,Finance,Rohit Verma,2023-10-19 20:37:03,,,,No
TKT-09138,Software,Medium,In Progress,HR,Priya Singh,2024-12-15 11:23:33,,,,Yes
TKT-09139,Hardware,Medium,Resolved,Operations,Anjali Mehta,2024-09-30 00:10:49,2024-09-30 22:10:49,22.0,No,No
TKT-09140,Software,Medium,Open,Sales,Rohit Verma,2023-06-18 06:56:16,,,,Yes
TKT-09141,Software,Low,In Progress,Legal,Amit Sharma,2024-03-09 13:41:55,,,,Yes
TKT-09142,Software,Medium,Open,Sales,Rohit Verma,2024-07-13 17:06:44,,,,Yes
TKT-09143,Printer,Medium,Resolved,Operations,Rohit Verma,2023-02-06 21:56:34,2023-02-08 20:56:34,47.0,No,No
TKT-09144,Hardware,Low,Closed,IT,Rohit Verma,2023-01-24 14:39:14,2023-01-25 00:39:14,10.0,No,No
TKT-09145,Network,Critical,Resolved,HR,Amit Sharma,2023-07-12 15:23:21,2023-07-12 18:23:21,3.0,No,No
TKT-09146,Network,Low,Closed,Legal,Priya Singh,2024-12-17 05:03:48,2024-12-20 16:03:48,83.0,Yes,No
TKT-09147,Hardware,Low,Resolved,Marketing,Priya Singh,2024-08-05 09:05:45,2024-08-06 10:05:45,25.0,No,No
TKT-09148,Printer,Medium,In Progress,Operations,Rohit Verma,2023-01-07 15:47:56,,,,Yes
TKT-09149,Access/Login,Low,Resolved,Finance,Amit Sharma,2023-03-25 06:49:21,2023-03-27 02:49:21,44.0,No,Yes
TKT-09150,Hardware,Medium,Resolved,Marketing,Vikram Joshi,2024-07-18 03:57:49,2024-07-19 22:57:49,43.0,No,No
TKT-09151,Network,Low,Resolved,HR,Amit Sharma,2024-03-01 20:54:45,2024-03-04 00:54:45,52.0,No,No
TKT-09152,Printer,Low,Closed,Finance,Vikram Joshi,2023-12-15 03:37:31,2023-12-18 10:37:31,79.0,Yes,No
TKT-09153,Printer,High,Closed,Legal,Amit Sharma,2024-08-27 13:16:28,2024-08-28 00:16:28,11.0,No,No
TKT-09154,Email,High,Resolved,Operations,Vikram Joshi,2023-12-27 10:37:11,2023-12-27 14:37:11,4.0,No,No
TKT-09155,Access/Login,Low,Closed,Operations,Vikram Joshi,2023-08-06 16:31:25,2023-08-07 15:31:25,23.0,No,Yes
TKT-09156,Software,High,Open,Marketing,Neha Gupta,2023-02-02 06:45:35,,,,No
TKT-09157,Hardware,Critical,Resolved,Sales,Anjali Mehta,2023-11-05 01:22:35,2023-11-05 02:22:35,1.0,No,Yes
TKT-09158,Access/Login,Low,Resolved,Finance,Anjali Mehta,2024-06-15 19:56:14,2024-06-19 13:56:14,90.0,Yes,Yes
TKT-09159,Email,Medium,Closed,Marketing,Neha Gupta,2024-11-05 02:07:23,2024-11-06 10:07:23,32.0,No,No
TKT-09160,Software,Medium,Closed,Finance,Suresh Kumar,2023-10-01 01:59:23,2023-10-01 14:59:23,13.0,No,Yes
TKT-09161,Hardware,High,Closed,IT,Rohit Verma,2024-03-30 05:25:56,2024-03-31 06:25:56,25.0,Yes,Yes
TKT-09162,Email,High,Open,IT,Neha Gupta,2024-01-24 05:15:36,,,,No
TKT-09163,Network,High,Closed,HR,Priya Singh,2024-06-28 19:30:20,2024-06-29 15:30:20,20.0,No,No
TKT-09164,Software,Medium,Resolved,Marketing,Anjali Mehta,2023-12-16 00:35:51,2023-12-17 00:35:51,24.0,No,Yes
TKT-09165,Access/Login,High,Resolved,Finance,Amit Sharma,2023-11-19 05:01:17,2023-11-19 20:01:17,15.0,No,Yes
TKT-09166,Email,Medium,Closed,IT,Vikram Joshi,2023-03-26 05:47:26,2023-03-27 22:47:26,41.0,No,Yes
TKT-09167,Printer,Medium,Open,Legal,Anjali Mehta,2023-02-16 22:19:35,,,,No
TKT-09168,Network,Low,Resolved,IT,Vikram Joshi,2024-03-04 06:55:58,2024-03-05 03:55:58,21.0,No,No
TKT-09169,Email,Medium,Resolved,HR,Amit Sharma,2024-05-30 05:40:17,2024-06-01 12:40:17,55.0,Yes,No
TKT-09170,Software,Medium,Closed,Operations,Amit Sharma,2023-01-15 18:56:09,2023-01-17 23:56:09,53.0,Yes,Yes
TKT-09171,Hardware,Low,Open,Marketing,Suresh Kumar,2023-11-07 07:42:13,,,,No
TKT-09172,Email,Low,In Progress,HR,Rohit Verma,2024-08-26 05:16:32,,,,No
TKT-09173,Printer,Low,Resolved,Operations,Amit Sharma,2023-08-04 21:33:47,2023-08-06 04:33:47,31.0,No,No
TKT-09174,Hardware,Medium,Resolved,Sales,Rohit Verma,2023-11-14 06:37:46,2023-11-14 23:37:46,17.0,No,No
TKT-09175,Software,Low,Closed,IT,Suresh Kumar,2024-01-11 05:05:12,2024-01-14 01:05:12,68.0,No,No
TKT-09176,Software,Low,In Progress,Finance,Vikram Joshi,2023-08-07 05:00:05,,,,No
TKT-09177,Hardware,Medium,Resolved,Sales,Suresh Kumar,2023-01-17 21:46:08,2023-01-18 02:46:08,5.0,No,No
TKT-09178,Network,Low,Closed,Sales,Neha Gupta,2024-09-13 03:57:06,2024-09-15 10:57:06,55.0,No,No
TKT-09179,Hardware,Medium,Resolved,Sales,Anjali Mehta,2024-05-05 01:44:38,2024-05-07 07:44:38,54.0,Yes,Yes
TKT-09180,Hardware,Low,Open,Legal,Anjali Mehta,2023-02-26 21:07:47,,,,Yes
TKT-09181,Printer,High,Resolved,Marketing,Amit Sharma,2024-04-22 11:03:51,2024-04-22 21:03:51,10.0,No,No
TKT-09182,Network,Low,Closed,Finance,Vikram Joshi,2024-09-12 03:04:21,2024-09-15 08:04:21,77.0,Yes,No
TKT-09183,Access/Login,High,Closed,Sales,Suresh Kumar,2023-12-28 10:52:51,2023-12-28 16:52:51,6.0,No,No
TKT-09184,Email,Low,Closed,Operations,Rohit Verma,2024-06-12 02:13:02,2024-06-15 04:13:02,74.0,Yes,No
TKT-09185,Software,Medium,In Progress,Operations,Vikram Joshi,2024-10-03 22:07:18,,,,No
TKT-09186,Network,Medium,Resolved,Marketing,Rohit Verma,2023-05-25 17:30:57,2023-05-27 10:30:57,41.0,No,No
TKT-09187,Access/Login,Medium,Closed,Marketing,Rohit Verma,2024-01-06 19:02:18,2024-01-08 03:02:18,32.0,No,Yes
TKT-09188,Email,High,Closed,HR,Amit Sharma,2024-11-23 16:58:15,2024-11-24 20:58:15,28.0,Yes,Yes
TKT-09189,Software,Medium,Resolved,HR,Vikram Joshi,2023-04-04 02:01:37,2023-04-05 20:01:37,42.0,No,No
TKT-09190,Access/Login,Low,In Progress,HR,Neha Gupta,2024-05-23 14:33:16,,,,No
TKT-09191,Access/Login,Low,Closed,Legal,Priya Singh,2024-07-21 20:42:42,2024-07-22 06:42:42,10.0,No,Yes
TKT-09192,Printer,High,Resolved,Operations,Vikram Joshi,2023-10-24 00:43:01,2023-10-24 13:43:01,13.0,No,No
TKT-09193,Network,Low,Closed,Marketing,Rohit Verma,2023-09-12 11:24:54,2023-09-14 15:24:54,52.0,No,No
TKT-09194,Network,High,Resolved,IT,Anjali Mehta,2023-11-08 06:58:58,2023-11-08 18:58:58,12.0,No,No
TKT-09195,Software,Medium,Resolved,Marketing,Vikram Joshi,2024-10-21 15:58:06,2024-10-22 20:58:06,29.0,No,No
TKT-09196,Network,High,Open,Sales,Anjali Mehta,2023-06-21 18:17:40,,,,No
TKT-09197,Access/Login,Critical,Resolved,Marketing,Neha Gupta,2024-08-06 15:17:46,2024-08-06 20:17:46,5.0,Yes,No
TKT-09198,Hardware,Medium,Resolved,Sales,Rohit Verma,2024-10-30 22:18:28,2024-11-01 04:18:28,30.0,No,No
TKT-09199,Hardware,Low,Resolved,Legal,Neha Gupta,2023-02-15 13:46:35,2023-02-18 09:46:35,68.0,No,No
TKT-09200,Software,Medium,In Progress,Sales,Suresh Kumar,2024-08-16 21:35:47,,,,No
TKT-09201,Network,Low,Closed,Finance,Suresh Kumar,2023-06-19 04:19:45,2023-06-21 06:19:45,50.0,No,No
TKT-09202,Software,High,Resolved,IT,Suresh Kumar,2024-03-07 11:11:36,2024-03-08 03:11:36,16.0,No,No
TKT-09203,Hardware,Medium,Resolved,Marketing,Priya Singh,2023-06-26 15:48:14,2023-06-28 19:48:14,52.0,Yes,No
TKT-09204,Hardware,Critical,In Progress,IT,Neha Gupta,2024-09-03 02:32:53,,,,No
TKT-09205,Network,Low,Closed,Sales,Amit Sharma,2023-09-26 23:53:03,2023-09-28 11:53:03,36.0,No,No
TKT-09206,Access/Login,Medium,Open,Marketing,Rohit Verma,2023-11-28 15:46:51,,,,No
TKT-09207,Printer,Critical,Resolved,Marketing,Neha Gupta,2024-02-02 01:09:30,2024-02-02 06:09:30,5.0,Yes,No
TKT-09208,Access/Login,Medium,Closed,IT,Neha Gupta,2023-06-01 04:39:58,2023-06-02 18:39:58,38.0,No,No
TKT-09209,Access/Login,Critical,Resolved,Legal,Vikram Joshi,2023-01-19 14:27:32,2023-01-19 21:27:32,7.0,Yes,No
TKT-09210,Software,Medium,Open,Finance,Suresh Kumar,2024-11-15 15:47:51,,,,No
TKT-09211,Access/Login,Low,Closed,Marketing,Priya Singh,2024-04-30 00:26:35,2024-04-30 21:26:35,21.0,No,No
TKT-09212,Access/Login,High,Resolved,IT,Neha Gupta,2024-12-26 06:46:34,2024-12-27 03:46:34,21.0,No,No
TKT-09213,Access/Login,Critical,Closed,HR,Neha Gupta,2023-04-29 17:55:49,2023-04-30 01:55:49,8.0,Yes,Yes
TKT-09214,Software,Critical,Closed,IT,Rohit Verma,2024-06-18 23:42:23,2024-06-19 04:42:23,5.0,Yes,No
TKT-09215,Access/Login,Medium,Resolved,Marketing,Vikram Joshi,2024-05-27 05:52:25,2024-05-29 02:52:25,45.0,No,No
TKT-09216,Network,Low,Resolved,IT,Amit Sharma,2024-12-08 17:30:16,2024-12-09 19:30:16,26.0,No,Yes
TKT-09217,Email,High,Open,Sales,Anjali Mehta,2024-10-05 17:43:14,,,,Yes
TKT-09218,Email,Critical,Resolved,Sales,Suresh Kumar,2023-03-06 14:33:04,2023-03-06 19:33:04,5.0,Yes,No
TKT-09219,Email,Medium,Resolved,Operations,Rohit Verma,2024-06-10 23:38:29,2024-06-12 12:38:29,37.0,No,No
TKT-09220,Email,Low,Closed,Legal,Amit Sharma,2024-09-26 20:57:45,2024-09-29 20:57:45,72.0,No,No
TKT-09221,Printer,Low,Resolved,IT,Neha Gupta,2023-01-17 21:10:52,2023-01-18 08:10:52,11.0,No,No
TKT-09222,Printer,Critical,Closed,Operations,Vikram Joshi,2024-10-14 00:59:20,2024-10-14 09:59:20,9.0,Yes,No
TKT-09223,Software,Medium,Resolved,IT,Suresh Kumar,2024-12-10 00:10:29,2024-12-12 01:10:29,49.0,Yes,No
TKT-09224,Email,Medium,Closed,IT,Anjali Mehta,2023-04-25 02:58:48,2023-04-25 12:58:48,10.0,No,No
TKT-09225,Software,Low,Closed,Operations,Neha Gupta,2024-07-17 05:17:31,2024-07-19 12:17:31,55.0,No,No
TKT-09226,Email,Medium,Closed,Sales,Amit Sharma,2024-11-22 09:16:12,2024-11-24 15:16:12,54.0,Yes,No
TKT-09227,Access/Login,Low,Resolved,Marketing,Anjali Mehta,2023-01-08 00:22:41,2023-01-08 22:22:41,22.0,No,Yes
TKT-09228,Access/Login,Low,Resolved,Sales,Priya Singh,2024-09-28 18:15:38,2024-10-02 05:15:38,83.0,Yes,Yes
TKT-09229,Network,High,Closed,Operations,Suresh Kumar,2024-04-28 19:46:08,2024-04-30 00:46:08,29.0,Yes,Yes
TKT-09230,Network,Critical,Closed,Operations,Anjali Mehta,2023-01-03 20:41:12,2023-01-04 01:41:12,5.0,Yes,No
TKT-09231,Printer,High,Resolved,Legal,Suresh Kumar,2023-04-19 09:41:08,2023-04-20 01:41:08,16.0,No,No
TKT-09232,Software,Medium,Closed,Finance,Neha Gupta,2023-11-29 07:56:53,2023-12-01 08:56:53,49.0,Yes,No
TKT-09233,Printer,Low,Open,Sales,Anjali Mehta,2024-03-14 20:46:54,,,,No
TKT-09234,Printer,High,Closed,Sales,Vikram Joshi,2024-08-19 07:06:43,2024-08-19 15:06:43,8.0,No,No
TKT-09235,Hardware,Medium,Closed,Finance,Neha Gupta,2024-11-24 22:19:09,2024-11-27 04:19:09,54.0,Yes,Yes
TKT-09236,Printer,Medium,Closed,Legal,Rohit Verma,2023-02-16 14:35:41,2023-02-18 17:35:41,51.0,Yes,No
TKT-09237,Access/Login,Low,Resolved,Sales,Amit Sharma,2023-07-17 00:52:30,2023-07-18 03:52:30,27.0,No,No
TKT-09238,Software,High,Closed,IT,Priya Singh,2023-04-08 03:24:40,2023-04-08 12:24:40,9.0,No,Yes
TKT-09239,Software,Critical,Closed,Sales,Neha Gupta,2023-08-15 22:03:29,2023-08-16 05:03:29,7.0,Yes,No
TKT-09240,Email,High,Resolved,HR,Anjali Mehta,2024-01-18 12:20:36,2024-01-19 15:20:36,27.0,Yes,No
TKT-09241,Network,Medium,Open,Finance,Rohit Verma,2024-12-21 01:34:40,,,,Yes
TKT-09242,Software,Medium,Resolved,Sales,Neha Gupta,2024-07-20 15:38:58,2024-07-21 03:38:58,12.0,No,Yes
TKT-09243,Network,High,Resolved,IT,Amit Sharma,2024-07-08 18:24:27,2024-07-10 00:24:27,30.0,Yes,No
TKT-09244,Access/Login,Medium,Resolved,HR,Priya Singh,2024-06-27 23:27:19,2024-06-29 07:27:19,32.0,No,No
TKT-09245,Email,Low,Closed,Legal,Priya Singh,2024-03-11 20:23:52,2024-03-14 23:23:52,75.0,Yes,No
TKT-09246,Network,Medium,Resolved,Marketing,Rohit Verma,2024-12-19 14:52:00,2024-12-20 02:52:00,12.0,No,No
TKT-09247,Access/Login,Medium,Closed,HR,Neha Gupta,2023-03-23 02:32:03,2023-03-23 07:32:03,5.0,No,No
TKT-09248,Access/Login,Low,Closed,IT,Rohit Verma,2023-10-25 20:05:30,2023-10-27 15:05:30,43.0,No,No
TKT-09249,Email,High,Resolved,Marketing,Neha Gupta,2023-03-08 04:54:59,2023-03-09 04:54:59,24.0,No,No
TKT-09250,Network,High,Closed,IT,Priya Singh,2023-03-30 22:21:22,2023-03-31 00:21:22,2.0,No,No
TKT-09251,Printer,Critical,Resolved,Marketing,Anjali Mehta,2023-01-07 11:15:37,2023-01-07 14:15:37,3.0,No,Yes
TKT-09252,Software,Low,Resolved,Finance,Neha Gupta,2023-02-08 00:48:07,2023-02-11 01:48:07,73.0,Yes,No
TKT-09253,Network,Medium,In Progress,HR,Suresh Kumar,2024-01-26 13:54:05,,,,No
TKT-09254,Software,Medium,Resolved,Marketing,Rohit Verma,2023-07-08 01:58:03,2023-07-08 08:58:03,7.0,No,Yes
TKT-09255,Email,High,Resolved,Operations,Anjali Mehta,2023-08-25 19:15:14,2023-08-26 01:15:14,6.0,No,No
TKT-09256,Email,Medium,In Progress,HR,Anjali Mehta,2024-01-18 11:04:35,,,,No
TKT-09257,Printer,Medium,Resolved,Finance,Amit Sharma,2024-04-13 06:27:21,2024-04-14 06:27:21,24.0,No,Yes
TKT-09258,Printer,Medium,Closed,Operations,Neha Gupta,2024-05-16 07:38:42,2024-05-17 00:38:42,17.0,No,No
TKT-09259,Access/Login,Medium,In Progress,IT,Neha Gupta,2023-06-18 04:20:44,,,,Yes
TKT-09260,Software,Low,Resolved,IT,Priya Singh,2024-05-10 15:30:00,2024-05-13 13:30:00,70.0,No,No
TKT-09261,Access/Login,High,Resolved,IT,Vikram Joshi,2024-09-02 12:51:18,2024-09-03 06:51:18,18.0,No,No
TKT-09262,Hardware,Medium,Open,Sales,Anjali Mehta,2024-06-28 09:34:55,,,,No
TKT-09263,Printer,High,Closed,Sales,Priya Singh,2023-10-25 22:53:51,2023-10-26 11:53:51,13.0,No,No
TKT-09264,Email,Critical,Closed,Finance,Amit Sharma,2023-03-23 10:31:42,2023-03-23 14:31:42,4.0,No,No
TKT-09265,Email,Low,Closed,Marketing,Vikram Joshi,2023-07-07 02:47:22,2023-07-09 22:47:22,68.0,No,No
TKT-09266,Printer,High,Closed,Operations,Suresh Kumar,2023-07-03 16:39:43,2023-07-04 22:39:43,30.0,Yes,No
TKT-09267,Email,High,Resolved,HR,Suresh Kumar,2024-09-07 05:01:02,2024-09-08 05:01:02,24.0,No,Yes
TKT-09268,Network,High,In Progress,Operations,Priya Singh,2024-11-15 00:30:04,,,,No
TKT-09269,Access/Login,Medium,Closed,IT,Vikram Joshi,2024-04-01 19:53:38,2024-04-02 01:53:38,6.0,No,No
TKT-09270,Software,Medium,Closed,Finance,Suresh Kumar,2023-01-03 03:41:01,2023-01-05 08:41:01,53.0,Yes,No
TKT-09271,Printer,High,Closed,Marketing,Suresh Kumar,2023-10-16 04:13:40,2023-10-16 12:13:40,8.0,No,No
TKT-09272,Email,Medium,Resolved,Marketing,Rohit Verma,2024-11-10 09:43:29,2024-11-11 16:43:29,31.0,No,Yes
TKT-09273,Access/Login,High,Closed,Marketing,Neha Gupta,2023-01-05 19:22:42,2023-01-05 22:22:42,3.0,No,No
TKT-09274,Access/Login,Medium,Open,Operations,Amit Sharma,2024-04-23 07:33:25,,,,No
TKT-09275,Network,Medium,Resolved,Finance,Rohit Verma,2023-03-27 07:49:37,2023-03-27 23:49:37,16.0,No,No
TKT-09276,Hardware,Low,Resolved,IT,Rohit Verma,2023-07-08 08:19:55,2023-07-10 11:19:55,51.0,No,Yes
TKT-09277,Printer,Medium,Resolved,Legal,Anjali Mehta,2024-06-06 10:14:37,2024-06-07 13:14:37,27.0,No,No
TKT-09278,Access/Login,High,Resolved,Operations,Anjali Mehta,2023-04-27 04:48:18,2023-04-27 18:48:18,14.0,No,No
TKT-09279,Email,Critical,Open,IT,Rohit Verma,2023-10-21 14:14:48,,,,Yes
TKT-09280,Printer,Medium,Closed,IT,Vikram Joshi,2024-02-08 09:13:05,2024-02-10 15:13:05,54.0,Yes,No
TKT-09281,Hardware,Medium,Resolved,Finance,Neha Gupta,2024-07-26 10:08:57,2024-07-28 21:08:57,59.0,Yes,No
TKT-09282,Software,Critical,Resolved,Legal,Rohit Verma,2023-03-19 00:57:00,2023-03-19 07:57:00,7.0,Yes,Yes
TKT-09283,Network,High,Resolved,Operations,Neha Gupta,2023-06-09 20:26:32,2023-06-10 12:26:32,16.0,No,No
TKT-09284,Access/Login,High,Resolved,Finance,Vikram Joshi,2023-03-23 21:17:11,2023-03-24 19:17:11,22.0,No,No
TKT-09285,Network,Medium,Resolved,Sales,Rohit Verma,2023-06-03 12:45:38,2023-06-05 08:45:38,44.0,No,Yes
TKT-09286,Network,High,Closed,HR,Suresh Kumar,2023-02-26 08:34:03,2023-02-27 05:34:03,21.0,No,Yes
TKT-09287,Access/Login,Medium,Closed,IT,Anjali Mehta,2023-01-27 18:57:37,2023-01-28 08:57:37,14.0,No,No
TKT-09288,Email,Medium,Closed,Finance,Neha Gupta,2023-11-05 08:59:36,2023-11-05 14:59:36,6.0,No,Yes
TKT-09289,Access/Login,Low,Resolved,Finance,Anjali Mehta,2023-11-28 07:06:38,2023-12-01 22:06:38,87.0,Yes,No
TKT-09290,Access/Login,High,Resolved,IT,Vikram Joshi,2024-08-14 03:48:09,2024-08-14 13:48:09,10.0,No,No
TKT-09291,Printer,Critical,Resolved,Sales,Suresh Kumar,2023-01-27 14:06:06,2023-01-27 17:06:06,3.0,No,No
TKT-09292,Network,Medium,In Progress,Operations,Vikram Joshi,2023-09-21 16:22:57,,,,No
TKT-09293,Hardware,Low,Closed,IT,Neha Gupta,2023-05-16 20:59:22,2023-05-19 17:59:22,69.0,No,No
TKT-09294,Software,Low,Resolved,Finance,Suresh Kumar,2024-08-03 17:45:10,2024-08-04 09:45:10,16.0,No,Yes
TKT-09295,Software,Medium,In Progress,Operations,Vikram Joshi,2024-01-08 14:01:08,,,,No
TKT-09296,Email,High,Resolved,Finance,Suresh Kumar,2024-05-18 03:27:45,2024-05-19 03:27:45,24.0,No,Yes
TKT-09297,Printer,Medium,Resolved,Finance,Neha Gupta,2024-06-10 02:16:25,2024-06-12 01:16:25,47.0,No,No
TKT-09298,Network,Medium,Open,Operations,Anjali Mehta,2024-08-10 23:30:01,,,,Yes
TKT-09299,Network,Medium,Resolved,Legal,Suresh Kumar,2023-09-02 06:58:15,2023-09-04 12:58:15,54.0,Yes,Yes
TKT-09300,Software,High,Resolved,Legal,Rohit Verma,2023-04-24 20:49:26,2023-04-25 17:49:26,21.0,No,No
TKT-09301,Email,Medium,In Progress,Marketing,Rohit Verma,2024-10-06 09:45:43,,,,Yes
TKT-09302,Email,Medium,Closed,HR,Rohit Verma,2023-06-28 16:44:45,2023-06-30 14:44:45,46.0,No,No
TKT-09303,Software,Medium,Open,Legal,Vikram Joshi,2024-07-08 03:02:53,,,,No
TKT-09304,Access/Login,Low,Open,IT,Anjali Mehta,2023-09-29 22:03:21,,,,No
TKT-09305,Hardware,Medium,Resolved,Sales,Suresh Kumar,2023-07-24 15:23:19,2023-07-24 23:23:19,8.0,No,No
TKT-09306,Hardware,Medium,Resolved,IT,Priya Singh,2024-12-13 02:09:30,2024-12-14 22:09:30,44.0,No,No
TKT-09307,Email,Critical,Resolved,IT,Anjali Mehta,2024-02-16 19:36:34,2024-02-17 00:36:34,5.0,Yes,No
TKT-09308,Printer,Low,Closed,Legal,Priya Singh,2023-08-21 01:31:07,2023-08-24 11:31:07,82.0,Yes,No
TKT-09309,Hardware,High,Resolved,Marketing,Suresh Kumar,2024-03-16 03:18:50,2024-03-16 06:18:50,3.0,No,Yes
TKT-09310,Email,Low,Resolved,Sales,Neha Gupta,2023-04-24 22:41:06,2023-04-27 07:41:06,57.0,No,No
TKT-09311,Printer,Medium,Resolved,Finance,Rohit Verma,2024-11-11 21:41:50,2024-11-12 11:41:50,14.0,No,No
TKT-09312,Software,Medium,Closed,Legal,Suresh Kumar,2023-04-24 04:59:36,2023-04-26 07:59:36,51.0,Yes,No
TKT-09313,Access/Login,Critical,Resolved,IT,Anjali Mehta,2023-10-30 16:19:07,2023-10-30 17:19:07,1.0,No,No
TKT-09314,Software,Medium,Resolved,HR,Amit Sharma,2024-07-04 14:28:13,2024-07-06 07:28:13,41.0,No,No
TKT-09315,Printer,High,Resolved,Sales,Priya Singh,2024-12-07 02:32:12,2024-12-08 03:32:12,25.0,Yes,Yes
TKT-09316,Network,High,Resolved,Sales,Anjali Mehta,2024-11-16 20:17:33,2024-11-17 00:17:33,4.0,No,Yes
TKT-09317,Access/Login,Medium,Resolved,Marketing,Anjali Mehta,2023-12-05 08:33:40,2023-12-06 11:33:40,27.0,No,No
TKT-09318,Email,Low,Resolved,Marketing,Neha Gupta,2023-03-17 03:04:44,2023-03-20 10:04:44,79.0,Yes,No
TKT-09319,Access/Login,High,In Progress,Operations,Vikram Joshi,2024-10-13 20:44:27,,,,Yes
TKT-09320,Hardware,Medium,In Progress,Finance,Priya Singh,2023-04-26 11:40:24,,,,No
TKT-09321,Network,Low,Closed,HR,Suresh Kumar,2024-12-04 00:04:45,2024-12-06 08:04:45,56.0,No,No
TKT-09322,Access/Login,Critical,Open,Legal,Amit Sharma,2024-02-02 16:33:29,,,,No
TKT-09323,Network,Critical,Closed,HR,Vikram Joshi,2024-04-01 03:24:12,2024-04-01 04:24:12,1.0,No,No
TKT-09324,Access/Login,Medium,Open,Operations,Rohit Verma,2023-07-21 17:13:43,,,,No
TKT-09325,Software,Critical,In Progress,Operations,Neha Gupta,2024-01-14 04:25:44,,,,Yes
TKT-09326,Email,Low,Resolved,Legal,Neha Gupta,2023-12-28 02:58:19,2023-12-30 01:58:19,47.0,No,No
TKT-09327,Email,Low,In Progress,IT,Priya Singh,2023-01-29 07:26:37,,,,Yes
TKT-09328,Access/Login,Low,Resolved,Finance,Neha Gupta,2023-07-16 15:55:31,2023-07-17 03:55:31,12.0,No,Yes
TKT-09329,Printer,High,In Progress,Operations,Priya Singh,2023-07-04 02:17:20,,,,No
TKT-09330,Software,Medium,Resolved,HR,Priya Singh,2024-04-01 08:07:22,2024-04-01 22:07:22,14.0,No,No
TKT-09331,Network,High,Open,IT,Priya Singh,2024-09-17 08:34:36,,,,No
TKT-09332,Email,Medium,Resolved,Operations,Amit Sharma,2024-07-12 00:59:54,2024-07-13 16:59:54,40.0,No,No
TKT-09333,Hardware,Medium,Closed,Operations,Rohit Verma,2024-04-03 12:36:09,2024-04-04 16:36:09,28.0,No,No
TKT-09334,Software,High,In Progress,Finance,Anjali Mehta,2023-01-27 17:37:14,,,,No
TKT-09335,Access/Login,Medium,Closed,Marketing,Suresh Kumar,2023-06-27 15:35:39,2023-06-28 15:35:39,24.0,No,No
TKT-09336,Hardware,Medium,Resolved,HR,Anjali Mehta,2023-09-14 10:28:03,2023-09-15 04:28:03,18.0,No,No
TKT-09337,Access/Login,Low,Closed,Operations,Suresh Kumar,2024-08-07 05:34:33,2024-08-08 11:34:33,30.0,No,No
TKT-09338,Email,Low,Closed,IT,Rohit Verma,2024-01-04 06:56:27,2024-01-06 07:56:27,49.0,No,No
TKT-09339,Email,Medium,Resolved,Sales,Rohit Verma,2023-12-01 04:05:58,2023-12-01 10:05:58,6.0,No,No
TKT-09340,Printer,Low,Resolved,Finance,Priya Singh,2023-08-02 01:01:04,2023-08-04 00:01:04,47.0,No,No
TKT-09341,Email,Low,Resolved,Legal,Vikram Joshi,2023-09-24 14:57:03,2023-09-25 20:57:03,30.0,No,Yes
TKT-09342,Email,Medium,Resolved,Marketing,Amit Sharma,2024-05-15 22:23:16,2024-05-17 23:23:16,49.0,Yes,No
TKT-09343,Access/Login,High,Resolved,Operations,Neha Gupta,2024-05-07 07:12:41,2024-05-07 20:12:41,13.0,No,No
TKT-09344,Printer,Medium,Resolved,Sales,Vikram Joshi,2024-12-21 09:12:07,2024-12-23 14:12:07,53.0,Yes,Yes
TKT-09345,Access/Login,Medium,Resolved,Legal,Rohit Verma,2024-08-08 22:48:36,2024-08-10 08:48:36,34.0,No,No
TKT-09346,Software,Low,Resolved,Marketing,Suresh Kumar,2023-02-05 07:44:44,2023-02-07 13:44:44,54.0,No,Yes
TKT-09347,Network,Medium,Closed,IT,Anjali Mehta,2024-04-16 22:50:39,2024-04-17 13:50:39,15.0,No,No
TKT-09348,Email,Medium,Resolved,Marketing,Anjali Mehta,2024-04-19 14:20:21,2024-04-20 21:20:21,31.0,No,No
TKT-09349,Hardware,Low,Resolved,Finance,Rohit Verma,2023-07-06 03:32:47,2023-07-09 06:32:47,75.0,Yes,No
TKT-09350,Printer,Critical,Resolved,IT,Amit Sharma,2024-08-26 08:45:57,2024-08-26 12:45:57,4.0,No,No
TKT-09351,Email,Critical,Closed,IT,Amit Sharma,2023-01-13 04:39:11,2023-01-13 05:39:11,1.0,No,No
TKT-09352,Hardware,Low,Open,Sales,Suresh Kumar,2024-12-10 20:45:18,,,,No
TKT-09353,Email,High,Resolved,Finance,Neha Gupta,2023-03-12 22:21:11,2023-03-13 04:21:11,6.0,No,Yes
TKT-09354,Access/Login,Low,Resolved,Operations,Anjali Mehta,2024-11-10 20:35:25,2024-11-14 10:35:25,86.0,Yes,Yes
TKT-09355,Email,Critical,Resolved,Sales,Vikram Joshi,2024-04-24 03:24:00,2024-04-24 04:24:00,1.0,No,No
TKT-09356,Network,Low,Closed,Marketing,Rohit Verma,2024-08-16 03:58:47,2024-08-17 02:58:47,23.0,No,No
TKT-09357,Email,Low,Closed,Finance,Rohit Verma,2023-06-15 01:54:21,2023-06-17 16:54:21,63.0,No,No
TKT-09358,Access/Login,Critical,Open,HR,Amit Sharma,2023-02-06 20:11:36,,,,No
TKT-09359,Hardware,Medium,Resolved,Operations,Anjali Mehta,2023-04-06 05:48:35,2023-04-07 01:48:35,20.0,No,No
TKT-09360,Email,High,Resolved,Marketing,Rohit Verma,2023-07-13 03:52:41,2023-07-14 00:52:41,21.0,No,No
TKT-09361,Email,Medium,Closed,Sales,Anjali Mehta,2024-12-27 01:16:24,2024-12-27 10:16:24,9.0,No,No
TKT-09362,Network,High,Resolved,Marketing,Amit Sharma,2024-02-05 12:04:29,2024-02-05 20:04:29,8.0,No,No
TKT-09363,Printer,Medium,Closed,Operations,Suresh Kumar,2023-07-30 20:32:43,2023-08-01 01:32:43,29.0,No,Yes
TKT-09364,Hardware,Low,Resolved,Legal,Amit Sharma,2024-01-06 07:03:14,2024-01-09 15:03:14,80.0,Yes,Yes
TKT-09365,Software,High,Closed,Marketing,Neha Gupta,2023-11-09 09:43:04,2023-11-09 14:43:04,5.0,No,No
TKT-09366,Printer,Critical,Closed,Legal,Priya Singh,2023-11-06 14:21:31,2023-11-06 22:21:31,8.0,Yes,No
TKT-09367,Network,Medium,Resolved,IT,Vikram Joshi,2023-07-25 11:19:13,2023-07-26 18:19:13,31.0,No,No
TKT-09368,Access/Login,Medium,Closed,HR,Anjali Mehta,2024-10-24 05:56:15,2024-10-26 15:56:15,58.0,Yes,No
TKT-09369,Printer,High,Resolved,Finance,Priya Singh,2024-03-31 20:12:30,2024-04-01 07:12:30,11.0,No,Yes
TKT-09370,Software,Low,Closed,IT,Priya Singh,2023-05-16 18:38:30,2023-05-20 10:38:30,88.0,Yes,No
TKT-09371,Hardware,Medium,Resolved,HR,Anjali Mehta,2024-10-21 19:22:22,2024-10-22 11:22:22,16.0,No,No
TKT-09372,Printer,Medium,In Progress,Operations,Neha Gupta,2024-07-27 22:15:33,,,,Yes
TKT-09373,Printer,Low,Resolved,Legal,Suresh Kumar,2023-05-04 21:15:53,2023-05-06 02:15:53,29.0,No,No
TKT-09374,Hardware,Low,Resolved,Marketing,Priya Singh,2023-04-20 16:58:54,2023-04-21 23:58:54,31.0,No,No
TKT-09375,Printer,High,Resolved,Legal,Neha Gupta,2023-10-21 06:36:44,2023-10-22 02:36:44,20.0,No,Yes
TKT-09376,Network,Medium,Resolved,Finance,Neha Gupta,2023-01-05 05:53:52,2023-01-05 16:53:52,11.0,No,No
TKT-09377,Hardware,Medium,Resolved,Legal,Rohit Verma,2023-01-26 17:57:51,2023-01-28 01:57:51,32.0,No,No
TKT-09378,Hardware,Medium,Closed,HR,Priya Singh,2024-01-31 01:55:59,2024-01-31 07:55:59,6.0,No,No
TKT-09379,Email,Medium,Open,Operations,Anjali Mehta,2024-10-18 02:50:55,,,,No
TKT-09380,Software,Low,Resolved,Finance,Anjali Mehta,2024-04-20 22:09:09,2024-04-23 13:09:09,63.0,No,Yes
TKT-09381,Hardware,Low,Resolved,Marketing,Rohit Verma,2023-06-04 12:58:26,2023-06-06 16:58:26,52.0,No,Yes
TKT-09382,Printer,Medium,Resolved,Operations,Suresh Kumar,2023-12-03 19:47:43,2023-12-04 04:47:43,9.0,No,Yes
TKT-09383,Hardware,Medium,Resolved,Legal,Rohit Verma,2024-07-23 10:33:00,2024-07-23 22:33:00,12.0,No,No
TKT-09384,Network,Low,Closed,HR,Priya Singh,2024-01-28 11:02:45,2024-01-29 17:02:45,30.0,No,Yes
TKT-09385,Hardware,High,Resolved,Finance,Suresh Kumar,2023-08-04 10:56:28,2023-08-05 12:56:28,26.0,Yes,No
TKT-09386,Hardware,Critical,Resolved,IT,Vikram Joshi,2024-07-12 21:27:33,2024-07-12 22:27:33,1.0,No,No
TKT-09387,Email,Medium,Closed,IT,Suresh Kumar,2023-04-15 11:18:40,2023-04-15 22:18:40,11.0,No,Yes
TKT-09388,Software,Medium,Open,HR,Suresh Kumar,2023-01-20 13:37:14,,,,No
TKT-09389,Hardware,Medium,Resolved,Marketing,Suresh Kumar,2024-10-27 08:54:55,2024-10-29 15:54:55,55.0,Yes,Yes
TKT-09390,Network,High,Resolved,Operations,Rohit Verma,2023-05-24 23:58:33,2023-05-26 02:58:33,27.0,Yes,No
TKT-09391,Email,High,Resolved,Operations,Amit Sharma,2024-05-10 12:32:55,2024-05-11 00:32:55,12.0,No,No
TKT-09392,Access/Login,High,Resolved,Legal,Neha Gupta,2024-08-19 22:48:24,2024-08-20 23:48:24,25.0,Yes,No
TKT-09393,Network,Low,Resolved,Finance,Anjali Mehta,2024-09-25 19:40:22,2024-09-27 20:40:22,49.0,No,No
TKT-09394,Email,High,Open,Operations,Priya Singh,2024-09-05 12:17:37,,,,No
TKT-09395,Printer,Medium,Open,Legal,Amit Sharma,2023-01-16 12:38:24,,,,No
TKT-09396,Email,Critical,Closed,HR,Amit Sharma,2024-09-12 13:55:33,2024-09-12 21:55:33,8.0,Yes,No
TKT-09397,Access/Login,Low,In Progress,IT,Vikram Joshi,2024-06-19 05:30:24,,,,No
TKT-09398,Access/Login,Critical,In Progress,IT,Amit Sharma,2023-05-03 02:50:52,,,,No
TKT-09399,Hardware,Critical,Resolved,Legal,Vikram Joshi,2023-06-02 18:03:31,2023-06-03 02:03:31,8.0,Yes,No
TKT-09400,Software,Critical,Closed,Finance,Suresh Kumar,2023-04-20 01:00:34,2023-04-20 10:00:34,9.0,Yes,No
TKT-09401,Hardware,Medium,Open,IT,Suresh Kumar,2023-04-10 05:48:25,,,,No
TKT-09402,Printer,High,Resolved,HR,Neha Gupta,2023-07-20 11:57:53,2023-07-20 14:57:53,3.0,No,No
TKT-09403,Network,Low,Closed,Sales,Rohit Verma,2023-10-07 02:07:26,2023-10-07 19:07:26,17.0,No,Yes
TKT-09404,Email,Low,Resolved,Sales,Priya Singh,2024-08-05 05:14:38,2024-08-08 18:14:38,85.0,Yes,No
TKT-09405,Printer,Medium,Resolved,Finance,Neha Gupta,2023-08-14 23:45:04,2023-08-16 18:45:04,43.0,No,No
TKT-09406,Hardware,Medium,Closed,HR,Anjali Mehta,2023-09-04 06:46:02,2023-09-05 21:46:02,39.0,No,No
TKT-09407,Software,Low,Closed,Operations,Anjali Mehta,2023-08-01 16:52:44,2023-08-03 16:52:44,48.0,No,No
TKT-09408,Software,Medium,Open,Operations,Priya Singh,2023-01-13 11:07:09,,,,No
TKT-09409,Hardware,Low,Closed,Operations,Vikram Joshi,2024-04-23 19:44:13,2024-04-26 09:44:13,62.0,No,No
TKT-09410,Hardware,Low,Resolved,HR,Priya Singh,2023-07-24 13:41:01,2023-07-28 07:41:01,90.0,Yes,No
TKT-09411,Hardware,High,Closed,Marketing,Suresh Kumar,2024-04-01 21:04:00,2024-04-02 21:04:00,24.0,No,No
TKT-09412,Printer,High,Resolved,Legal,Priya Singh,2023-07-23 17:43:20,2023-07-23 20:43:20,3.0,No,Yes
TKT-09413,Access/Login,Low,Resolved,Sales,Amit Sharma,2023-10-21 13:12:54,2023-10-22 05:12:54,16.0,No,Yes
TKT-09414,Access/Login,Critical,Closed,HR,Suresh Kumar,2024-03-16 22:47:13,2024-03-17 05:47:13,7.0,Yes,Yes
TKT-09415,Printer,Medium,Resolved,Legal,Amit Sharma,2024-03-11 19:14:49,2024-03-13 09:14:49,38.0,No,No
TKT-09416,Software,High,Closed,Marketing,Priya Singh,2023-10-02 17:06:01,2023-10-03 19:06:01,26.0,Yes,No
TKT-09417,Access/Login,Low,Closed,Sales,Amit Sharma,2024-07-07 23:26:32,2024-07-10 17:26:32,66.0,No,Yes
TKT-09418,Hardware,Medium,Resolved,Sales,Vikram Joshi,2023-01-10 09:34:21,2023-01-11 16:34:21,31.0,No,No
TKT-09419,Access/Login,Medium,Resolved,IT,Suresh Kumar,2023-10-02 19:34:39,2023-10-05 00:34:39,53.0,Yes,No
TKT-09420,Email,High,Resolved,Finance,Vikram Joshi,2023-09-28 10:11:01,2023-09-28 13:11:01,3.0,No,No
TKT-09421,Printer,Medium,Resolved,Legal,Vikram Joshi,2024-05-01 23:49:43,2024-05-03 07:49:43,32.0,No,No
TKT-09422,Hardware,Low,Resolved,Legal,Rohit Verma,2023-03-19 14:11:22,2023-03-20 05:11:22,15.0,No,Yes
TKT-09423,Software,High,In Progress,Legal,Vikram Joshi,2024-01-01 08:51:36,,,,No
TKT-09424,Hardware,High,In Progress,Sales,Amit Sharma,2023-09-27 23:42:13,,,,No
TKT-09425,Network,Critical,Closed,HR,Amit Sharma,2023-07-18 10:53:11,2023-07-18 19:53:11,9.0,Yes,No
TKT-09426,Software,High,Resolved,Operations,Priya Singh,2024-11-18 11:07:16,2024-11-18 17:07:16,6.0,No,No
TKT-09427,Software,High,Closed,HR,Rohit Verma,2023-07-29 06:22:30,2023-07-30 11:22:30,29.0,Yes,Yes
TKT-09428,Hardware,Medium,In Progress,Legal,Neha Gupta,2024-12-18 18:08:26,,,,No
TKT-09429,Network,Medium,Resolved,Legal,Suresh Kumar,2023-03-24 17:38:51,2023-03-26 12:38:51,43.0,No,No
TKT-09430,Software,Medium,Open,IT,Vikram Joshi,2024-08-19 03:31:29,,,,No
TKT-09431,Network,Critical,Closed,Legal,Anjali Mehta,2024-01-30 19:10:07,2024-01-30 22:10:07,3.0,No,No
TKT-09432,Printer,Low,Closed,HR,Amit Sharma,2023-09-09 02:06:50,2023-09-09 13:06:50,11.0,No,Yes
TKT-09433,Access/Login,Medium,Resolved,Finance,Rohit Verma,2023-10-29 19:58:53,2023-10-30 04:58:53,9.0,No,Yes
TKT-09434,Email,Medium,Closed,IT,Neha Gupta,2024-09-21 04:26:51,2024-09-22 15:26:51,35.0,No,Yes
TKT-09435,Email,Critical,Resolved,Legal,Suresh Kumar,2023-09-09 23:23:32,2023-09-10 06:23:32,7.0,Yes,Yes
TKT-09436,Hardware,Medium,Closed,IT,Amit Sharma,2024-04-05 22:57:06,2024-04-07 01:57:06,27.0,No,No
TKT-09437,Access/Login,Medium,Resolved,Finance,Suresh Kumar,2024-02-29 01:14:57,2024-03-02 09:14:57,56.0,Yes,No
TKT-09438,Email,Low,Open,IT,Rohit Verma,2024-05-25 18:52:29,,,,Yes
TKT-09439,Network,Critical,Resolved,Finance,Rohit Verma,2023-06-15 15:08:37,2023-06-16 00:08:37,9.0,Yes,No
TKT-09440,Email,Medium,In Progress,Sales,Suresh Kumar,2023-09-13 13:54:33,,,,No
TKT-09441,Access/Login,Medium,Resolved,Legal,Neha Gupta,2023-03-10 01:16:30,2023-03-12 04:16:30,51.0,Yes,No
TKT-09442,Network,Medium,Resolved,Finance,Vikram Joshi,2023-09-19 07:35:51,2023-09-19 16:35:51,9.0,No,No
TKT-09443,Email,Low,Resolved,IT,Anjali Mehta,2023-06-05 10:32:19,2023-06-06 22:32:19,36.0,No,No
TKT-09444,Network,High,Resolved,HR,Amit Sharma,2023-01-11 22:05:33,2023-01-12 12:05:33,14.0,No,No
TKT-09445,Email,Low,Closed,Marketing,Priya Singh,2024-05-13 23:10:00,2024-05-15 02:10:00,27.0,No,No
TKT-09446,Access/Login,Low,Closed,Marketing,Priya Singh,2023-10-27 09:48:37,2023-10-29 10:48:37,49.0,No,No
TKT-09447,Access/Login,Medium,Resolved,HR,Priya Singh,2024-04-11 08:46:38,2024-04-11 14:46:38,6.0,No,No
TKT-09448,Email,Critical,Resolved,Sales,Priya Singh,2024-08-28 03:54:26,2024-08-28 11:54:26,8.0,Yes,No
TKT-09449,Hardware,Medium,Resolved,IT,Rohit Verma,2023-11-01 22:16:26,2023-11-02 14:16:26,16.0,No,No
TKT-09450,Hardware,Medium,Resolved,Sales,Neha Gupta,2024-03-17 21:39:49,2024-03-20 07:39:49,58.0,Yes,Yes
TKT-09451,Network,High,Resolved,Sales,Amit Sharma,2024-06-15 06:01:30,2024-06-16 04:01:30,22.0,No,Yes
TKT-09452,Hardware,Medium,Resolved,IT,Rohit Verma,2023-08-06 07:08:23,2023-08-07 16:08:23,33.0,No,Yes
TKT-09453,Network,Medium,Resolved,HR,Priya Singh,2024-06-11 20:41:37,2024-06-13 21:41:37,49.0,Yes,No
TKT-09454,Email,Medium,Open,IT,Anjali Mehta,2023-04-26 01:10:07,,,,No
TKT-09455,Access/Login,High,Open,Legal,Anjali Mehta,2023-02-21 00:02:42,,,,No
TKT-09456,Hardware,Medium,Closed,Finance,Suresh Kumar,2024-04-23 13:39:18,2024-04-25 03:39:18,38.0,No,No
TKT-09457,Printer,High,Resolved,Legal,Suresh Kumar,2023-01-18 00:39:02,2023-01-18 16:39:02,16.0,No,No
TKT-09458,Access/Login,High,Resolved,HR,Neha Gupta,2024-11-22 06:26:24,2024-11-23 04:26:24,22.0,No,No
TKT-09459,Software,Critical,Resolved,Marketing,Anjali Mehta,2024-10-29 22:44:06,2024-10-30 05:44:06,7.0,Yes,No
TKT-09460,Email,High,Closed,Legal,Suresh Kumar,2024-04-19 04:45:51,2024-04-19 10:45:51,6.0,No,No
TKT-09461,Email,Low,Resolved,Sales,Rohit Verma,2024-05-05 03:34:03,2024-05-08 03:34:03,72.0,No,Yes
TKT-09462,Network,Medium,In Progress,Operations,Rohit Verma,2023-12-24 19:42:28,,,,Yes
TKT-09463,Email,Low,Resolved,IT,Anjali Mehta,2024-12-26 01:28:53,2024-12-28 14:28:53,61.0,No,No
TKT-09464,Printer,Low,Closed,IT,Neha Gupta,2023-11-07 06:00:42,2023-11-08 06:00:42,24.0,No,No
TKT-09465,Email,Medium,Open,Sales,Rohit Verma,2024-10-05 09:07:48,,,,Yes
TKT-09466,Software,Medium,Resolved,Legal,Priya Singh,2024-02-29 09:37:05,2024-03-01 21:37:05,36.0,No,No
TKT-09467,Network,Low,Closed,Sales,Rohit Verma,2023-01-04 23:42:44,2023-01-06 19:42:44,44.0,No,No
TKT-09468,Hardware,Low,Resolved,HR,Neha Gupta,2023-02-22 15:51:56,2023-02-26 00:51:56,81.0,Yes,No
TKT-09469,Access/Login,High,Resolved,Finance,Priya Singh,2023-12-19 04:25:06,2023-12-20 01:25:06,21.0,No,No
TKT-09470,Printer,Medium,Closed,Sales,Priya Singh,2024-03-16 22:47:24,2024-03-18 18:47:24,44.0,No,Yes
TKT-09471,Email,Low,Resolved,IT,Anjali Mehta,2023-07-01 22:47:05,2023-07-04 03:47:05,53.0,No,Yes
TKT-09472,Network,Medium,Resolved,HR,Suresh Kumar,2024-03-30 16:39:56,2024-04-01 05:39:56,37.0,No,Yes
TKT-09473,Access/Login,High,Closed,Legal,Amit Sharma,2023-11-16 13:46:13,2023-11-17 07:46:13,18.0,No,No
TKT-09474,Hardware,High,Closed,IT,Neha Gupta,2024-12-19 05:46:43,2024-12-19 07:46:43,2.0,No,No
TKT-09475,Hardware,High,Closed,Operations,Vikram Joshi,2024-01-16 04:04:17,2024-01-16 13:04:17,9.0,No,No
TKT-09476,Hardware,Low,Closed,Finance,Neha Gupta,2023-09-14 09:59:44,2023-09-14 19:59:44,10.0,No,No
TKT-09477,Hardware,Medium,Resolved,Finance,Priya Singh,2024-03-17 16:42:14,2024-03-18 01:42:14,9.0,No,Yes
TKT-09478,Network,Low,Resolved,Sales,Suresh Kumar,2023-07-08 19:55:17,2023-07-11 21:55:17,74.0,Yes,Yes
TKT-09479,Hardware,Medium,In Progress,Legal,Rohit Verma,2023-06-23 04:19:55,,,,No
TKT-09480,Access/Login,Medium,Resolved,Operations,Anjali Mehta,2024-07-12 14:27:54,2024-07-13 15:27:54,25.0,No,No
TKT-09481,Hardware,Low,Resolved,IT,Neha Gupta,2024-04-14 20:32:50,2024-04-15 09:32:50,13.0,No,Yes
TKT-09482,Software,Low,Open,IT,Suresh Kumar,2023-05-17 17:48:15,,,,No
TKT-09483,Email,Low,Resolved,Finance,Vikram Joshi,2023-07-10 06:48:22,2023-07-11 22:48:22,40.0,No,No
TKT-09484,Printer,Critical,Closed,IT,Rohit Verma,2023-09-05 15:01:06,2023-09-05 23:01:06,8.0,Yes,No
TKT-09485,Network,Low,Resolved,Finance,Suresh Kumar,2024-08-28 03:46:24,2024-08-31 21:46:24,90.0,Yes,No
TKT-09486,Software,Medium,Resolved,Marketing,Anjali Mehta,2024-12-23 08:37:08,2024-12-24 09:37:08,25.0,No,No
TKT-09487,Software,Medium,Resolved,Finance,Rohit Verma,2023-09-21 11:20:51,2023-09-22 03:20:51,16.0,No,No
TKT-09488,Software,Critical,Resolved,IT,Priya Singh,2024-05-04 15:37:15,2024-05-04 19:37:15,4.0,No,Yes
TKT-09489,Software,Medium,Resolved,Marketing,Neha Gupta,2023-08-07 17:00:32,2023-08-09 23:00:32,54.0,Yes,No
TKT-09490,Software,Low,Closed,Sales,Neha Gupta,2023-11-16 04:26:15,2023-11-17 02:26:15,22.0,No,No
TKT-09491,Email,Low,Closed,Marketing,Amit Sharma,2024-05-19 05:19:07,2024-05-22 01:19:07,68.0,No,Yes
TKT-09492,Email,High,Closed,Marketing,Vikram Joshi,2024-12-24 12:43:21,2024-12-24 16:43:21,4.0,No,No
TKT-09493,Printer,Critical,Resolved,Marketing,Vikram Joshi,2023-02-14 12:40:51,2023-02-14 15:40:51,3.0,No,No
TKT-09494,Email,Medium,Resolved,Legal,Suresh Kumar,2023-09-26 06:09:30,2023-09-27 10:09:30,28.0,No,No
TKT-09495,Email,Medium,Resolved,HR,Vikram Joshi,2023-07-13 02:16:57,2023-07-13 21:16:57,19.0,No,No
TKT-09496,Network,Medium,Resolved,HR,Vikram Joshi,2024-12-10 15:51:38,2024-12-11 07:51:38,16.0,No,No
TKT-09497,Access/Login,Medium,Closed,Legal,Amit Sharma,2024-08-11 23:14:00,2024-08-13 02:14:00,27.0,No,Yes
TKT-09498,Printer,Medium,Resolved,Marketing,Rohit Verma,2023-04-05 01:47:53,2023-04-07 08:47:53,55.0,Yes,No
TKT-09499,Software,Medium,Resolved,Finance,Priya Singh,2024-09-11 03:37:12,2024-09-11 21:37:12,18.0,No,No
TKT-09500,Email,Low,Resolved,Sales,Rohit Verma,2024-08-18 22:42:48,2024-08-21 17:42:48,67.0,No,Yes
TKT-09501,Access/Login,Medium,Resolved,Operations,Priya Singh,2023-08-29 02:28:36,2023-08-29 13:28:36,11.0,No,No
TKT-09502,Network,Low,Resolved,IT,Rohit Verma,2023-09-07 20:32:19,2023-09-10 02:32:19,54.0,No,No
TKT-09503,Access/Login,Medium,Resolved,IT,Amit Sharma,2024-09-05 07:09:33,2024-09-06 18:09:33,35.0,No,No
TKT-09504,Hardware,Medium,Closed,Marketing,Suresh Kumar,2024-07-21 22:53:11,2024-07-22 17:53:11,19.0,No,Yes
TKT-09505,Software,Medium,Resolved,Marketing,Anjali Mehta,2024-08-19 04:46:56,2024-08-20 06:46:56,26.0,No,No
TKT-09506,Software,Medium,Closed,HR,Vikram Joshi,2024-07-19 14:13:29,2024-07-21 16:13:29,50.0,Yes,No
TKT-09507,Printer,Low,Resolved,Finance,Neha Gupta,2024-01-30 22:04:27,2024-02-01 08:04:27,34.0,No,No
TKT-09508,Hardware,Critical,Closed,Finance,Priya Singh,2023-07-19 01:00:39,2023-07-19 05:00:39,4.0,No,No
TKT-09509,Email,Critical,Open,Marketing,Neha Gupta,2023-07-25 05:43:09,,,,No
TKT-09510,Access/Login,Medium,Open,Operations,Anjali Mehta,2024-12-26 01:56:20,,,,No
TKT-09511,Access/Login,Low,Closed,IT,Vikram Joshi,2024-05-04 04:19:34,2024-05-06 02:19:34,46.0,No,Yes
TKT-09512,Software,Critical,Closed,Operations,Vikram Joshi,2023-01-15 11:29:08,2023-01-15 20:29:08,9.0,Yes,Yes
TKT-09513,Hardware,Medium,Closed,Legal,Rohit Verma,2024-11-18 07:26:26,2024-11-20 14:26:26,55.0,Yes,No
TKT-09514,Hardware,Low,In Progress,Sales,Suresh Kumar,2024-05-07 21:06:22,,,,No
TKT-09515,Network,Low,Closed,Finance,Neha Gupta,2024-01-23 23:21:40,2024-01-26 08:21:40,57.0,No,No
TKT-09516,Printer,Medium,Resolved,Operations,Anjali Mehta,2024-09-21 14:01:21,2024-09-22 07:01:21,17.0,No,Yes
TKT-09517,Hardware,Medium,Resolved,Finance,Anjali Mehta,2024-09-18 11:22:20,2024-09-20 22:22:20,59.0,Yes,No
TKT-09518,Software,Low,Resolved,Marketing,Neha Gupta,2024-02-02 00:00:00,2024-02-05 15:00:00,87.0,Yes,No
TKT-09519,Printer,Medium,Resolved,Marketing,Vikram Joshi,2024-12-21 15:56:46,2024-12-22 00:56:46,9.0,No,Yes
TKT-09520,Printer,Medium,Open,Legal,Anjali Mehta,2024-07-20 11:08:07,,,,Yes
TKT-09521,Email,High,Resolved,IT,Vikram Joshi,2024-06-01 08:57:34,2024-06-02 01:57:34,17.0,No,Yes
TKT-09522,Software,Medium,Resolved,Operations,Amit Sharma,2024-11-04 21:00:03,2024-11-05 20:00:03,23.0,No,No
TKT-09523,Software,Low,Resolved,Marketing,Amit Sharma,2024-01-03 12:39:28,2024-01-06 17:39:28,77.0,Yes,No
TKT-09524,Network,High,Closed,Operations,Amit Sharma,2023-03-17 23:07:44,2023-03-18 09:07:44,10.0,No,No
TKT-09525,Access/Login,Low,Open,Legal,Amit Sharma,2023-08-11 14:28:20,,,,No
TKT-09526,Email,Medium,Closed,HR,Vikram Joshi,2023-10-21 05:15:25,2023-10-23 01:15:25,44.0,No,Yes
TKT-09527,Network,High,Closed,Finance,Suresh Kumar,2024-09-13 13:33:42,2024-09-14 14:33:42,25.0,Yes,No
TKT-09528,Hardware,Medium,Closed,HR,Anjali Mehta,2023-12-27 21:42:21,2023-12-29 09:42:21,36.0,No,No
TKT-09529,Email,Medium,Resolved,Operations,Priya Singh,2024-04-12 07:44:41,2024-04-12 20:44:41,13.0,No,No
TKT-09530,Hardware,Low,Resolved,HR,Amit Sharma,2023-06-05 02:08:30,2023-06-07 17:08:30,63.0,No,No
TKT-09531,Access/Login,High,Resolved,IT,Anjali Mehta,2023-09-19 14:54:10,2023-09-20 13:54:10,23.0,No,No
TKT-09532,Printer,Low,Resolved,Legal,Neha Gupta,2023-05-12 03:30:32,2023-05-14 16:30:32,61.0,No,No
TKT-09533,Hardware,Critical,Resolved,Sales,Rohit Verma,2023-11-23 20:51:09,2023-11-24 01:51:09,5.0,Yes,No
TKT-09534,Software,Low,Resolved,Sales,Anjali Mehta,2023-02-21 04:28:44,2023-02-22 20:28:44,40.0,No,No
TKT-09535,Network,High,Resolved,Marketing,Priya Singh,2024-06-09 19:38:46,2024-06-10 12:38:46,17.0,No,Yes
TKT-09536,Software,Low,Open,Legal,Neha Gupta,2024-07-03 05:24:04,,,,No
TKT-09537,Network,High,In Progress,Operations,Priya Singh,2023-12-28 21:55:19,,,,No
TKT-09538,Printer,Medium,Open,IT,Amit Sharma,2024-09-21 02:32:28,,,,Yes
TKT-09539,Printer,Medium,In Progress,Legal,Vikram Joshi,2023-01-27 08:37:50,,,,No
TKT-09540,Access/Login,Low,Resolved,Legal,Anjali Mehta,2024-06-04 11:25:43,2024-06-06 13:25:43,50.0,No,No
TKT-09541,Network,Medium,Resolved,Operations,Amit Sharma,2023-09-26 01:36:26,2023-09-28 10:36:26,57.0,Yes,No
TKT-09542,Software,High,Closed,Operations,Amit Sharma,2024-01-31 10:00:56,2024-02-01 06:00:56,20.0,No,No
TKT-09543,Access/Login,Medium,Resolved,Marketing,Priya Singh,2024-10-20 10:30:16,2024-10-22 10:30:16,48.0,No,Yes
TKT-09544,Email,Medium,Resolved,Legal,Priya Singh,2023-10-22 19:06:39,2023-10-23 14:06:39,19.0,No,Yes
TKT-09545,Software,Low,Resolved,HR,Amit Sharma,2024-07-28 11:51:36,2024-07-30 06:51:36,43.0,No,Yes
TKT-09546,Software,High,Resolved,Legal,Neha Gupta,2023-07-21 01:45:56,2023-07-21 17:45:56,16.0,No,No
TKT-09547,Access/Login,Low,Closed,HR,Anjali Mehta,2024-04-02 11:57:19,2024-04-03 16:57:19,29.0,No,No
TKT-09548,Network,Low,Resolved,HR,Suresh Kumar,2023-01-17 08:54:50,2023-01-19 09:54:50,49.0,No,No
TKT-09549,Email,Critical,Open,Marketing,Suresh Kumar,2023-11-07 05:10:36,,,,No
TKT-09550,Access/Login,Medium,Resolved,IT,Suresh Kumar,2023-01-12 23:26:29,2023-01-15 05:26:29,54.0,Yes,No
TKT-09551,Printer,High,Closed,Sales,Anjali Mehta,2024-03-02 21:56:03,2024-03-03 02:56:03,5.0,No,Yes
TKT-09552,Access/Login,High,Resolved,Marketing,Anjali Mehta,2023-04-25 16:16:45,2023-04-25 22:16:45,6.0,No,No
TKT-09553,Access/Login,Critical,Closed,IT,Anjali Mehta,2023-11-07 03:22:11,2023-11-07 13:22:11,10.0,Yes,No
TKT-09554,Access/Login,Medium,Resolved,IT,Suresh Kumar,2024-12-27 05:01:42,2024-12-28 13:01:42,32.0,No,No
TKT-09555,Printer,High,In Progress,Finance,Suresh Kumar,2023-04-03 21:00:45,,,,No
TKT-09556,Printer,Low,Closed,Legal,Rohit Verma,2024-04-15 07:12:27,2024-04-18 14:12:27,79.0,Yes,No
TKT-09557,Network,Medium,Resolved,Sales,Vikram Joshi,2023-06-14 13:38:01,2023-06-16 12:38:01,47.0,No,No
TKT-09558,Hardware,Low,Resolved,Marketing,Neha Gupta,2023-01-17 05:52:48,2023-01-20 08:52:48,75.0,Yes,No
TKT-09559,Printer,High,Closed,Finance,Neha Gupta,2023-05-14 23:44:27,2023-05-15 09:44:27,10.0,No,Yes
TKT-09560,Hardware,Critical,Resolved,Sales,Priya Singh,2023-05-25 21:27:23,2023-05-26 05:27:23,8.0,Yes,No
TKT-09561,Printer,Low,Resolved,Legal,Vikram Joshi,2024-10-01 01:11:09,2024-10-03 23:11:09,70.0,No,No
TKT-09562,Access/Login,Medium,Resolved,HR,Vikram Joshi,2023-09-13 22:19:34,2023-09-14 12:19:34,14.0,No,No
TKT-09563,Software,Low,Resolved,HR,Vikram Joshi,2023-05-17 18:05:35,2023-05-20 18:05:35,72.0,No,No
TKT-09564,Printer,Low,Resolved,HR,Vikram Joshi,2024-07-21 00:16:23,2024-07-23 08:16:23,56.0,No,Yes
TKT-09565,Email,Medium,Resolved,Operations,Suresh Kumar,2024-06-22 08:37:37,2024-06-23 12:37:37,28.0,No,Yes
TKT-09566,Access/Login,High,Resolved,Operations,Amit Sharma,2024-01-11 08:46:58,2024-01-11 16:46:58,8.0,No,No
TKT-09567,Email,Medium,Resolved,Marketing,Suresh Kumar,2024-01-27 14:08:53,2024-01-28 22:08:53,32.0,No,Yes
TKT-09568,Printer,Medium,Closed,IT,Priya Singh,2023-08-20 04:15:31,2023-08-22 11:15:31,55.0,Yes,Yes
TKT-09569,Printer,High,Closed,IT,Rohit Verma,2023-09-10 01:44:17,2023-09-10 14:44:17,13.0,No,Yes
TKT-09570,Software,Critical,Resolved,Legal,Rohit Verma,2024-06-02 07:02:49,2024-06-02 15:02:49,8.0,Yes,Yes
TKT-09571,Hardware,Low,Closed,HR,Vikram Joshi,2024-07-05 05:45:46,2024-07-07 05:45:46,48.0,No,No
TKT-09572,Software,Medium,Resolved,Legal,Vikram Joshi,2024-03-20 12:32:00,2024-03-22 00:32:00,36.0,No,No
TKT-09573,Hardware,Low,Closed,Sales,Rohit Verma,2024-12-23 14:54:50,2024-12-24 07:54:50,17.0,No,No
TKT-09574,Software,High,Closed,IT,Priya Singh,2024-06-03 03:17:58,2024-06-04 08:17:58,29.0,Yes,No
TKT-09575,Software,Low,Resolved,Sales,Anjali Mehta,2024-01-26 18:54:49,2024-01-28 04:54:49,34.0,No,No
TKT-09576,Hardware,Critical,Resolved,Finance,Neha Gupta,2023-05-16 18:49:37,2023-05-16 19:49:37,1.0,No,No
TKT-09577,Printer,Medium,Resolved,IT,Priya Singh,2023-05-06 22:48:32,2023-05-08 05:48:32,31.0,No,Yes
TKT-09578,Hardware,Low,Resolved,Operations,Anjali Mehta,2024-09-25 08:26:44,2024-09-28 02:26:44,66.0,No,No
TKT-09579,Printer,Medium,Resolved,IT,Anjali Mehta,2023-02-19 11:17:33,2023-02-19 17:17:33,6.0,No,Yes
TKT-09580,Network,Medium,Resolved,HR,Suresh Kumar,2023-05-16 03:02:28,2023-05-17 01:02:28,22.0,No,No
TKT-09581,Network,Low,Closed,HR,Anjali Mehta,2023-09-06 08:56:41,2023-09-08 19:56:41,59.0,No,No
TKT-09582,Hardware,Low,Closed,Operations,Anjali Mehta,2023-03-08 12:27:39,2023-03-11 21:27:39,81.0,Yes,No
TKT-09583,Software,Critical,Resolved,Sales,Neha Gupta,2024-07-20 13:52:50,2024-07-20 23:52:50,10.0,Yes,Yes
TKT-09584,Network,High,In Progress,Legal,Amit Sharma,2024-02-19 11:59:06,,,,No
TKT-09585,Access/Login,Medium,Resolved,Finance,Rohit Verma,2024-05-19 13:47:07,2024-05-21 07:47:07,42.0,No,Yes
TKT-09586,Printer,High,Open,HR,Neha Gupta,2024-08-24 19:48:48,,,,Yes
TKT-09587,Software,Low,Resolved,Sales,Vikram Joshi,2023-11-09 16:22:53,2023-11-11 00:22:53,32.0,No,No
TKT-09588,Printer,Low,Resolved,Legal,Neha Gupta,2023-11-23 05:19:48,2023-11-24 23:19:48,42.0,No,No
TKT-09589,Email,Low,Resolved,Sales,Neha Gupta,2023-11-08 05:22:16,2023-11-09 03:22:16,22.0,No,No
TKT-09590,Printer,Medium,Closed,Sales,Suresh Kumar,2024-09-04 07:06:16,2024-09-05 11:06:16,28.0,No,No
TKT-09591,Network,Medium,Resolved,IT,Anjali Mehta,2023-02-18 16:39:28,2023-02-19 13:39:28,21.0,No,Yes
TKT-09592,Access/Login,Medium,Open,Marketing,Amit Sharma,2024-03-10 19:34:10,,,,Yes
TKT-09593,Hardware,Low,Resolved,HR,Neha Gupta,2023-11-26 12:59:58,2023-11-27 01:59:58,13.0,No,Yes
TKT-09594,Email,High,In Progress,Sales,Suresh Kumar,2023-12-20 18:28:40,,,,No
TKT-09595,Network,Medium,In Progress,IT,Rohit Verma,2024-11-10 15:30:32,,,,Yes
TKT-09596,Hardware,Critical,Open,Legal,Anjali Mehta,2024-02-19 20:29:54,,,,No
TKT-09597,Printer,Medium,Resolved,IT,Vikram Joshi,2023-08-10 23:25:12,2023-08-11 23:25:12,24.0,No,No
TKT-09598,Hardware,Medium,Closed,IT,Anjali Mehta,2023-09-26 10:51:43,2023-09-26 20:51:43,10.0,No,No
TKT-09599,Access/Login,Low,Resolved,IT,Priya Singh,2024-12-06 08:51:32,2024-12-08 12:51:32,52.0,No,No
TKT-09600,Hardware,Low,Resolved,IT,Vikram Joshi,2023-11-11 16:04:15,2023-11-12 19:04:15,27.0,No,Yes
TKT-09601,Software,Medium,Resolved,Legal,Vikram Joshi,2024-07-29 17:36:43,2024-07-30 09:36:43,16.0,No,No
TKT-09602,Printer,Low,Resolved,Operations,Neha Gupta,2023-03-22 19:33:16,2023-03-25 23:33:16,76.0,Yes,No
TKT-09603,Software,Medium,Closed,Operations,Rohit Verma,2023-07-28 10:12:25,2023-07-28 16:12:25,6.0,No,No
TKT-09604,Network,High,Resolved,Sales,Anjali Mehta,2024-02-09 19:32:15,2024-02-10 23:32:15,28.0,Yes,No
TKT-09605,Printer,Medium,Resolved,Legal,Neha Gupta,2024-08-10 14:52:43,2024-08-12 10:52:43,44.0,No,Yes
TKT-09606,Hardware,Low,Resolved,HR,Priya Singh,2024-01-26 13:40:48,2024-01-30 05:40:48,88.0,Yes,No
TKT-09607,Email,Critical,Closed,HR,Suresh Kumar,2023-09-03 13:35:20,2023-09-03 16:35:20,3.0,No,Yes
TKT-09608,Access/Login,Medium,Closed,Finance,Amit Sharma,2023-02-08 11:51:59,2023-02-10 12:51:59,49.0,Yes,No
TKT-09609,Network,Medium,Resolved,HR,Anjali Mehta,2024-12-02 09:13:06,2024-12-03 00:13:06,15.0,No,No
TKT-09610,Software,Low,Closed,Finance,Suresh Kumar,2023-05-11 17:52:59,2023-05-13 22:52:59,53.0,No,No
TKT-09611,Email,Low,In Progress,Sales,Priya Singh,2024-09-24 12:35:14,,,,No
TKT-09612,Network,Medium,Open,Marketing,Neha Gupta,2024-06-01 15:19:09,,,,Yes
TKT-09613,Network,High,Closed,Marketing,Suresh Kumar,2023-04-24 21:04:48,2023-04-25 15:04:48,18.0,No,No
TKT-09614,Hardware,High,Closed,Finance,Amit Sharma,2024-10-15 17:20:59,2024-10-15 20:20:59,3.0,No,No
TKT-09615,Software,Medium,Open,Sales,Priya Singh,2024-09-26 02:44:21,,,,No
TKT-09616,Printer,Low,Resolved,Operations,Anjali Mehta,2023-03-21 22:14:50,2023-03-25 08:14:50,82.0,Yes,No
TKT-09617,Printer,Medium,Closed,Finance,Amit Sharma,2023-09-13 22:01:19,2023-09-15 07:01:19,33.0,No,No
TKT-09618,Hardware,Low,In Progress,IT,Neha Gupta,2023-02-11 20:34:57,,,,Yes
TKT-09619,Hardware,High,Closed,HR,Vikram Joshi,2023-10-03 07:32:48,2023-10-04 02:32:48,19.0,No,No
TKT-09620,Hardware,High,Resolved,Legal,Suresh Kumar,2024-12-14 12:32:00,2024-12-14 20:32:00,8.0,No,Yes
TKT-09621,Email,Low,Resolved,HR,Amit Sharma,2023-01-28 14:25:11,2023-01-31 00:25:11,58.0,No,Yes
TKT-09622,Hardware,Low,Resolved,Legal,Amit Sharma,2023-10-06 11:25:56,2023-10-09 08:25:56,69.0,No,No
TKT-09623,Hardware,High,Resolved,Sales,Anjali Mehta,2024-03-14 03:56:17,2024-03-14 20:56:17,17.0,No,No
TKT-09624,Hardware,Medium,Open,Operations,Amit Sharma,2023-06-28 01:03:33,,,,No
TKT-09625,Printer,Low,Resolved,Sales,Rohit Verma,2023-12-24 17:57:22,2023-12-26 08:57:22,39.0,No,Yes
TKT-09626,Hardware,High,Resolved,IT,Amit Sharma,2024-08-22 08:13:20,2024-08-23 00:13:20,16.0,No,No
TKT-09627,Access/Login,Medium,Resolved,Operations,Vikram Joshi,2023-01-13 08:48:45,2023-01-14 10:48:45,26.0,No,No
TKT-09628,Printer,Low,Closed,Marketing,Neha Gupta,2024-04-22 07:48:53,2024-04-23 05:48:53,22.0,No,No
TKT-09629,Access/Login,Medium,Resolved,Sales,Vikram Joshi,2023-12-07 06:23:59,2023-12-09 04:23:59,46.0,No,No
TKT-09630,Email,Medium,Resolved,Finance,Amit Sharma,2023-05-02 08:31:08,2023-05-03 07:31:08,23.0,No,No
TKT-09631,Email,Low,In Progress,Sales,Neha Gupta,2024-05-10 04:27:14,,,,No
TKT-09632,Printer,Low,Open,Legal,Amit Sharma,2024-09-07 21:18:43,,,,Yes
TKT-09633,Hardware,High,Resolved,HR,Vikram Joshi,2024-02-20 13:28:16,2024-02-20 16:28:16,3.0,No,No
TKT-09634,Software,Medium,In Progress,IT,Neha Gupta,2024-10-07 14:37:10,,,,No
TKT-09635,Hardware,Medium,In Progress,Sales,Neha Gupta,2023-05-24 06:08:40,,,,No
TKT-09636,Network,Low,Resolved,IT,Vikram Joshi,2023-04-22 01:04:55,2023-04-24 03:04:55,50.0,No,Yes
TKT-09637,Access/Login,Critical,In Progress,Marketing,Anjali Mehta,2024-02-06 05:03:11,,,,No
TKT-09638,Access/Login,Low,Open,Legal,Anjali Mehta,2024-06-24 22:42:24,,,,No
TKT-09639,Email,Medium,Resolved,Legal,Amit Sharma,2024-10-17 08:04:23,2024-10-17 17:04:23,9.0,No,No
TKT-09640,Hardware,Medium,In Progress,HR,Priya Singh,2024-11-20 04:41:57,,,,No
TKT-09641,Software,Critical,Open,Operations,Neha Gupta,2024-02-22 16:37:04,,,,No
TKT-09642,Hardware,Low,Open,Operations,Amit Sharma,2024-06-29 04:35:15,,,,Yes
TKT-09643,Hardware,High,Resolved,HR,Anjali Mehta,2024-06-30 11:10:39,2024-06-30 23:10:39,12.0,No,Yes
TKT-09644,Software,Medium,Closed,Operations,Neha Gupta,2023-08-12 00:24:07,2023-08-13 14:24:07,38.0,No,Yes
TKT-09645,Network,Low,Closed,Legal,Neha Gupta,2023-10-07 02:05:48,2023-10-10 09:05:48,79.0,Yes,Yes
TKT-09646,Access/Login,Low,Resolved,Legal,Anjali Mehta,2024-06-23 20:33:05,2024-06-24 12:33:05,16.0,No,Yes
TKT-09647,Software,Medium,Resolved,Legal,Anjali Mehta,2023-08-31 03:05:59,2023-09-01 14:05:59,35.0,No,No
TKT-09648,Email,Low,Resolved,Operations,Vikram Joshi,2023-08-08 22:36:05,2023-08-09 09:36:05,11.0,No,No
TKT-09649,Access/Login,High,Closed,Finance,Vikram Joshi,2023-09-10 01:04:51,2023-09-10 08:04:51,7.0,No,Yes
TKT-09650,Hardware,Low,Open,Sales,Neha Gupta,2024-07-10 21:38:56,,,,No
TKT-09651,Network,Medium,Open,HR,Amit Sharma,2024-10-03 22:13:46,,,,No
TKT-09652,Email,Medium,Resolved,Legal,Priya Singh,2024-10-18 12:41:32,2024-10-19 13:41:32,25.0,No,No
TKT-09653,Network,Medium,In Progress,Finance,Rohit Verma,2023-01-31 09:00:33,,,,No
TKT-09654,Printer,Medium,Resolved,Operations,Vikram Joshi,2023-12-16 16:44:01,2023-12-18 09:44:01,41.0,No,Yes
TKT-09655,Access/Login,Low,Resolved,Marketing,Rohit Verma,2024-08-26 20:26:18,2024-08-30 04:26:18,80.0,Yes,No
TKT-09656,Email,High,Resolved,Operations,Vikram Joshi,2024-10-07 07:22:46,2024-10-08 10:22:46,27.0,Yes,No
TKT-09657,Network,Low,Open,Finance,Vikram Joshi,2024-08-31 16:49:30,,,,Yes
TKT-09658,Network,Low,Open,Finance,Amit Sharma,2023-10-10 22:21:23,,,,No
TKT-09659,Software,Low,In Progress,Operations,Rohit Verma,2024-03-16 19:17:25,,,,Yes
TKT-09660,Printer,Critical,In Progress,HR,Amit Sharma,2023-04-21 03:30:53,,,,No
TKT-09661,Email,Low,Resolved,Finance,Anjali Mehta,2023-09-04 00:07:42,2023-09-07 13:07:42,85.0,Yes,No
TKT-09662,Network,Low,Resolved,IT,Vikram Joshi,2023-05-14 16:26:27,2023-05-16 11:26:27,43.0,No,Yes
TKT-09663,Email,Low,Closed,Finance,Rohit Verma,2023-12-18 05:51:07,2023-12-21 15:51:07,82.0,Yes,No
TKT-09664,Hardware,Low,Closed,Marketing,Vikram Joshi,2024-04-09 15:30:39,2024-04-12 10:30:39,67.0,No,No
TKT-09665,Network,Medium,Resolved,IT,Suresh Kumar,2023-07-15 23:40:42,2023-07-16 18:40:42,19.0,No,Yes
TKT-09666,Printer,Medium,Closed,IT,Neha Gupta,2024-12-15 16:10:47,2024-12-16 06:10:47,14.0,No,Yes
TKT-09667,Network,High,Resolved,Operations,Priya Singh,2023-02-15 20:09:28,2023-02-17 02:09:28,30.0,Yes,No
TKT-09668,Software,Low,Closed,IT,Vikram Joshi,2023-08-03 19:41:46,2023-08-07 03:41:46,80.0,Yes,No
TKT-09669,Printer,Medium,Resolved,Operations,Vikram Joshi,2024-10-07 09:31:52,2024-10-09 11:31:52,50.0,Yes,No
TKT-09670,Access/Login,High,Closed,Legal,Neha Gupta,2023-12-20 09:49:00,2023-12-21 04:49:00,19.0,No,No
TKT-09671,Software,Medium,Closed,IT,Priya Singh,2024-07-18 10:00:26,2024-07-19 23:00:26,37.0,No,No
TKT-09672,Software,Low,Resolved,Finance,Rohit Verma,2024-01-12 18:22:48,2024-01-14 16:22:48,46.0,No,No
TKT-09673,Network,Medium,Resolved,Sales,Neha Gupta,2023-11-11 12:13:59,2023-11-12 12:13:59,24.0,No,Yes
TKT-09674,Software,Low,Closed,Legal,Anjali Mehta,2024-10-21 02:15:43,2024-10-23 11:15:43,57.0,No,No
TKT-09675,Access/Login,Medium,Resolved,Finance,Anjali Mehta,2024-02-13 12:00:19,2024-02-15 08:00:19,44.0,No,No
TKT-09676,Printer,Low,Resolved,Legal,Suresh Kumar,2023-02-28 08:17:54,2023-03-02 07:17:54,47.0,No,No
TKT-09677,Network,Low,Resolved,Legal,Vikram Joshi,2023-12-18 10:20:17,2023-12-21 15:20:17,77.0,Yes,No
TKT-09678,Printer,Low,Resolved,Operations,Suresh Kumar,2024-04-10 15:09:06,2024-04-13 14:09:06,71.0,No,No
TKT-09679,Email,Critical,Closed,Sales,Suresh Kumar,2023-09-04 10:37:12,2023-09-04 13:37:12,3.0,No,No
TKT-09680,Access/Login,Medium,Resolved,Sales,Anjali Mehta,2023-03-04 20:19:36,2023-03-06 08:19:36,36.0,No,Yes
TKT-09681,Access/Login,Medium,In Progress,Legal,Neha Gupta,2023-10-08 04:08:26,,,,Yes
TKT-09682,Software,Low,Resolved,Legal,Vikram Joshi,2024-12-10 23:04:51,2024-12-13 11:04:51,60.0,No,No
TKT-09683,Software,Low,Resolved,Operations,Amit Sharma,2024-01-30 15:20:40,2024-02-03 03:20:40,84.0,Yes,No
TKT-09684,Email,Medium,Open,Legal,Amit Sharma,2024-02-07 14:39:59,,,,No
TKT-09685,Software,Critical,Resolved,Legal,Vikram Joshi,2023-10-19 11:14:57,2023-10-19 19:14:57,8.0,Yes,No
TKT-09686,Hardware,Medium,Closed,IT,Vikram Joshi,2023-08-12 04:46:47,2023-08-13 13:46:47,33.0,No,Yes
TKT-09687,Access/Login,Low,Resolved,HR,Vikram Joshi,2023-10-09 19:04:20,2023-10-11 15:04:20,44.0,No,No
TKT-09688,Software,Medium,Closed,Operations,Neha Gupta,2024-06-06 01:52:20,2024-06-06 09:52:20,8.0,No,No
TKT-09689,Software,Critical,In Progress,Legal,Priya Singh,2023-09-09 19:33:22,,,,Yes
TKT-09690,Hardware,High,Resolved,Operations,Vikram Joshi,2023-02-18 06:55:01,2023-02-18 08:55:01,2.0,No,Yes
TKT-09691,Access/Login,High,Resolved,HR,Vikram Joshi,2024-06-22 13:17:34,2024-06-22 21:17:34,8.0,No,Yes
TKT-09692,Email,Medium,Closed,Sales,Priya Singh,2023-05-31 21:32:38,2023-06-02 09:32:38,36.0,No,No
TKT-09693,Printer,Low,Resolved,Legal,Rohit Verma,2024-10-09 20:53:31,2024-10-10 07:53:31,11.0,No,No
TKT-09694,Network,Critical,Closed,Finance,Amit Sharma,2024-05-14 10:43:13,2024-05-14 17:43:13,7.0,Yes,No
TKT-09695,Email,High,Open,IT,Amit Sharma,2024-04-01 09:33:09,,,,No
TKT-09696,Printer,High,Open,IT,Neha Gupta,2023-08-30 10:07:23,,,,No
TKT-09697,Email,Medium,In Progress,Marketing,Vikram Joshi,2023-01-10 17:40:19,,,,No
TKT-09698,Hardware,Critical,Resolved,Sales,Suresh Kumar,2024-12-25 19:50:24,2024-12-26 05:50:24,10.0,Yes,No
TKT-09699,Printer,Medium,Closed,Marketing,Anjali Mehta,2023-11-17 20:17:38,2023-11-18 14:17:38,18.0,No,No
TKT-09700,Access/Login,Critical,Resolved,HR,Rohit Verma,2024-08-28 11:27:32,2024-08-28 14:27:32,3.0,No,No
TKT-09701,Printer,High,Resolved,HR,Suresh Kumar,2023-05-29 11:58:49,2023-05-29 17:58:49,6.0,No,No
TKT-09702,Printer,Low,Resolved,IT,Anjali Mehta,2024-08-13 02:03:14,2024-08-15 08:03:14,54.0,No,No
TKT-09703,Email,High,In Progress,IT,Anjali Mehta,2024-02-01 15:16:48,,,,No
TKT-09704,Software,Medium,Open,Sales,Priya Singh,2023-04-23 22:35:47,,,,Yes
TKT-09705,Access/Login,Low,Resolved,Finance,Vikram Joshi,2024-09-24 02:31:17,2024-09-25 13:31:17,35.0,No,No
TKT-09706,Access/Login,Medium,Closed,Finance,Rohit Verma,2024-02-06 10:44:02,2024-02-07 20:44:02,34.0,No,No
TKT-09707,Software,High,Resolved,IT,Rohit Verma,2024-08-29 14:31:06,2024-08-30 14:31:06,24.0,No,No
TKT-09708,Email,Medium,Closed,IT,Rohit Verma,2023-03-02 20:49:13,2023-03-03 15:49:13,19.0,No,No
TKT-09709,Access/Login,Medium,In Progress,HR,Anjali Mehta,2024-07-09 04:16:57,,,,No
TKT-09710,Software,Medium,Resolved,Finance,Anjali Mehta,2024-03-13 07:31:54,2024-03-15 19:31:54,60.0,Yes,No
TKT-09711,Email,Medium,Resolved,Sales,Vikram Joshi,2023-05-30 13:07:26,2023-05-30 18:07:26,5.0,No,No
TKT-09712,Hardware,Low,Resolved,Sales,Vikram Joshi,2023-11-15 11:12:28,2023-11-19 00:12:28,85.0,Yes,No
TKT-09713,Printer,Low,Resolved,IT,Vikram Joshi,2023-10-07 06:35:26,2023-10-08 19:35:26,37.0,No,Yes
TKT-09714,Access/Login,Low,Resolved,Sales,Amit Sharma,2024-09-30 11:17:41,2024-10-02 15:17:41,52.0,No,No
TKT-09715,Software,Low,Resolved,IT,Amit Sharma,2023-11-02 19:50:55,2023-11-04 01:50:55,30.0,No,No
TKT-09716,Access/Login,Critical,In Progress,Sales,Vikram Joshi,2024-01-18 06:56:25,,,,No
TKT-09717,Software,Critical,Open,Operations,Anjali Mehta,2023-11-20 05:14:29,,,,No
TKT-09718,Access/Login,High,Resolved,Finance,Priya Singh,2023-05-21 16:26:18,2023-05-22 14:26:18,22.0,No,Yes
TKT-09719,Hardware,High,Resolved,HR,Anjali Mehta,2024-10-21 15:08:44,2024-10-22 07:08:44,16.0,No,No
TKT-09720,Hardware,Medium,Resolved,Operations,Rohit Verma,2023-08-23 00:48:33,2023-08-23 23:48:33,23.0,No,No
TKT-09721,Printer,Medium,Closed,Legal,Amit Sharma,2024-02-03 06:51:01,2024-02-05 11:51:01,53.0,Yes,Yes
TKT-09722,Hardware,Medium,Resolved,IT,Rohit Verma,2024-12-26 12:49:37,2024-12-28 05:49:37,41.0,No,No
TKT-09723,Email,Low,Resolved,Legal,Amit Sharma,2024-01-13 20:24:51,2024-01-17 06:24:51,82.0,Yes,Yes
TKT-09724,Network,High,Resolved,Sales,Vikram Joshi,2024-06-01 01:14:13,2024-06-01 14:14:13,13.0,No,Yes
TKT-09725,Printer,Medium,Closed,HR,Anjali Mehta,2024-06-11 16:09:59,2024-06-12 00:09:59,8.0,No,No
TKT-09726,Printer,Low,Resolved,Sales,Anjali Mehta,2024-03-02 02:13:16,2024-03-04 18:13:16,64.0,No,Yes
TKT-09727,Email,Low,Resolved,Sales,Priya Singh,2024-07-28 22:57:11,2024-07-30 19:57:11,45.0,No,Yes
TKT-09728,Access/Login,High,In Progress,HR,Vikram Joshi,2023-08-21 10:50:48,,,,No
TKT-09729,Email,Medium,In Progress,Sales,Anjali Mehta,2023-05-11 09:33:59,,,,No
TKT-09730,Access/Login,Medium,Closed,Legal,Amit Sharma,2024-12-27 05:11:38,2024-12-29 16:11:38,59.0,Yes,No
TKT-09731,Printer,Medium,Resolved,Sales,Neha Gupta,2024-12-05 02:41:59,2024-12-05 12:41:59,10.0,No,No
TKT-09732,Printer,Medium,Resolved,HR,Anjali Mehta,2023-07-28 22:10:48,2023-07-29 20:10:48,22.0,No,No
TKT-09733,Hardware,Medium,Closed,Marketing,Amit Sharma,2024-07-25 04:30:24,2024-07-26 23:30:24,43.0,No,No
TKT-09734,Hardware,Medium,Closed,IT,Priya Singh,2024-10-17 22:58:10,2024-10-20 03:58:10,53.0,Yes,No
TKT-09735,Network,High,Resolved,IT,Amit Sharma,2023-06-26 16:10:20,2023-06-27 08:10:20,16.0,No,No
TKT-09736,Email,Low,Resolved,HR,Anjali Mehta,2024-07-20 19:26:24,2024-07-22 04:26:24,33.0,No,Yes
TKT-09737,Network,High,Closed,Sales,Priya Singh,2023-04-04 12:09:28,2023-04-05 10:09:28,22.0,No,No
TKT-09738,Printer,Critical,Resolved,Legal,Neha Gupta,2023-03-15 10:53:54,2023-03-15 13:53:54,3.0,No,No
TKT-09739,Printer,Low,Closed,Sales,Neha Gupta,2024-12-10 12:19:46,2024-12-13 02:19:46,62.0,No,No
TKT-09740,Email,Low,Resolved,Operations,Rohit Verma,2024-09-05 10:03:12,2024-09-07 10:03:12,48.0,No,No
TKT-09741,Printer,Low,Resolved,HR,Rohit Verma,2023-09-01 04:13:24,2023-09-01 18:13:24,14.0,No,No
TKT-09742,Hardware,High,Resolved,Legal,Vikram Joshi,2024-09-15 14:53:07,2024-09-15 20:53:07,6.0,No,Yes
TKT-09743,Printer,Medium,Open,Marketing,Rohit Verma,2023-03-11 07:24:34,,,,Yes
TKT-09744,Software,High,Closed,IT,Rohit Verma,2024-07-30 15:16:53,2024-07-31 09:16:53,18.0,No,No
TKT-09745,Email,Low,Closed,Operations,Anjali Mehta,2023-06-09 01:44:59,2023-06-11 04:44:59,51.0,No,No
TKT-09746,Network,High,Resolved,Marketing,Anjali Mehta,2024-09-10 01:32:18,2024-09-11 05:32:18,28.0,Yes,No
TKT-09747,Printer,High,Resolved,HR,Vikram Joshi,2024-01-22 08:52:48,2024-01-22 14:52:48,6.0,No,No
TKT-09748,Hardware,Low,Resolved,HR,Rohit Verma,2023-10-24 20:45:28,2023-10-26 15:45:28,43.0,No,No
TKT-09749,Software,Medium,Closed,Finance,Suresh Kumar,2023-09-20 04:31:48,2023-09-21 08:31:48,28.0,No,No
TKT-09750,Network,High,In Progress,Marketing,Anjali Mehta,2023-10-04 10:17:20,,,,No
TKT-09751,Access/Login,Medium,Open,IT,Amit Sharma,2024-09-08 23:46:23,,,,Yes
TKT-09752,Email,Medium,Resolved,Finance,Vikram Joshi,2023-07-06 12:09:15,2023-07-08 08:09:15,44.0,No,No
TKT-09753,Printer,Critical,Closed,Marketing,Amit Sharma,2023-04-17 12:47:56,2023-04-17 22:47:56,10.0,Yes,No
TKT-09754,Access/Login,Low,Closed,Operations,Anjali Mehta,2023-08-10 03:06:45,2023-08-12 06:06:45,51.0,No,No
TKT-09755,Hardware,Low,Resolved,Legal,Amit Sharma,2023-11-11 21:19:08,2023-11-12 08:19:08,11.0,No,Yes
TKT-09756,Access/Login,Low,Closed,Operations,Anjali Mehta,2023-08-04 14:19:27,2023-08-05 18:19:27,28.0,No,No
TKT-09757,Hardware,Medium,In Progress,Operations,Vikram Joshi,2024-08-20 02:19:15,,,,No
TKT-09758,Access/Login,High,Resolved,HR,Rohit Verma,2023-05-24 20:52:14,2023-05-26 02:52:14,30.0,Yes,No
TKT-09759,Access/Login,Low,Closed,Operations,Anjali Mehta,2023-12-29 07:11:54,2023-12-31 05:11:54,46.0,No,No
TKT-09760,Access/Login,High,Closed,HR,Anjali Mehta,2024-03-29 17:45:18,2024-03-30 05:45:18,12.0,No,No
TKT-09761,Email,High,Closed,Marketing,Vikram Joshi,2024-07-07 23:26:26,2024-07-08 11:26:26,12.0,No,Yes
TKT-09762,Email,High,In Progress,HR,Suresh Kumar,2024-03-16 18:56:00,,,,Yes
TKT-09763,Network,Medium,Open,Legal,Priya Singh,2024-01-03 00:23:27,,,,No
TKT-09764,Software,High,Resolved,HR,Amit Sharma,2024-04-10 00:29:05,2024-04-10 13:29:05,13.0,No,No
TKT-09765,Hardware,Medium,Open,Finance,Priya Singh,2024-09-30 17:34:40,,,,No
TKT-09766,Access/Login,Medium,Resolved,Marketing,Suresh Kumar,2024-10-19 12:18:32,2024-10-21 04:18:32,40.0,No,Yes
TKT-09767,Access/Login,High,Resolved,Sales,Amit Sharma,2024-07-26 00:49:12,2024-07-26 03:49:12,3.0,No,No
TKT-09768,Printer,Critical,Resolved,Marketing,Priya Singh,2023-01-28 21:43:43,2023-01-29 04:43:43,7.0,Yes,Yes
TKT-09769,Access/Login,Low,Resolved,Operations,Rohit Verma,2023-04-03 03:02:00,2023-04-05 09:02:00,54.0,No,No
TKT-09770,Hardware,Critical,Resolved,Sales,Vikram Joshi,2024-03-10 08:27:20,2024-03-10 10:27:20,2.0,No,Yes
TKT-09771,Printer,Low,Resolved,Marketing,Rohit Verma,2023-05-18 18:23:20,2023-05-21 19:23:20,73.0,Yes,No
TKT-09772,Email,Low,Resolved,Marketing,Vikram Joshi,2023-12-06 21:03:11,2023-12-08 22:03:11,49.0,No,No
TKT-09773,Software,Medium,Resolved,Sales,Amit Sharma,2023-10-16 19:16:48,2023-10-17 13:16:48,18.0,No,No
TKT-09774,Network,Low,Closed,Marketing,Priya Singh,2023-05-07 01:33:00,2023-05-10 03:33:00,74.0,Yes,Yes
TKT-09775,Access/Login,Critical,Closed,Finance,Rohit Verma,2023-04-04 00:32:04,2023-04-04 06:32:04,6.0,Yes,No
TKT-09776,Software,Medium,Resolved,HR,Anjali Mehta,2023-05-28 13:13:43,2023-05-29 16:13:43,27.0,No,Yes
TKT-09777,Network,Low,Resolved,HR,Rohit Verma,2024-07-03 18:53:28,2024-07-05 17:53:28,47.0,No,No
TKT-09778,Email,Medium,Resolved,Operations,Priya Singh,2023-08-17 02:13:04,2023-08-19 13:13:04,59.0,Yes,No
TKT-09779,Software,Medium,Resolved,Legal,Vikram Joshi,2024-10-04 12:17:05,2024-10-06 08:17:05,44.0,No,No
TKT-09780,Hardware,Medium,Closed,Marketing,Priya Singh,2023-12-28 00:33:13,2023-12-30 12:33:13,60.0,Yes,No
TKT-09781,Hardware,Medium,Resolved,Sales,Anjali Mehta,2023-02-19 05:23:19,2023-02-20 13:23:19,32.0,No,Yes
TKT-09782,Hardware,High,Closed,Finance,Vikram Joshi,2023-08-29 12:20:04,2023-08-30 00:20:04,12.0,No,No
TKT-09783,Hardware,High,Closed,Operations,Anjali Mehta,2023-04-21 19:34:06,2023-04-22 10:34:06,15.0,No,No
TKT-09784,Software,Medium,Closed,IT,Amit Sharma,2024-12-15 05:00:47,2024-12-15 22:00:47,17.0,No,Yes
TKT-09785,Email,Medium,Resolved,HR,Amit Sharma,2023-11-05 17:23:20,2023-11-07 14:23:20,45.0,No,Yes
TKT-09786,Email,Medium,Closed,Legal,Neha Gupta,2023-08-02 14:56:48,2023-08-03 16:56:48,26.0,No,No
TKT-09787,Hardware,Low,Resolved,Legal,Neha Gupta,2023-03-25 18:24:41,2023-03-28 01:24:41,55.0,No,Yes
TKT-09788,Network,Medium,Resolved,Marketing,Neha Gupta,2024-02-11 22:12:34,2024-02-13 17:12:34,43.0,No,Yes
TKT-09789,Software,Low,Resolved,Operations,Vikram Joshi,2023-05-03 02:21:14,2023-05-05 10:21:14,56.0,No,No
TKT-09790,Software,Low,Resolved,Operations,Amit Sharma,2023-01-30 22:32:05,2023-02-01 22:32:05,48.0,No,No
TKT-09791,Email,Critical,Resolved,Legal,Rohit Verma,2024-09-23 22:41:36,2024-09-24 06:41:36,8.0,Yes,No
TKT-09792,Printer,Low,Resolved,IT,Rohit Verma,2023-06-16 13:27:48,2023-06-17 22:27:48,33.0,No,No
TKT-09793,Email,Low,Resolved,HR,Suresh Kumar,2024-08-18 21:39:19,2024-08-20 06:39:19,33.0,No,Yes
TKT-09794,Network,Low,Closed,Sales,Anjali Mehta,2024-12-02 13:55:05,2024-12-05 17:55:05,76.0,Yes,No
TKT-09795,Printer,High,Closed,Finance,Priya Singh,2024-08-19 10:07:39,2024-08-19 22:07:39,12.0,No,No
TKT-09796,Email,Low,Resolved,Operations,Anjali Mehta,2023-11-10 09:40:05,2023-11-11 10:40:05,25.0,No,No
TKT-09797,Hardware,High,Closed,Marketing,Vikram Joshi,2023-08-29 20:14:54,2023-08-30 16:14:54,20.0,No,No
TKT-09798,Email,Critical,Closed,Operations,Anjali Mehta,2023-04-03 14:37:42,2023-04-03 22:37:42,8.0,Yes,No
TKT-09799,Software,Low,Resolved,HR,Suresh Kumar,2023-12-24 13:57:55,2023-12-26 08:57:55,43.0,No,Yes
TKT-09800,Network,Low,Resolved,HR,Rohit Verma,2024-07-03 11:49:07,2024-07-05 05:49:07,42.0,No,No
TKT-09801,Printer,Low,Resolved,Legal,Neha Gupta,2023-10-23 00:34:22,2023-10-25 00:34:22,48.0,No,No
TKT-09802,Software,Medium,Resolved,Sales,Vikram Joshi,2024-03-18 04:34:25,2024-03-20 16:34:25,60.0,Yes,No
TKT-09803,Email,Medium,Resolved,IT,Neha Gupta,2024-07-17 23:50:23,2024-07-19 19:50:23,44.0,No,No
TKT-09804,Software,High,Resolved,Legal,Rohit Verma,2024-08-30 23:58:47,2024-08-31 16:58:47,17.0,No,No
TKT-09805,Printer,Low,Resolved,Marketing,Neha Gupta,2023-11-12 00:37:13,2023-11-14 18:37:13,66.0,No,Yes
TKT-09806,Email,Low,Closed,HR,Rohit Verma,2023-09-26 16:06:25,2023-09-28 23:06:25,55.0,No,No
TKT-09807,Software,Medium,Resolved,Finance,Suresh Kumar,2024-06-05 18:22:30,2024-06-06 21:22:30,27.0,No,No
TKT-09808,Email,Medium,Closed,HR,Anjali Mehta,2024-02-14 09:03:39,2024-02-16 02:03:39,41.0,No,No
TKT-09809,Software,Critical,Resolved,Marketing,Rohit Verma,2023-10-19 20:27:05,2023-10-20 06:27:05,10.0,Yes,No
TKT-09810,Network,High,In Progress,Sales,Priya Singh,2024-08-15 20:00:05,,,,No
TKT-09811,Hardware,High,Closed,HR,Priya Singh,2023-07-12 06:24:29,2023-07-13 01:24:29,19.0,No,No
TKT-09812,Software,High,In Progress,Finance,Amit Sharma,2023-01-16 07:51:21,,,,No
TKT-09813,Access/Login,Low,In Progress,Legal,Vikram Joshi,2023-03-13 17:01:57,,,,No
TKT-09814,Printer,Low,Closed,Marketing,Suresh Kumar,2023-12-30 03:03:00,2024-01-02 07:03:00,76.0,Yes,Yes
TKT-09815,Software,Critical,Resolved,Sales,Vikram Joshi,2024-04-12 08:25:30,2024-04-12 10:25:30,2.0,No,No
TKT-09816,Hardware,Critical,In Progress,Sales,Vikram Joshi,2024-12-16 06:53:18,,,,No
TKT-09817,Access/Login,Low,Resolved,Sales,Suresh Kumar,2024-07-13 21:48:53,2024-07-15 20:48:53,47.0,No,Yes
TKT-09818,Email,High,Resolved,IT,Neha Gupta,2024-10-04 00:24:55,2024-10-04 18:24:55,18.0,No,No
TKT-09819,Network,High,Closed,IT,Priya Singh,2023-03-05 22:25:45,2023-03-07 00:25:45,26.0,Yes,Yes
TKT-09820,Email,Critical,Resolved,Legal,Neha Gupta,2024-04-11 08:01:15,2024-04-11 18:01:15,10.0,Yes,No
TKT-09821,Printer,Medium,In Progress,Marketing,Suresh Kumar,2023-08-04 15:54:59,,,,No
TKT-09822,Email,Medium,Resolved,IT,Priya Singh,2024-02-13 18:21:22,2024-02-14 22:21:22,28.0,No,No
TKT-09823,Hardware,Medium,Closed,Operations,Anjali Mehta,2023-06-25 20:36:17,2023-06-28 08:36:17,60.0,Yes,Yes
TKT-09824,Software,Medium,Resolved,Finance,Priya Singh,2024-09-01 11:26:10,2024-09-01 18:26:10,7.0,No,Yes
TKT-09825,Printer,Medium,Resolved,Finance,Rohit Verma,2023-11-07 04:53:32,2023-11-08 16:53:32,36.0,No,No
TKT-09826,Software,High,Resolved,Operations,Rohit Verma,2024-12-05 17:39:47,2024-12-06 06:39:47,13.0,No,No
TKT-09827,Email,Low,Resolved,Finance,Anjali Mehta,2024-04-01 00:01:05,2024-04-03 01:01:05,49.0,No,No
TKT-09828,Email,Low,Resolved,Operations,Rohit Verma,2023-09-18 10:25:48,2023-09-21 12:25:48,74.0,Yes,No
TKT-09829,Software,Low,In Progress,Finance,Suresh Kumar,2023-04-30 13:10:08,,,,Yes
TKT-09830,Access/Login,Medium,Resolved,Finance,Vikram Joshi,2023-07-01 14:14:24,2023-07-03 11:14:24,45.0,No,Yes
TKT-09831,Access/Login,Medium,Resolved,IT,Vikram Joshi,2023-12-31 12:17:26,2024-01-02 04:17:26,40.0,No,Yes
TKT-09832,Software,Medium,Open,Marketing,Suresh Kumar,2023-07-26 20:38:35,,,,No
TKT-09833,Printer,Medium,Resolved,Finance,Priya Singh,2024-09-06 21:47:33,2024-09-08 08:47:33,35.0,No,No
TKT-09834,Software,Low,Closed,Operations,Anjali Mehta,2023-08-17 02:43:08,2023-08-19 23:43:08,69.0,No,No
TKT-09835,Network,Low,Resolved,Finance,Suresh Kumar,2024-04-11 09:33:23,2024-04-13 18:33:23,57.0,No,No
TKT-09836,Network,Medium,Resolved,Legal,Neha Gupta,2024-02-22 22:43:55,2024-02-24 07:43:55,33.0,No,No
TKT-09837,Network,Medium,Closed,HR,Suresh Kumar,2023-11-22 14:18:00,2023-11-23 09:18:00,19.0,No,No
TKT-09838,Printer,Low,Closed,Operations,Suresh Kumar,2024-02-01 16:07:34,2024-02-02 09:07:34,17.0,No,No
TKT-09839,Software,Low,Closed,Sales,Rohit Verma,2024-01-29 10:04:38,2024-02-01 15:04:38,77.0,Yes,No
TKT-09840,Access/Login,High,In Progress,Sales,Priya Singh,2023-01-01 04:53:35,,,,Yes
TKT-09841,Email,Critical,Closed,Legal,Rohit Verma,2024-02-02 10:44:28,2024-02-02 11:44:28,1.0,No,No
TKT-09842,Hardware,High,Resolved,Operations,Suresh Kumar,2024-05-31 04:46:20,2024-06-01 05:46:20,25.0,Yes,No
TKT-09843,Access/Login,Low,Resolved,Operations,Neha Gupta,2024-08-14 12:32:40,2024-08-15 05:32:40,17.0,No,No
TKT-09844,Software,High,Resolved,Marketing,Rohit Verma,2023-03-28 12:43:20,2023-03-28 20:43:20,8.0,No,No
TKT-09845,Software,Low,Closed,Operations,Priya Singh,2023-11-12 04:16:38,2023-11-15 07:16:38,75.0,Yes,Yes
TKT-09846,Printer,High,Resolved,Sales,Priya Singh,2024-08-10 06:26:21,2024-08-10 08:26:21,2.0,No,Yes
TKT-09847,Email,Medium,Closed,Finance,Priya Singh,2023-08-06 11:53:09,2023-08-07 00:53:09,13.0,No,Yes
TKT-09848,Printer,Medium,In Progress,IT,Anjali Mehta,2024-02-15 15:31:14,,,,No
TKT-09849,Printer,Medium,Closed,IT,Amit Sharma,2024-10-05 01:43:51,2024-10-07 09:43:51,56.0,Yes,Yes
TKT-09850,Hardware,Medium,Resolved,Operations,Anjali Mehta,2024-09-17 18:09:41,2024-09-18 03:09:41,9.0,No,No
TKT-09851,Hardware,Medium,Open,Sales,Priya Singh,2024-08-27 23:52:26,,,,No
TKT-09852,Hardware,Medium,Resolved,Legal,Suresh Kumar,2023-10-16 21:04:08,2023-10-19 01:04:08,52.0,Yes,No
TKT-09853,Access/Login,Low,Open,HR,Anjali Mehta,2024-03-10 23:11:39,,,,Yes
TKT-09854,Software,Medium,Open,Sales,Suresh Kumar,2023-01-08 08:49:56,,,,Yes
TKT-09855,Network,Critical,Open,Operations,Suresh Kumar,2024-08-29 06:44:57,,,,No
TKT-09856,Hardware,Medium,Resolved,HR,Rohit Verma,2023-07-20 22:28:19,2023-07-21 09:28:19,11.0,No,No
TKT-09857,Email,Critical,Open,IT,Vikram Joshi,2024-08-04 05:27:13,,,,Yes
TKT-09858,Email,High,Closed,HR,Neha Gupta,2023-08-02 20:33:10,2023-08-03 16:33:10,20.0,No,No
TKT-09859,Hardware,Low,Resolved,Legal,Anjali Mehta,2023-08-30 21:22:28,2023-09-01 22:22:28,49.0,No,No
TKT-09860,Printer,Medium,Closed,HR,Anjali Mehta,2024-09-05 10:33:27,2024-09-06 13:33:27,27.0,No,No
TKT-09861,Hardware,Medium,Resolved,Finance,Suresh Kumar,2023-01-09 08:18:37,2023-01-11 05:18:37,45.0,No,No
TKT-09862,Network,Medium,Resolved,HR,Rohit Verma,2024-02-26 07:35:31,2024-02-28 05:35:31,46.0,No,No
TKT-09863,Email,Low,Closed,Legal,Anjali Mehta,2024-11-08 12:08:10,2024-11-09 17:08:10,29.0,No,No
TKT-09864,Software,Low,Closed,Legal,Priya Singh,2024-11-12 05:23:34,2024-11-15 23:23:34,90.0,Yes,No
TKT-09865,Network,Low,Closed,Legal,Anjali Mehta,2024-06-04 00:32:46,2024-06-06 13:32:46,61.0,No,No
TKT-09866,Printer,High,Closed,Operations,Anjali Mehta,2024-09-25 23:25:54,2024-09-26 23:25:54,24.0,No,No
TKT-09867,Software,Low,Open,Marketing,Neha Gupta,2024-09-23 22:51:19,,,,No
TKT-09868,Email,High,Closed,Marketing,Vikram Joshi,2023-06-18 21:56:52,2023-06-19 06:56:52,9.0,No,Yes
TKT-09869,Hardware,Low,Resolved,Finance,Anjali Mehta,2023-03-17 16:40:44,2023-03-18 14:40:44,22.0,No,No
TKT-09870,Email,High,Open,HR,Priya Singh,2023-08-03 05:39:13,,,,No
TKT-09871,Access/Login,High,Closed,HR,Priya Singh,2024-04-06 10:10:18,2024-04-06 19:10:18,9.0,No,Yes
TKT-09872,Software,Low,In Progress,Sales,Priya Singh,2023-09-11 16:46:04,,,,No
TKT-09873,Printer,Medium,Closed,Marketing,Neha Gupta,2024-06-05 18:21:05,2024-06-06 06:21:05,12.0,No,No
TKT-09874,Hardware,High,In Progress,IT,Neha Gupta,2024-06-30 22:07:41,,,,Yes
TKT-09875,Access/Login,High,Resolved,Finance,Amit Sharma,2023-08-12 23:15:01,2023-08-13 14:15:01,15.0,No,Yes
TKT-09876,Network,Low,Resolved,Sales,Priya Singh,2023-04-24 04:31:48,2023-04-25 00:31:48,20.0,No,No
TKT-09877,Hardware,High,Open,HR,Anjali Mehta,2024-09-27 05:11:43,,,,No
TKT-09878,Email,Low,Resolved,Operations,Rohit Verma,2023-05-05 15:50:14,2023-05-06 09:50:14,18.0,No,No
TKT-09879,Network,Medium,Resolved,Operations,Rohit Verma,2023-10-14 23:09:00,2023-10-16 01:09:00,26.0,No,Yes
TKT-09880,Hardware,Medium,Resolved,Operations,Anjali Mehta,2024-08-03 08:22:05,2024-08-05 03:22:05,43.0,No,Yes
TKT-09881,Software,High,Resolved,Finance,Priya Singh,2024-03-06 02:57:47,2024-03-06 16:57:47,14.0,No,No
TKT-09882,Access/Login,High,Closed,Operations,Vikram Joshi,2023-12-28 02:55:50,2023-12-29 07:55:50,29.0,Yes,No
TKT-09883,Software,Medium,Closed,IT,Amit Sharma,2024-07-06 20:27:42,2024-07-07 13:27:42,17.0,No,Yes
TKT-09884,Email,Medium,Resolved,Finance,Amit Sharma,2023-02-03 02:19:05,2023-02-04 06:19:05,28.0,No,No
TKT-09885,Software,Low,Closed,Finance,Vikram Joshi,2024-07-01 01:53:50,2024-07-01 11:53:50,10.0,No,No
TKT-09886,Hardware,Low,Closed,IT,Amit Sharma,2024-02-12 08:03:42,2024-02-15 17:03:42,81.0,Yes,No
TKT-09887,Hardware,Low,In Progress,Legal,Amit Sharma,2023-02-06 15:46:41,,,,No
TKT-09888,Email,Medium,Closed,IT,Anjali Mehta,2024-08-02 02:02:34,2024-08-02 10:02:34,8.0,No,No
TKT-09889,Printer,Medium,In Progress,IT,Rohit Verma,2024-04-20 12:13:19,,,,Yes
TKT-09890,Access/Login,Medium,Resolved,Sales,Suresh Kumar,2024-01-29 22:00:39,2024-01-30 09:00:39,11.0,No,No
TKT-09891,Printer,Medium,Resolved,Legal,Rohit Verma,2023-11-23 04:03:48,2023-11-24 00:03:48,20.0,No,No
TKT-09892,Access/Login,Medium,Resolved,Sales,Neha Gupta,2023-03-11 19:56:02,2023-03-13 07:56:02,36.0,No,Yes
TKT-09893,Access/Login,Low,Resolved,Sales,Suresh Kumar,2023-02-11 06:18:27,2023-02-14 17:18:27,83.0,Yes,Yes
TKT-09894,Software,Low,Closed,Legal,Neha Gupta,2024-10-07 21:51:07,2024-10-11 10:51:07,85.0,Yes,No
TKT-09895,Email,Critical,Resolved,Operations,Suresh Kumar,2023-04-20 00:33:09,2023-04-20 10:33:09,10.0,Yes,No
TKT-09896,Email,Low,In Progress,Marketing,Priya Singh,2023-02-07 23:43:59,,,,No
TKT-09897,Hardware,Medium,Resolved,HR,Vikram Joshi,2023-05-27 06:37:21,2023-05-28 19:37:21,37.0,No,Yes
TKT-09898,Hardware,Low,In Progress,Finance,Amit Sharma,2024-04-06 02:03:24,,,,Yes
TKT-09899,Hardware,Low,Closed,Legal,Suresh Kumar,2023-02-24 02:27:40,2023-02-26 20:27:40,66.0,No,No
TKT-09900,Printer,Medium,Resolved,IT,Amit Sharma,2024-12-30 02:11:17,2025-01-01 01:11:17,47.0,No,No
TKT-09901,Email,Critical,In Progress,Operations,Suresh Kumar,2024-01-25 02:45:06,,,,No
TKT-09902,Access/Login,High,Resolved,HR,Priya Singh,2024-10-15 10:32:44,2024-10-16 00:32:44,14.0,No,No
TKT-09903,Access/Login,High,Open,HR,Suresh Kumar,2024-08-22 09:19:32,,,,No
TKT-09904,Network,Low,Resolved,Legal,Rohit Verma,2023-01-19 03:53:51,2023-01-20 18:53:51,39.0,No,No
TKT-09905,Printer,Medium,Closed,Marketing,Priya Singh,2023-02-15 20:09:34,2023-02-17 02:09:34,30.0,No,No
TKT-09906,Printer,Medium,Resolved,Marketing,Suresh Kumar,2024-08-17 00:09:09,2024-08-18 11:09:09,35.0,No,Yes
TKT-09907,Network,High,Closed,Finance,Anjali Mehta,2024-08-31 00:46:55,2024-08-31 22:46:55,22.0,No,Yes
TKT-09908,Hardware,Medium,In Progress,Legal,Rohit Verma,2024-05-08 09:27:08,,,,No
TKT-09909,Hardware,High,Open,Marketing,Rohit Verma,2023-08-31 01:38:03,,,,No
TKT-09910,Email,High,Closed,Operations,Suresh Kumar,2024-08-21 10:45:12,2024-08-21 19:45:12,9.0,No,No
TKT-09911,Printer,High,Resolved,Operations,Priya Singh,2023-12-17 23:58:10,2023-12-18 18:58:10,19.0,No,Yes
TKT-09912,Access/Login,Medium,Closed,Finance,Vikram Joshi,2023-02-09 16:10:02,2023-02-10 14:10:02,22.0,No,No
TKT-09913,Printer,Low,Resolved,Finance,Anjali Mehta,2024-12-13 19:11:37,2024-12-14 05:11:37,10.0,No,No
TKT-09914,Printer,Medium,Resolved,IT,Priya Singh,2023-07-06 06:48:31,2023-07-07 12:48:31,30.0,No,No
TKT-09915,Access/Login,Medium,Closed,Finance,Neha Gupta,2024-03-30 02:57:43,2024-03-30 23:57:43,21.0,No,Yes
TKT-09916,Access/Login,Critical,Open,Operations,Vikram Joshi,2023-03-29 12:54:37,,,,No
TKT-09917,Hardware,Medium,Resolved,Finance,Suresh Kumar,2024-07-18 00:30:18,2024-07-19 03:30:18,27.0,No,No
TKT-09918,Printer,Medium,Open,Sales,Anjali Mehta,2024-06-04 01:52:22,,,,No
TKT-09919,Access/Login,High,Closed,HR,Priya Singh,2023-10-12 08:31:45,2023-10-13 13:31:45,29.0,Yes,No
TKT-09920,Access/Login,High,Closed,Sales,Priya Singh,2024-08-14 20:50:13,2024-08-15 19:50:13,23.0,No,No
TKT-09921,Hardware,Medium,Closed,Finance,Anjali Mehta,2024-07-09 05:04:05,2024-07-09 23:04:05,18.0,No,No
TKT-09922,Software,High,Resolved,HR,Neha Gupta,2023-02-20 07:02:33,2023-02-21 07:02:33,24.0,No,No
TKT-09923,Software,Medium,Closed,Finance,Rohit Verma,2023-01-22 16:58:48,2023-01-23 09:58:48,17.0,No,Yes
TKT-09924,Network,Medium,In Progress,Finance,Anjali Mehta,2023-11-19 21:45:34,,,,Yes
TKT-09925,Hardware,High,Resolved,IT,Priya Singh,2023-02-17 21:46:36,2023-02-18 01:46:36,4.0,No,No
TKT-09926,Email,Medium,Open,Legal,Priya Singh,2023-03-21 02:18:55,,,,No
TKT-09927,Network,Low,Closed,Legal,Neha Gupta,2024-11-11 04:12:46,2024-11-11 23:12:46,19.0,No,No
TKT-09928,Network,Low,Resolved,Operations,Rohit Verma,2023-11-10 14:20:51,2023-11-11 07:20:51,17.0,No,No
TKT-09929,Email,Medium,Resolved,Legal,Suresh Kumar,2024-01-04 20:04:11,2024-01-06 13:04:11,41.0,No,No
TKT-09930,Email,Medium,Resolved,Finance,Anjali Mehta,2024-08-05 11:27:58,2024-08-06 12:27:58,25.0,No,No
TKT-09931,Network,Low,Resolved,Finance,Priya Singh,2023-12-12 08:18:57,2023-12-14 01:18:57,41.0,No,No
TKT-09932,Printer,Medium,Open,Marketing,Suresh Kumar,2023-09-26 02:48:13,,,,No
TKT-09933,Email,Low,In Progress,Finance,Neha Gupta,2024-07-19 03:21:02,,,,No
TKT-09934,Network,High,Resolved,Legal,Suresh Kumar,2024-03-26 07:53:52,2024-03-27 05:53:52,22.0,No,No
TKT-09935,Email,Medium,Resolved,Marketing,Suresh Kumar,2023-02-11 13:50:54,2023-02-12 12:50:54,23.0,No,Yes
TKT-09936,Hardware,Medium,Closed,HR,Rohit Verma,2024-02-03 18:45:15,2024-02-05 01:45:15,31.0,No,Yes
TKT-09937,Access/Login,Medium,Open,Finance,Neha Gupta,2023-01-22 20:48:15,,,,Yes
TKT-09938,Software,Medium,Resolved,Sales,Vikram Joshi,2023-11-20 05:52:32,2023-11-21 16:52:32,35.0,No,No
TKT-09939,Software,Medium,Closed,Sales,Anjali Mehta,2024-11-02 12:41:28,2024-11-04 08:41:28,44.0,No,Yes
TKT-09940,Software,Medium,In Progress,Sales,Neha Gupta,2024-08-19 12:20:25,,,,No
TKT-09941,Access/Login,High,Closed,Finance,Suresh Kumar,2024-04-08 21:27:14,2024-04-09 23:27:14,26.0,Yes,No
TKT-09942,Hardware,Low,Open,Finance,Neha Gupta,2023-07-23 23:27:04,,,,Yes
TKT-09943,Email,Low,Open,Marketing,Neha Gupta,2023-05-13 14:57:19,,,,Yes
TKT-09944,Network,Medium,Open,Marketing,Neha Gupta,2024-11-14 00:18:03,,,,No
TKT-09945,Hardware,High,Resolved,HR,Priya Singh,2023-01-10 02:06:30,2023-01-11 06:06:30,28.0,Yes,No
TKT-09946,Network,Medium,Closed,HR,Suresh Kumar,2024-09-06 05:12:54,2024-09-07 01:12:54,20.0,No,No
TKT-09947,Software,Low,Resolved,Marketing,Suresh Kumar,2024-06-08 09:50:11,2024-06-11 12:50:11,75.0,Yes,Yes
TKT-09948,Email,Medium,Open,IT,Amit Sharma,2023-10-20 00:41:35,,,,No
TKT-09949,Printer,High,Resolved,IT,Priya Singh,2023-04-03 09:05:23,2023-04-04 00:05:23,15.0,No,No
TKT-09950,Network,High,In Progress,Marketing,Rohit Verma,2023-03-06 21:56:07,,,,No
TKT-09951,Printer,Medium,In Progress,Marketing,Amit Sharma,2024-04-28 07:22:42,,,,Yes
TKT-09952,Printer,High,Resolved,Finance,Rohit Verma,2023-03-27 01:44:36,2023-03-27 12:44:36,11.0,No,No
TKT-09953,Software,High,Closed,Legal,Priya Singh,2024-08-14 11:51:32,2024-08-15 06:51:32,19.0,No,No
TKT-09954,Hardware,Medium,Closed,Legal,Vikram Joshi,2023-12-01 20:39:17,2023-12-02 18:39:17,22.0,No,No
TKT-09955,Network,Low,Resolved,Marketing,Amit Sharma,2023-12-09 16:46:10,2023-12-12 14:46:10,70.0,No,Yes
TKT-09956,Access/Login,High,Open,Legal,Rohit Verma,2023-12-01 03:39:34,,,,No
TKT-09957,Access/Login,Low,Closed,Operations,Suresh Kumar,2024-03-30 06:45:07,2024-03-31 02:45:07,20.0,No,Yes
TKT-09958,Hardware,Medium,In Progress,IT,Amit Sharma,2023-10-11 02:05:57,,,,No
TKT-09959,Access/Login,Low,Open,Marketing,Priya Singh,2024-01-12 02:10:10,,,,No
TKT-09960,Access/Login,Low,In Progress,HR,Neha Gupta,2024-02-26 14:44:58,,,,No
TKT-09961,Software,Medium,Resolved,IT,Suresh Kumar,2023-04-11 18:23:06,2023-04-12 00:23:06,6.0,No,No
TKT-09962,Software,Low,In Progress,HR,Priya Singh,2023-11-17 19:05:35,,,,No
TKT-09963,Software,Medium,Resolved,Legal,Amit Sharma,2024-02-19 03:23:05,2024-02-21 01:23:05,46.0,No,No
TKT-09964,Access/Login,Medium,Resolved,Sales,Rohit Verma,2024-04-12 09:09:03,2024-04-12 15:09:03,6.0,No,No
TKT-09965,Access/Login,Medium,Resolved,Operations,Rohit Verma,2024-09-25 17:01:33,2024-09-26 03:01:33,10.0,No,No
TKT-09966,Software,Low,Closed,Operations,Amit Sharma,2023-04-10 05:53:34,2023-04-11 05:53:34,24.0,No,No
TKT-09967,Network,Medium,Resolved,HR,Neha Gupta,2024-03-08 10:31:35,2024-03-10 15:31:35,53.0,Yes,No
TKT-09968,Hardware,Low,In Progress,HR,Amit Sharma,2023-06-08 22:12:44,,,,No
TKT-09969,Network,Medium,Resolved,HR,Rohit Verma,2023-08-23 17:00:14,2023-08-26 03:00:14,58.0,Yes,No
TKT-09970,Software,Low,Resolved,Legal,Amit Sharma,2023-10-20 13:02:22,2023-10-22 08:02:22,43.0,No,No
TKT-09971,Email,Critical,Resolved,HR,Priya Singh,2023-05-02 18:19:59,2023-05-02 23:19:59,5.0,Yes,No
TKT-09972,Network,Low,Closed,Finance,Anjali Mehta,2023-07-19 09:09:11,2023-07-20 01:09:11,16.0,No,No
TKT-09973,Network,High,Closed,Marketing,Vikram Joshi,2023-11-04 03:31:37,2023-11-04 09:31:37,6.0,No,Yes
TKT-09974,Email,Low,Resolved,Sales,Rohit Verma,2024-12-17 09:49:00,2024-12-19 19:49:00,58.0,No,No
TKT-09975,Hardware,Low,Resolved,Finance,Amit Sharma,2023-06-13 19:02:51,2023-06-17 05:02:51,82.0,Yes,No
TKT-09976,Email,Low,Resolved,HR,Anjali Mehta,2024-03-11 18:05:14,2024-03-14 16:05:14,70.0,No,No
TKT-09977,Software,Low,Closed,Finance,Neha Gupta,2024-02-08 07:14:59,2024-02-11 19:14:59,84.0,Yes,No
TKT-09978,Software,Low,Resolved,Operations,Rohit Verma,2024-08-21 11:34:19,2024-08-24 15:34:19,76.0,Yes,No
TKT-09979,Software,Medium,Closed,HR,Neha Gupta,2024-08-28 16:02:22,2024-08-29 00:02:22,8.0,No,No
TKT-09980,Access/Login,Medium,Resolved,Sales,Amit Sharma,2024-07-19 03:42:04,2024-07-21 01:42:04,46.0,No,No
TKT-09981,Printer,High,Open,Operations,Amit Sharma,2023-11-04 16:05:57,,,,Yes
TKT-09982,Access/Login,Medium,Resolved,Operations,Anjali Mehta,2024-10-31 13:26:17,2024-11-02 05:26:17,40.0,No,No
TKT-09983,Software,Low,Resolved,HR,Vikram Joshi,2023-07-17 15:17:54,2023-07-20 20:17:54,77.0,Yes,No
TKT-09984,Access/Login,High,Closed,IT,Neha Gupta,2023-05-10 12:44:13,2023-05-11 00:44:13,12.0,No,No
TKT-09985,Network,High,Closed,Operations,Suresh Kumar,2024-09-26 14:50:00,2024-09-26 22:50:00,8.0,No,No
TKT-09986,Software,Low,Closed,Finance,Amit Sharma,2024-02-07 18:57:59,2024-02-09 19:57:59,49.0,No,No
TKT-09987,Hardware,Medium,Resolved,Finance,Suresh Kumar,2024-05-01 17:32:10,2024-05-01 23:32:10,6.0,No,No
TKT-09988,Access/Login,Low,Open,Operations,Neha Gupta,2023-01-24 15:11:51,,,,No
TKT-09989,Software,Low,Resolved,Legal,Neha Gupta,2023-01-16 17:16:36,2023-01-18 08:16:36,39.0,No,No
TKT-09990,Email,High,Resolved,Legal,Suresh Kumar,2023-06-12 14:08:48,2023-06-13 03:08:48,13.0,No,No
TKT-09991,Software,Medium,Resolved,Sales,Neha Gupta,2023-08-03 12:44:44,2023-08-04 06:44:44,18.0,No,No
TKT-09992,Printer,Medium,Resolved,Sales,Vikram Joshi,2024-07-08 10:16:32,2024-07-09 13:16:32,27.0,No,No
TKT-09993,Email,Low,Resolved,Sales,Anjali Mehta,2023-07-15 20:41:03,2023-07-17 14:41:03,42.0,No,Yes
TKT-09994,Hardware,Critical,Resolved,Legal,Rohit Verma,2023-03-19 16:37:57,2023-03-20 02:37:57,10.0,Yes,Yes
TKT-09995,Access/Login,Medium,Closed,HR,Priya Singh,2023-11-22 10:44:54,2023-11-23 02:44:54,16.0,No,No
TKT-09996,Software,Medium,Resolved,Marketing,Amit Sharma,2023-02-07 22:17:07,2023-02-08 12:17:07,14.0,No,No
TKT-09997,Email,Medium,Closed,Marketing,Neha Gupta,2024-01-30 19:34:31,2024-02-01 19:34:31,48.0,No,No
TKT-09998,Hardware,Low,Resolved,HR,Neha Gupta,2024-02-29 14:28:55,2024-03-01 14:28:55,24.0,No,No
TKT-09999,Network,Low,Resolved,Legal,Neha Gupta,2023-05-13 03:08:41,2023-05-16 15:08:41,84.0,Yes,Yes
TKT-10000,Access/Login,Medium,Resolved,Finance,Priya Singh,2023-07-24 14:15:13,2023-07-26 06:15:13,40.0,No,No
